-- MySQL dump 10.13  Distrib 5.7.31, for Linux (x86_64)
--
-- Host: localhost    Database: gopal-ji-56
-- ------------------------------------------------------
-- Server version	5.7.31-0ubuntu0.18.04.1

/*!40101 SET @OLD_CHARACTER_SET_CLIENT=@@CHARACTER_SET_CLIENT */;
/*!40101 SET @OLD_CHARACTER_SET_RESULTS=@@CHARACTER_SET_RESULTS */;
/*!40101 SET @OLD_COLLATION_CONNECTION=@@COLLATION_CONNECTION */;
/*!40101 SET NAMES utf8 */;
/*!40103 SET @OLD_TIME_ZONE=@@TIME_ZONE */;
/*!40103 SET TIME_ZONE='+00:00' */;
/*!40014 SET @OLD_UNIQUE_CHECKS=@@UNIQUE_CHECKS, UNIQUE_CHECKS=0 */;
/*!40014 SET @OLD_FOREIGN_KEY_CHECKS=@@FOREIGN_KEY_CHECKS, FOREIGN_KEY_CHECKS=0 */;
/*!40101 SET @OLD_SQL_MODE=@@SQL_MODE, SQL_MODE='NO_AUTO_VALUE_ON_ZERO' */;
/*!40111 SET @OLD_SQL_NOTES=@@SQL_NOTES, SQL_NOTES=0 */;

--
-- Current Database: `gopal-ji-56`
--

CREATE DATABASE /*!32312 IF NOT EXISTS*/ `gopal-ji-56` /*!40100 DEFAULT CHARACTER SET latin1 */;

USE `gopal-ji-56`;

--
-- Table structure for table `recipe_item`
--

DROP TABLE IF EXISTS `recipe_item`;
/*!40101 SET @saved_cs_client     = @@character_set_client */;
/*!40101 SET character_set_client = utf8 */;
CREATE TABLE `recipe_item` (
  `id` int(11) NOT NULL AUTO_INCREMENT,
  `item_name` varchar(255) NOT NULL,
  `item_qty` float(15,2) NOT NULL,
  `recipe_id` int(11) NOT NULL,
  `uom` varchar(255) NOT NULL,
  `note` varchar(255) NOT NULL,
  PRIMARY KEY (`id`)
) ENGINE=InnoDB AUTO_INCREMENT=4 DEFAULT CHARSET=latin1;
/*!40101 SET character_set_client = @saved_cs_client */;

--
-- Dumping data for table `recipe_item`
--

LOCK TABLES `recipe_item` WRITE;
/*!40000 ALTER TABLE `recipe_item` DISABLE KEYS */;
INSERT INTO `recipe_item` VALUES (1,'White Butter',6.00,1,'gram',''),(2,'White Butter',6.00,3,'gram',''),(3,'White Butter',6.00,4,'gram','');
/*!40000 ALTER TABLE `recipe_item` ENABLE KEYS */;
UNLOCK TABLES;

--
-- Table structure for table `t1`
--

DROP TABLE IF EXISTS `t1`;
/*!40101 SET @saved_cs_client     = @@character_set_client */;
/*!40101 SET character_set_client = utf8 */;
CREATE TABLE `t1` (
  `id` int(11) NOT NULL AUTO_INCREMENT,
  `location_id` int(11) NOT NULL,
  `Date` timestamp NOT NULL DEFAULT CURRENT_TIMESTAMP ON UPDATE CURRENT_TIMESTAMP,
  `created_by` varchar(255) NOT NULL,
  `modified_by` varchar(255) NOT NULL,
  `modification_time` datetime NOT NULL,
  `deleted` int(11) NOT NULL,
  `extra` int(11) NOT NULL,
  `item_name` varchar(255) NOT NULL,
  `item_uom` varchar(255) NOT NULL,
  `item_category` varchar(255) NOT NULL,
  `powerlevel` varchar(255) NOT NULL,
  `current_price` int(11) NOT NULL,
  `item_price` int(11) NOT NULL,
  `current_aval_stock` int(11) NOT NULL,
  `closing_stock` int(11) NOT NULL,
  `item_sub_uom` varchar(255) NOT NULL,
  PRIMARY KEY (`id`)
) ENGINE=InnoDB AUTO_INCREMENT=70 DEFAULT CHARSET=latin1;
/*!40101 SET character_set_client = @saved_cs_client */;

--
-- Dumping data for table `t1`
--

LOCK TABLES `t1` WRITE;
/*!40000 ALTER TABLE `t1` DISABLE KEYS */;
INSERT INTO `t1` VALUES (38,16,'2020-07-16 16:25:06','XXX','','0000-00-00 00:00:00',0,0,'Dhaap','KG','Dairy','0',247,0,0,55,'GRAMS'),(40,16,'2020-07-16 16:25:10','XXX','','0000-00-00 00:00:00',0,0,'Khoya','KG','Dairy','0',245,0,0,778,'GRAMS'),(68,16,'2020-07-17 17:00:41','XXX','','0000-00-00 00:00:00',0,0,'Dhaap','KG','Dairy','0',247,0,55,0,'GRAMS'),(69,16,'2020-07-17 17:00:41','XXX','','0000-00-00 00:00:00',0,0,'Khoya','KG','Dairy','0',245,0,778,0,'GRAMS');
/*!40000 ALTER TABLE `t1` ENABLE KEYS */;
UNLOCK TABLES;

--
-- Table structure for table `tbl_category`
--

DROP TABLE IF EXISTS `tbl_category`;
/*!40101 SET @saved_cs_client     = @@character_set_client */;
/*!40101 SET character_set_client = utf8 */;
CREATE TABLE `tbl_category` (
  `id` int(11) NOT NULL AUTO_INCREMENT,
  `category_name` text NOT NULL,
  `category_desc` text NOT NULL,
  `deleted` text NOT NULL,
  `created_by` text NOT NULL,
  `creation_time` timestamp NOT NULL DEFAULT CURRENT_TIMESTAMP ON UPDATE CURRENT_TIMESTAMP,
  `modified_by` text NOT NULL,
  `modification_time` timestamp NOT NULL DEFAULT '0000-00-00 00:00:00',
  PRIMARY KEY (`id`)
) ENGINE=InnoDB AUTO_INCREMENT=13 DEFAULT CHARSET=latin1;
/*!40101 SET character_set_client = @saved_cs_client */;

--
-- Dumping data for table `tbl_category`
--

LOCK TABLES `tbl_category` WRITE;
/*!40000 ALTER TABLE `tbl_category` DISABLE KEYS */;
INSERT INTO `tbl_category` VALUES (5,'Diary','Diary','N','asdf','2020-07-09 18:28:20','','0000-00-00 00:00:00'),(6,'Dry Fruit','Dry Fruit','N','asdf','2020-07-09 18:28:32','','0000-00-00 00:00:00'),(7,'General Store','General Store','N','asdf','2020-07-09 18:28:45','','0000-00-00 00:00:00'),(8,'Grains & Mills','Grains & Mills','N','asdf','2020-07-09 18:29:21','','0000-00-00 00:00:00'),(9,'Oil & fuel','Oil & fuel','N','asdf','2020-07-09 18:29:36','','0000-00-00 00:00:00'),(10,'Spice','Spice','N','asdf','2020-07-09 18:29:50','','0000-00-00 00:00:00'),(11,'Rice & Pulses','Rice & Pulses','N','asdf','2020-07-09 18:30:06','','0000-00-00 00:00:00'),(12,'Stationary','Stationary','N','asdf','2020-07-09 18:30:20','','0000-00-00 00:00:00');
/*!40000 ALTER TABLE `tbl_category` ENABLE KEYS */;
UNLOCK TABLES;

--
-- Table structure for table `tbl_item`
--

DROP TABLE IF EXISTS `tbl_item`;
/*!40101 SET @saved_cs_client     = @@character_set_client */;
/*!40101 SET character_set_client = utf8 */;
CREATE TABLE `tbl_item` (
  `id` int(11) NOT NULL AUTO_INCREMENT,
  `item_name` text NOT NULL,
  `item_uom` text NOT NULL,
  `item_sub_uom` text NOT NULL,
  `item_price` int(11) NOT NULL,
  `item_category` text NOT NULL,
  `deleted` text NOT NULL,
  `created_by` text NOT NULL,
  `modified_by` text NOT NULL,
  `creation_time` timestamp NOT NULL DEFAULT CURRENT_TIMESTAMP ON UPDATE CURRENT_TIMESTAMP,
  `modification_time` timestamp NOT NULL DEFAULT '0000-00-00 00:00:00',
  `extra` text NOT NULL,
  PRIMARY KEY (`id`)
) ENGINE=InnoDB AUTO_INCREMENT=14 DEFAULT CHARSET=latin1;
/*!40101 SET character_set_client = @saved_cs_client */;

--
-- Dumping data for table `tbl_item`
--

LOCK TABLES `tbl_item` WRITE;
/*!40000 ALTER TABLE `tbl_item` DISABLE KEYS */;
INSERT INTO `tbl_item` VALUES (2,'Amul Butter','kg','gram',12,'Diary','N','asdf','','2020-07-12 12:17:21','0000-00-00 00:00:00',''),(3,'Amul Cheese','kg','PKT',260,'Diary','N','asdf','','2020-07-12 12:16:45','0000-00-00 00:00:00',''),(4,'White Butter','gram','kg',299,'Diary','N','asdf','','2020-07-12 12:16:36','0000-00-00 00:00:00',''),(5,'Fresh Cream','kg','kg',360,'Diary','N','asdf','','2020-07-12 12:17:16','0000-00-00 00:00:00',''),(6,'Almond','kg','kg',440,'Dry Fruit','N','asdf','','2020-07-12 12:16:49','0000-00-00 00:00:00',''),(7,'Black Currant','kg','kg',379,'Dry Fruit','N','asdf','','2020-07-12 12:17:00','0000-00-00 00:00:00',''),(8,'Chirongi','kg','kg',435,'Dry Fruit','N','asdf','','2020-07-12 12:16:52','0000-00-00 00:00:00',''),(9,'Chuara','kg','kg',458,'Dry Fruit','N','asdf','','2020-07-12 12:16:56','0000-00-00 00:00:00',''),(10,'Alphonso Mango Pulp','kg','kg',100,'General Store','N','asdf','','2020-07-12 12:17:03','0000-00-00 00:00:00',''),(11,'Apple Green Color','kg','PKT',120,'General Store','N','asdf','','2020-07-12 12:17:06','0000-00-00 00:00:00',''),(12,'Sugar Bura','gram','gram',150,'Grains & Mills','N','asdf','','2020-07-12 12:17:11','0000-00-00 00:00:00',''),(13,'potato','kg','gram',0,'General Store','N','asdf','','2020-07-12 16:43:30','0000-00-00 00:00:00','');
/*!40000 ALTER TABLE `tbl_item` ENABLE KEYS */;
UNLOCK TABLES;

--
-- Table structure for table `tbl_location`
--

DROP TABLE IF EXISTS `tbl_location`;
/*!40101 SET @saved_cs_client     = @@character_set_client */;
/*!40101 SET character_set_client = utf8 */;
CREATE TABLE `tbl_location` (
  `id` int(11) NOT NULL AUTO_INCREMENT,
  `location_name` text NOT NULL,
  `location_admin_userid` int(11) NOT NULL,
  `location_address` text NOT NULL,
  `deleted` text NOT NULL,
  `creation_time` timestamp NOT NULL DEFAULT CURRENT_TIMESTAMP ON UPDATE CURRENT_TIMESTAMP,
  `modified_by` text NOT NULL,
  `modification_time` timestamp NOT NULL DEFAULT '0000-00-00 00:00:00',
  `created_by` text NOT NULL,
  PRIMARY KEY (`id`)
) ENGINE=InnoDB AUTO_INCREMENT=19 DEFAULT CHARSET=latin1;
/*!40101 SET character_set_client = @saved_cs_client */;

--
-- Dumping data for table `tbl_location`
--

LOCK TABLES `tbl_location` WRITE;
/*!40000 ALTER TABLE `tbl_location` DISABLE KEYS */;
INSERT INTO `tbl_location` VALUES (15,'gopal ji 56',3,'kalka ji, delhi','N','2020-07-14 16:51:17','','0000-00-00 00:00:00','XXX'),(16,'MAIN STORE',3,'KALKA JI','N','2020-07-16 11:29:03','','0000-00-00 00:00:00','XXX'),(17,'Rishikesh',3,'Rishkesh','N','2020-07-18 13:07:07','','0000-00-00 00:00:00','XXX'),(18,'Rishikesh',3,'Rishkesh','N','2020-08-01 13:37:55','','0000-00-00 00:00:00','XXX');
/*!40000 ALTER TABLE `tbl_location` ENABLE KEYS */;
UNLOCK TABLES;

--
-- Table structure for table `tbl_master_uom`
--

DROP TABLE IF EXISTS `tbl_master_uom`;
/*!40101 SET @saved_cs_client     = @@character_set_client */;
/*!40101 SET character_set_client = utf8 */;
CREATE TABLE `tbl_master_uom` (
  `uom` text NOT NULL,
  `description` text NOT NULL,
  `created_by` text NOT NULL,
  `creation_time` timestamp NOT NULL DEFAULT CURRENT_TIMESTAMP ON UPDATE CURRENT_TIMESTAMP,
  `modified_by` text NOT NULL,
  `modification_time` timestamp NOT NULL DEFAULT CURRENT_TIMESTAMP,
  `deleted` text NOT NULL,
  `id` int(11) NOT NULL AUTO_INCREMENT,
  PRIMARY KEY (`id`)
) ENGINE=InnoDB AUTO_INCREMENT=35 DEFAULT CHARSET=latin1;
/*!40101 SET character_set_client = @saved_cs_client */;

--
-- Dumping data for table `tbl_master_uom`
--

LOCK TABLES `tbl_master_uom` WRITE;
/*!40000 ALTER TABLE `tbl_master_uom` DISABLE KEYS */;
INSERT INTO `tbl_master_uom` VALUES ('kg','kilo gram','','2020-06-21 15:52:40','','2020-06-21 15:52:21','N',1),('gram','gram','asdf','2020-06-22 19:20:15','','2020-06-22 19:20:15','N',17),('matki','matki','asdf','2020-07-02 08:51:29','','2020-07-02 08:51:29','N',30),('PKT','PKT','asdf','2020-07-09 18:26:37','','2020-07-09 18:26:37','N',31),('Litre','Litre','asdf','2020-07-09 18:26:53','','2020-07-09 18:26:53','N',32),('pcs','pcs','asdf','2020-07-09 18:27:02','','2020-07-09 18:27:02','N',33),('PIECE','PIECE','asdf','2020-07-09 18:27:16','','2020-07-09 18:27:16','N',34);
/*!40000 ALTER TABLE `tbl_master_uom` ENABLE KEYS */;
UNLOCK TABLES;

--
-- Table structure for table `tbl_outlet`
--

DROP TABLE IF EXISTS `tbl_outlet`;
/*!40101 SET @saved_cs_client     = @@character_set_client */;
/*!40101 SET character_set_client = utf8 */;
CREATE TABLE `tbl_outlet` (
  `id` int(11) NOT NULL AUTO_INCREMENT,
  `outlet_name` text NOT NULL,
  `outlet_address` text NOT NULL,
  `outlet_admin_user_id` int(11) NOT NULL,
  `deleted` text NOT NULL,
  `creation_time` timestamp NOT NULL DEFAULT CURRENT_TIMESTAMP ON UPDATE CURRENT_TIMESTAMP,
  `created_by` text NOT NULL,
  `modification_time` timestamp NOT NULL DEFAULT '0000-00-00 00:00:00',
  `modified_by` text NOT NULL,
  `disabled` text NOT NULL,
  PRIMARY KEY (`id`)
) ENGINE=InnoDB DEFAULT CHARSET=latin1;
/*!40101 SET character_set_client = @saved_cs_client */;

--
-- Dumping data for table `tbl_outlet`
--

LOCK TABLES `tbl_outlet` WRITE;
/*!40000 ALTER TABLE `tbl_outlet` DISABLE KEYS */;
/*!40000 ALTER TABLE `tbl_outlet` ENABLE KEYS */;
UNLOCK TABLES;

--
-- Table structure for table `tbl_outlet_stockdb`
--

DROP TABLE IF EXISTS `tbl_outlet_stockdb`;
/*!40101 SET @saved_cs_client     = @@character_set_client */;
/*!40101 SET character_set_client = utf8 */;
CREATE TABLE `tbl_outlet_stockdb` (
  `stock_id` int(11) NOT NULL AUTO_INCREMENT,
  `stock_name` text NOT NULL,
  `stock_category` text NOT NULL,
  `opening_stock` int(11) NOT NULL,
  `closing_stock` int(11) NOT NULL,
  `stock_uom` text NOT NULL,
  `stock_sub_uom` text NOT NULL,
  `date` timestamp NOT NULL DEFAULT CURRENT_TIMESTAMP ON UPDATE CURRENT_TIMESTAMP,
  `par_level` int(11) NOT NULL,
  `price` int(11) NOT NULL,
  `created_by` text NOT NULL,
  `modified_by` text NOT NULL,
  `modification_time` timestamp NOT NULL DEFAULT '0000-00-00 00:00:00',
  `creation_time` timestamp NOT NULL DEFAULT '0000-00-00 00:00:00',
  PRIMARY KEY (`stock_id`)
) ENGINE=InnoDB DEFAULT CHARSET=latin1;
/*!40101 SET character_set_client = @saved_cs_client */;

--
-- Dumping data for table `tbl_outlet_stockdb`
--

LOCK TABLES `tbl_outlet_stockdb` WRITE;
/*!40000 ALTER TABLE `tbl_outlet_stockdb` DISABLE KEYS */;
/*!40000 ALTER TABLE `tbl_outlet_stockdb` ENABLE KEYS */;
UNLOCK TABLES;

--
-- Table structure for table `tbl_recipe`
--

DROP TABLE IF EXISTS `tbl_recipe`;
/*!40101 SET @saved_cs_client     = @@character_set_client */;
/*!40101 SET character_set_client = utf8 */;
CREATE TABLE `tbl_recipe` (
  `recipe_id` int(11) NOT NULL AUTO_INCREMENT,
  `recipe_name` varchar(255) NOT NULL,
  `recipe_category` varchar(255) NOT NULL,
  `procedures` varchar(255) NOT NULL,
  `note` varchar(255) NOT NULL,
  `extra` varchar(255) NOT NULL,
  `disabled` varchar(255) NOT NULL DEFAULT 'N',
  `deleted` varchar(255) NOT NULL,
  `created_by` varchar(255) NOT NULL,
  `created_time` timestamp NOT NULL DEFAULT CURRENT_TIMESTAMP ON UPDATE CURRENT_TIMESTAMP,
  `modified_by` varchar(255) NOT NULL,
  `modification_time` datetime NOT NULL,
  `uom` varchar(255) NOT NULL,
  `qty` float(15,2) NOT NULL,
  PRIMARY KEY (`recipe_id`)
) ENGINE=InnoDB AUTO_INCREMENT=5 DEFAULT CHARSET=latin1;
/*!40101 SET character_set_client = @saved_cs_client */;

--
-- Dumping data for table `tbl_recipe`
--

LOCK TABLES `tbl_recipe` WRITE;
/*!40000 ALTER TABLE `tbl_recipe` DISABLE KEYS */;
INSERT INTO `tbl_recipe` VALUES (1,'recipe_name11','1111','recipe_name11','note','extra','N','','xxxx','2020-07-18 12:57:09','','0000-00-00 00:00:00','KG',2.50),(2,'recipe_name11','1111','recipe_name11','note','extra','N','','xxxx','2020-07-18 12:57:49','','0000-00-00 00:00:00','KG',2.50),(3,'recipe_name11','1111','recipe_name11','note','extra','N','','xxxx','2020-07-18 14:03:09','','0000-00-00 00:00:00','KG',2.50),(4,'recipe_name11','1111','recipe_name11','note','extra','N','','xxxx','2020-07-18 14:03:22','','0000-00-00 00:00:00','KG',2.50);
/*!40000 ALTER TABLE `tbl_recipe` ENABLE KEYS */;
UNLOCK TABLES;

--
-- Table structure for table `tbl_stockdb`
--

DROP TABLE IF EXISTS `tbl_stockdb`;
/*!40101 SET @saved_cs_client     = @@character_set_client */;
/*!40101 SET character_set_client = utf8 */;
CREATE TABLE `tbl_stockdb` (
  `id` int(11) NOT NULL AUTO_INCREMENT,
  `location_id` int(11) NOT NULL,
  `Date` timestamp NOT NULL DEFAULT CURRENT_TIMESTAMP ON UPDATE CURRENT_TIMESTAMP,
  `created_by` varchar(255) NOT NULL,
  `modified_by` varchar(255) NOT NULL,
  `modification_time` datetime NOT NULL,
  `deleted` int(11) NOT NULL,
  `extra` varchar(255) DEFAULT NULL,
  `item_name` varchar(255) NOT NULL,
  `item_uom` varchar(255) NOT NULL,
  `item_category` varchar(255) NOT NULL,
  `powerlevel` varchar(255) NOT NULL,
  `current_price` float(15,2) NOT NULL,
  `item_price` float(15,2) NOT NULL,
  `current_aval_stock` float(15,2) NOT NULL,
  `closing_stock` float(15,2) NOT NULL,
  `item_sub_uom` varchar(255) NOT NULL,
  `variance` float(15,2) NOT NULL,
  `total_issued` float(15,2) NOT NULL,
  `stock_out_tran_id` varchar(255) DEFAULT NULL,
  `purchase_order` float(15,2) NOT NULL,
  `variance_reason` varchar(255) NOT NULL,
  `stock_in` float(15,2) NOT NULL,
  `stock_in_trans_id` varchar(500) DEFAULT NULL,
  `opening_stock` float(15,2) NOT NULL,
  PRIMARY KEY (`id`)
) ENGINE=InnoDB AUTO_INCREMENT=434 DEFAULT CHARSET=latin1;
/*!40101 SET character_set_client = @saved_cs_client */;

--
-- Dumping data for table `tbl_stockdb`
--

LOCK TABLES `tbl_stockdb` WRITE;
/*!40000 ALTER TABLE `tbl_stockdb` DISABLE KEYS */;
INSERT INTO `tbl_stockdb` VALUES (22,15,'2020-08-01 15:38:20','XXX','','0000-00-00 00:00:00',0,NULL,'Amul Butter','kg','Diary','5',5.00,12.00,0.00,1.00,'gram',-1.00,0.00,'',4.00,'',0.00,'142',0.00),(23,15,'2020-08-01 15:38:20','XXX','','0000-00-00 00:00:00',0,NULL,'Amul Cheese','kg','Diary','8',5.00,260.00,0.00,1.00,'PKT',-1.00,0.00,'',0.00,'0',0.00,'199',0.00),(25,16,'2020-07-26 13:31:08','XXX','','0000-00-00 00:00:00',0,NULL,'Amul Butter ','KG','Dairy','0.2',409.00,0.00,0.00,6.00,'GRAMS',-6.00,0.00,'',0.20,'',0.00,'0.00',0.00),(26,16,'2020-07-26 13:31:08','XXX','','0000-00-00 00:00:00',0,NULL,'Amul Cheese','KG','Dairy','0',420.00,0.00,0.00,6.00,'GRAMS',-6.00,0.00,'',0.00,'',0.00,'0.00',0.00),(27,16,'2020-07-26 13:31:08','XXX','','0000-00-00 00:00:00',0,NULL,'White Butter','KG','Dairy','0',409.00,0.00,0.00,6.00,'GRAMS',-6.00,0.00,'',0.00,'',0.00,'0.00',0.00),(28,16,'2020-07-26 13:31:08','XXX','','0000-00-00 00:00:00',0,NULL,'Fresh Cream','KG','Dairy','0',220.00,0.00,0.00,6.00,'GRAMS',-6.00,0.00,'',0.00,'',0.00,'0.00',0.00),(29,16,'2020-07-26 13:31:08','XXX','','0000-00-00 00:00:00',0,NULL,'Amul Cream','KG','Dairy','0',232.00,0.00,0.00,6.00,'GRAMS',-6.00,0.00,'',0.00,'',0.00,'0.00',0.00),(30,16,'2020-07-26 13:31:08','XXX','','0000-00-00 00:00:00',0,NULL,'Pav bread','PKT','Dairy','10',28.00,0.00,0.00,6.00,'PKT',-6.00,0.00,'',10.00,'',0.00,'0.00',0.00),(31,16,'2020-07-26 13:31:08','XXX','','0000-00-00 00:00:00',0,NULL,'Bread Jumbo','PKT','Dairy','0',140.00,0.00,0.00,6.00,'PKT',-6.00,0.00,'',0.00,'',0.00,'0.00',0.00),(32,16,'2020-07-26 13:31:08','XXX','','0000-00-00 00:00:00',0,NULL,'Bread','PKT','Dairy','0',40.00,0.00,0.00,6.00,'PKT',-6.00,0.00,'',0.00,'',0.00,'0.00',0.00),(33,16,'2020-07-26 13:31:08','XXX','','0000-00-00 00:00:00',0,NULL,'Amul Milk','KG','Dairy','30',52.00,0.00,0.00,6.00,'GRAMS',-6.00,0.00,'',30.00,'',0.00,'0.00',0.00),(34,16,'2020-07-26 13:31:08','XXX','','0000-00-00 00:00:00',0,NULL,'mang','KG','Dairy','0',64.00,0.00,0.00,6.00,'GRAMS',-6.00,0.00,'',0.00,'',0.00,'0.00',0.00),(35,16,'2020-07-26 13:31:08','XXX','','0000-00-00 00:00:00',0,NULL,'COW MILK','KG','Dairy','0',40.00,0.00,0.00,0.00,'GRAMS',0.00,0.00,'',0.00,'',0.00,'0.00',0.00),(36,16,'2020-07-26 13:31:08','XXX','','0000-00-00 00:00:00',0,NULL,'Chenna','KG','Dairy','0',240.00,0.00,0.00,6.00,'GRAMS',-6.00,0.00,'',0.00,'',0.00,'0.00',0.00),(37,16,'2020-07-26 13:31:08','XXX','','0000-00-00 00:00:00',0,NULL,'Curd','KG','Dairy','10',65.00,0.00,0.00,66.00,'GRAMS',-66.00,0.00,'',10.00,'',0.00,'0.00',0.00),(38,16,'2020-07-26 13:31:08','XXX','','0000-00-00 00:00:00',0,NULL,'Dhaap','KG','Dairy','0',247.00,0.00,0.00,6.00,'GRAMS',-6.00,0.00,'',0.00,'',0.00,'0.00',0.00),(39,16,'2020-07-26 13:31:08','XXX','','0000-00-00 00:00:00',0,NULL,'Dhaap Danedar','KG','Dairy','0',242.00,0.00,0.00,6.00,'GRAMS',-6.00,0.00,'',0.00,'',0.00,'0.00',0.00),(40,16,'2020-07-26 13:31:08','XXX','','0000-00-00 00:00:00',0,NULL,'Khoya','KG','Dairy','0',245.00,0.00,0.00,6.00,'GRAMS',-6.00,0.00,'',0.00,'',0.00,'0.00',0.00),(41,16,'2020-07-26 13:31:08','XXX','','0000-00-00 00:00:00',0,NULL,'Milk Powder','KG','Dairy','0',342.00,0.00,0.00,6.00,'GRAMS',-6.00,0.00,'',0.00,'',0.00,'0.00',0.00),(42,16,'2020-07-26 13:31:08','XXX','','0000-00-00 00:00:00',0,NULL,'Paneer','KG','Dairy','3',252.00,0.00,0.00,6.00,'GRAMS',-6.00,0.00,'',3.00,'',0.00,'0.00',0.00),(45,16,'2020-07-26 13:31:08','XXX','','0000-00-00 00:00:00',0,NULL,'Beetroot','KG','Vegetable','0',50.00,0.00,0.00,6.00,'GRAMS',-6.00,0.00,'',0.00,'',0.00,'0.00',0.00),(46,16,'2020-07-26 13:31:08','XXX','','0000-00-00 00:00:00',0,NULL,'Banana fruit','PIECE','Vegetable','0',5.00,0.00,0.00,6.00,'PIECE',-6.00,0.00,'',0.00,'',0.00,'0.00',0.00),(47,16,'2020-07-26 13:31:08','XXX','','0000-00-00 00:00:00',0,NULL,'Banana Raw','KG','Vegetable','0',40.00,0.00,0.00,6.00,'GRAMS',-6.00,0.00,'',0.00,'',0.00,'0.00',0.00),(48,16,'2020-07-26 13:31:08','XXX','','0000-00-00 00:00:00',0,NULL,'Bhindi','kg','Vegetable','0',50.00,0.00,0.00,6.00,'GRAMS',-6.00,0.00,'',0.00,'',0.00,'0.00',0.00),(49,16,'2020-07-26 13:31:08','XXX','','0000-00-00 00:00:00',0,NULL,'Brinjal','KG','Vegetable','0',34.00,0.00,0.00,6.00,'GRAMS',-6.00,0.00,'',0.00,'',0.00,'0.00',0.00),(50,16,'2020-07-26 13:31:08','XXX','','0000-00-00 00:00:00',0,NULL,'Cheeku Fruit','KG','Vegetable','0.6',90.00,0.00,0.00,6.00,'GRAMS',-6.00,0.00,'',0.60,'',0.00,'0.00',0.00),(51,16,'2020-07-26 13:31:08','XXX','','0000-00-00 00:00:00',0,NULL,'Coconut Raw','PIECE','Vegetable','0',40.00,0.00,0.00,6.00,'PIECE',-6.00,0.00,'',0.00,'',0.00,'0.00',0.00),(52,16,'2020-07-26 13:31:08','XXX','','0000-00-00 00:00:00',0,NULL,'Cabbage','KG','Vegetable','3',20.00,0.00,0.00,6.00,'GRAMS',-6.00,0.00,'',3.00,'',0.00,'0.00',0.00),(53,16,'2020-07-26 13:31:08','XXX','','0000-00-00 00:00:00',0,NULL,'Yellow Capsicum','KG','Vegetable','0',200.00,0.00,0.00,6.00,'GRAMS',-6.00,0.00,'',0.00,'',0.00,'0.00',0.00),(54,16,'2020-07-26 13:31:08','XXX','','0000-00-00 00:00:00',0,NULL,'Red Capsicum','KG','Vegetable','0',200.00,0.00,0.00,6.00,'GRAMS',-6.00,0.00,'',0.00,'',0.00,'0.00',0.00),(55,16,'2020-07-26 13:31:08','XXX','','0000-00-00 00:00:00',0,NULL,'Lettuse','KG','Vegetable','0',133.00,0.00,0.00,6.00,'GRAMS',-6.00,0.00,'',0.00,'',0.00,'0.00',0.00),(56,16,'2020-07-26 13:31:08','XXX','','0000-00-00 00:00:00',0,NULL,'Capsicum','KG','Vegetable','3',50.00,0.00,0.00,6.00,'GRAMS',-6.00,0.00,'',3.00,'',0.00,'0.00',0.00),(57,16,'2020-07-26 13:31:08','XXX','','0000-00-00 00:00:00',0,NULL,'Carrot Local ','KG','Vegetable','0.5',26.00,0.00,0.00,6.00,'GRAMS',-6.00,0.00,'',0.50,'',0.00,'0.00',0.00),(58,16,'2020-07-26 13:31:08','XXX','','0000-00-00 00:00:00',0,NULL,'Cucumber','KG','Vegetable','0',100.00,0.00,0.00,6.00,'GRAMS',-6.00,0.00,'',0.00,'',0.00,'0.00',0.00),(59,16,'2020-07-26 13:31:08','XXX','','0000-00-00 00:00:00',0,NULL,'Cauliflower','KG','Vegetable','1',40.00,0.00,0.00,6.00,'GRAMS',-6.00,0.00,'',1.00,'',0.00,'0.00',0.00),(60,16,'2020-07-26 13:31:08','XXX','','0000-00-00 00:00:00',0,NULL,'Chilli big','KG','Vegetable','3',60.00,0.00,0.00,6.00,'GRAMS',-6.00,0.00,'',3.00,'',0.00,'0.00',0.00),(61,16,'2020-07-26 13:31:08','XXX','','0000-00-00 00:00:00',0,NULL,'Chilli Small','KG','Vegetable','1',40.00,0.00,0.00,6.00,'GRAMS',-6.00,0.00,'',1.00,'',0.00,'0.00',0.00),(62,16,'2020-07-26 13:31:08','XXX','','0000-00-00 00:00:00',0,NULL,'Coriander','KG','Vegetable','1',60.00,0.00,0.00,6.00,'GRAMS',-6.00,0.00,'',1.00,'',0.00,'0.00',0.00),(63,16,'2020-07-26 13:31:08','XXX','','0000-00-00 00:00:00',0,NULL,'Garlic','KG','Vegetable','0.5',120.00,0.00,0.00,6.00,'GRAMS',-6.00,0.00,'',0.50,'',0.00,'0.00',0.00),(64,16,'2020-07-26 13:31:08','XXX','','0000-00-00 00:00:00',0,NULL,'Ginger','KG','Vegetable','1',60.00,0.00,0.00,6.00,'GRAMS',-6.00,0.00,'',1.00,'',0.00,'0.00',0.00),(65,16,'2020-07-26 13:31:08','XXX','','0000-00-00 00:00:00',0,NULL,'Green Matar','KG','Vegetable','0.5',135.00,0.00,0.00,6.00,'GRAMS',-6.00,0.00,'',0.50,'',0.00,'0.00',0.00),(66,16,'2020-07-26 13:31:08','XXX','','0000-00-00 00:00:00',0,NULL,'Sarson Saag','KG','Vegetable','0',30.00,0.00,0.00,6.00,'GRAMS',-6.00,0.00,'',0.00,'',0.00,'0.00',0.00),(67,16,'2020-07-26 13:31:08','XXX','','0000-00-00 00:00:00',0,NULL,'Green Methi Saag','KG','Vegetable','0',30.00,0.00,0.00,6.00,'GRAMS',-6.00,0.00,'',0.00,'',0.00,'0.00',0.00),(68,16,'2020-07-26 13:31:08','XXX','','0000-00-00 00:00:00',0,NULL,'Mango Raw','KG','Vegetable','3',40.00,0.00,0.00,6.00,'GRAMS',-6.00,0.00,'',3.00,'',0.00,'0.00',0.00),(69,16,'2020-07-26 13:31:08','XXX','','0000-00-00 00:00:00',0,NULL,'Mint','KG','Vegetable','0',55.00,0.00,0.00,6.00,'GRAMS',-6.00,0.00,'',0.00,'',0.00,'0.00',0.00),(70,16,'2020-07-26 13:31:08','XXX','','0000-00-00 00:00:00',0,NULL,'Spinch','KG','Vegetable','0',20.00,0.00,0.00,6.00,'GRAMS',-6.00,0.00,'',0.00,'',0.00,'0.00',0.00),(71,16,'2020-07-26 13:31:08','XXX','','0000-00-00 00:00:00',0,NULL,'Kathal','KG','Vegetable','0',50.00,0.00,0.00,6.00,'GRAMS',-6.00,0.00,'',0.00,'',0.00,'0.00',0.00),(72,16,'2020-07-26 13:31:08','XXX','','0000-00-00 00:00:00',0,NULL,'Karela','KG','Vegetable','0',70.00,0.00,0.00,6.00,'GRAMS',-6.00,0.00,'',0.00,'',0.00,'0.00',0.00),(73,16,'2020-07-26 13:31:08','XXX','','0000-00-00 00:00:00',0,NULL,'Lemon ','KG','Vegetable','0.25',100.00,0.00,0.00,6.00,'GRAMS',-6.00,0.00,'',0.25,'',0.00,'0.00',0.00),(74,16,'2020-07-26 13:31:08','XXX','','0000-00-00 00:00:00',0,NULL,'Spring Onion','KG','Vegetable','0',120.00,0.00,0.00,6.00,'GRAMS',-6.00,0.00,'',0.00,'',0.00,'0.00',0.00),(75,16,'2020-07-26 13:31:08','XXX','','0000-00-00 00:00:00',0,NULL,'Orange Fruit','KG','Vegetable','0',50.00,0.00,0.00,0.00,'GRAMS',0.00,0.00,'',0.00,'',0.00,'0.00',0.00),(76,16,'2020-07-26 13:31:08','XXX','','0000-00-00 00:00:00',0,NULL,'Onion','KG','Vegetable','15',30.00,0.00,0.00,6.00,'GRAMS',-6.00,0.00,'',15.00,'',0.00,'0.00',0.00),(77,16,'2020-07-26 13:31:08','XXX','','0000-00-00 00:00:00',0,NULL,'Loki','KG','Vegetable','0',30.00,0.00,0.00,6.00,'GRAMS',-6.00,0.00,'',0.00,'',0.00,'0.00',0.00),(78,16,'2020-07-26 13:31:08','XXX','','0000-00-00 00:00:00',0,NULL,'Bathua','KG','Vegetable','0',30.00,0.00,0.00,6.00,'GRAMS',-6.00,0.00,'',0.00,'',0.00,'0.00',0.00),(79,16,'2020-07-26 13:31:08','XXX','','0000-00-00 00:00:00',0,NULL,'Potato ','KG','Vegetable','50',18.00,0.00,0.00,6.00,'GRAMS',-6.00,0.00,'',50.00,'',0.00,'0.00',0.00),(80,16,'2020-07-26 13:31:08','XXX','','0000-00-00 00:00:00',0,NULL,'Raddish','KG','Vegetable','0',16.00,0.00,0.00,6.00,'GRAMS',-6.00,0.00,'',0.00,'',0.00,'0.00',0.00),(81,16,'2020-07-26 13:31:08','XXX','','0000-00-00 00:00:00',0,NULL,'Sitaphal','KG','Vegetable','0',20.00,0.00,0.00,6.00,'GRAMS',-6.00,0.00,'',0.00,'',0.00,'0.00',0.00),(82,16,'2020-07-26 13:31:08','XXX','','0000-00-00 00:00:00',0,NULL,'Tomato ','KG','Vegetable','10',25.00,0.00,0.00,6.00,'GRAMS',-6.00,0.00,'',10.00,'',0.00,'0.00',0.00),(83,16,'2020-07-26 13:31:08','XXX','','0000-00-00 00:00:00',0,NULL,'Almond','KG','Dry Fruit','0',690.00,0.00,0.00,0.00,'690',0.00,0.00,'',0.00,'',0.00,'0.00',0.00),(84,16,'2020-07-26 13:31:08','XXX','','0000-00-00 00:00:00',0,NULL,'Black Currant','KG','Dry Fruit','0',550.00,0.00,0.00,0.00,'550',0.00,0.00,'',0.00,'',0.00,'0.00',0.00),(85,16,'2020-07-26 13:31:08','XXX','','0000-00-00 00:00:00',0,NULL,'Chirongi','KG','Dry Fruit','0.05',1020.00,0.00,0.00,0.00,'1020',0.00,0.00,'',0.05,'',0.00,'0.00',0.00),(86,16,'2020-07-26 13:31:08','XXX','','0000-00-00 00:00:00',0,NULL,'Chuara','KG','Dry Fruit','0.007',280.00,0.00,0.00,0.00,'280',0.00,0.00,'',0.01,'',0.00,'0.00',0.00),(87,16,'2020-07-26 13:31:08','XXX','','0000-00-00 00:00:00',0,NULL,'Kaju 2 Pcs','KG','Dry Fruit','0',694.00,0.00,0.00,0.00,'694',0.00,0.00,'',0.00,'',0.00,'0.00',0.00),(88,16,'2020-07-26 13:31:08','XXX','','0000-00-00 00:00:00',0,NULL,'Kaju 4 Pcs','KG','Dry Fruit','0',610.00,0.00,0.00,0.00,'610',0.00,0.00,'',0.00,'',0.00,'0.00',0.00),(89,16,'2020-07-26 13:31:08','XXX','','0000-00-00 00:00:00',0,NULL,'Kismish','KG','Dry Fruit','0.902',260.00,0.00,0.00,0.00,'260',0.00,0.00,'',0.90,'',0.00,'0.00',0.00),(90,16,'2020-07-26 13:31:08','XXX','','0000-00-00 00:00:00',0,NULL,'Peanut','KG','Dry Fruit','0.19',110.00,0.00,0.00,0.00,'110',0.00,0.00,'',0.19,'',0.00,'0.00',0.00),(91,16,'2020-07-26 13:31:08','XXX','','0000-00-00 00:00:00',0,NULL,'Pista','KG','Dry Fruit','0',2850.00,0.00,0.00,0.00,'2850',0.00,0.00,'',0.00,'',0.00,'0.00',0.00),(92,16,'2020-07-26 13:31:08','XXX','','0000-00-00 00:00:00',0,NULL,'Walnut','KG','Dry Fruit','0.112',966.00,0.00,0.00,0.00,'966',0.00,0.00,'',0.11,'',0.00,'0.00',0.00),(93,16,'2020-07-26 13:31:08','XXX','','0000-00-00 00:00:00',0,NULL,'Alphonso Mango Pulp','KG','General Store','0.05',132.00,0.00,0.00,0.00,'131.76',0.00,0.00,'',0.05,'',0.00,'0.00',0.00),(94,16,'2020-07-26 13:31:08','XXX','','0000-00-00 00:00:00',0,NULL,'Apple Green Color','KG','General Store','2.1',1000.00,0.00,0.00,0.00,'1000',0.00,0.00,'',2.10,'',0.00,'0.00',0.00),(95,16,'2020-07-26 13:31:08','XXX','','0000-00-00 00:00:00',0,NULL,'Assam Tea','PKT','General Store','0',170.00,0.00,0.00,0.00,'170',0.00,0.00,'',0.00,'',0.00,'0.00',0.00),(96,16,'2020-07-26 13:31:08','XXX','','0000-00-00 00:00:00',0,NULL,'BISLERI WATER 20 LTR','LITRE','General Store','0',3.00,0.00,0.00,0.00,'3.25',0.00,0.00,'',0.00,'',0.00,'0.00',0.00),(97,16,'2020-07-26 13:31:08','XXX','','0000-00-00 00:00:00',0,NULL,'Black BVA Colour','KG','General Store','0',1000.00,0.00,0.00,0.00,'1000',0.00,0.00,'',0.00,'',0.00,'0.00',0.00),(98,16,'2020-07-26 13:31:08','XXX','','0000-00-00 00:00:00',0,NULL,'Blue Berry Flavore','KG','General Store','0',970.00,0.00,0.00,0.00,'970',0.00,0.00,'',0.00,'',0.00,'0.00',0.00),(99,16,'2020-07-26 13:31:08','XXX','','0000-00-00 00:00:00',0,NULL,'Black Currant Flavor','KG','General Store','0',1000.00,0.00,0.00,0.00,'1000',0.00,0.00,'',0.00,'',0.00,'0.00',0.00),(100,16,'2020-07-26 13:31:08','XXX','','0000-00-00 00:00:00',0,NULL,'Black Current Crush 5 Kg','KG','General Store','0.002',108.00,0.00,0.00,0.00,'108',0.00,0.00,'',0.00,'',0.00,'0.00',0.00),(101,16,'2020-07-26 13:31:08','XXX','','0000-00-00 00:00:00',0,NULL,'Bottle water 1 litre','PIECE','General Store','0.1',11.00,0.00,0.00,0.00,'11.25',0.00,0.00,'',0.10,'',0.00,'0.00',0.00),(102,16,'2020-07-26 13:31:08','XXX','','0000-00-00 00:00:00',0,NULL,'Brownie','KG','General Store','0',245.00,0.00,0.00,0.00,'245.45',0.00,0.00,'',0.00,'',0.00,'0.00',0.00),(103,16,'2020-07-26 13:31:08','XXX','','0000-00-00 00:00:00',0,NULL,'Bred Crum','KG','General Store','0.72',120.00,0.00,0.00,0.00,'120',0.00,0.00,'',0.72,'',0.00,'0.00',0.00),(104,16,'2020-07-26 13:31:08','XXX','','0000-00-00 00:00:00',0,NULL,'Red Brownie','KG','General Store','0',318.00,0.00,0.00,0.00,'318.18',0.00,0.00,'',0.00,'',0.00,'0.00',0.00),(105,16,'2020-07-26 13:31:08','XXX','','0000-00-00 00:00:00',0,NULL,'Butter scotch Flavor','KG','General Store','0',1000.00,0.00,0.00,0.00,'1000',0.00,0.00,'',0.00,'',0.00,'0.00',0.00),(106,16,'2020-07-26 13:31:08','XXX','','0000-00-00 00:00:00',0,NULL,'Chocolate Sauce','KG','General Store','0.007',237.00,0.00,0.00,0.00,'237',0.00,0.00,'',0.01,'',0.00,'0.00',0.00),(107,16,'2020-07-26 13:31:08','XXX','','0000-00-00 00:00:00',0,NULL,'Choco Chips','KG','General Store','0',165.00,0.00,0.00,0.00,'165.2',0.00,0.00,'',0.00,'',0.00,'0.00',0.00),(108,16,'2020-07-26 13:31:08','XXX','','0000-00-00 00:00:00',0,NULL,'Chocolate Color','KG','General Store','0.091',1000.00,0.00,0.00,0.00,'1000',0.00,0.00,'',0.09,'',0.00,'0.00',0.00),(109,16,'2020-07-26 13:31:08','XXX','','0000-00-00 00:00:00',0,NULL,'Chocolate Bon Bon Flavor','KG','General Store','0',950.00,0.00,0.00,0.00,'950',0.00,0.00,'',0.00,'',0.00,'0.00',0.00),(110,16,'2020-07-26 13:31:08','XXX','','0000-00-00 00:00:00',0,NULL,'Chocolate Flavor','KG','General Store','0',1000.00,0.00,0.00,0.00,'1000',0.00,0.00,'',0.00,'',0.00,'0.00',0.00),(111,16,'2020-07-26 13:31:08','XXX','','0000-00-00 00:00:00',0,NULL,'Chocolate Slab Dark','KG','General Store','0.008',170.00,0.00,0.00,0.00,'169.92',0.00,0.00,'',0.01,'',0.00,'0.00',0.00),(112,16,'2020-07-26 13:31:08','XXX','','0000-00-00 00:00:00',0,NULL,'Coco Powder','KG','General Store','0.26',342.00,0.00,0.00,0.00,'342.2',0.00,0.00,'',0.26,'',0.00,'0.00',0.00),(113,16,'2020-07-26 13:31:08','XXX','','0000-00-00 00:00:00',0,NULL,'Coconut Flavor','KG','General Store','0.7396',1000.00,0.00,0.00,0.00,'1000',0.00,0.00,'',0.74,'',0.00,'0.00',0.00),(114,16,'2020-07-26 13:31:08','XXX','','0000-00-00 00:00:00',0,NULL,'Coconut Powder','KG','General Store','0',180.00,0.00,0.00,0.00,'180',0.00,0.00,'',0.00,'',0.00,'0.00',0.00),(115,16,'2020-07-26 13:31:08','XXX','','0000-00-00 00:00:00',0,NULL,'Coffee Powder','KG','General Store','0',2400.00,0.00,0.00,0.00,'2400',0.00,0.00,'',0.00,'',0.00,'0.00',0.00),(116,16,'2020-07-26 13:31:08','XXX','','0000-00-00 00:00:00',0,NULL,'COKE 750 ML','PIECE','General Store','0',33.00,0.00,0.00,0.00,'32.5',0.00,0.00,'',0.00,'',0.00,'0.00',0.00),(117,16,'2020-07-26 13:31:08','XXX','','0000-00-00 00:00:00',0,NULL,'Soda Water','PIECE','General Store','0',9.00,0.00,0.00,0.00,'8.5',0.00,0.00,'',0.00,'',0.00,'0.00',0.00),(118,16,'2020-07-26 13:31:08','XXX','','0000-00-00 00:00:00',0,NULL,'Cone','PIECE','General Store','0',1.00,0.00,0.00,0.00,'0.86',0.00,0.00,'',0.00,'',0.00,'0.00',0.00),(119,16,'2020-07-26 13:31:08','XXX','','0000-00-00 00:00:00',0,NULL,'Cut Cherry','KG','General Store','150',67.00,0.00,0.00,0.00,'66.66',0.00,0.00,'',150.00,'',0.00,'0.00',0.00),(120,16,'2020-07-26 13:31:08','XXX','','0000-00-00 00:00:00',0,NULL,'Cutting Paper','KG','General Store','0.245',95.00,0.00,0.00,0.00,'95',0.00,0.00,'',0.24,'',0.00,'0.00',0.00),(121,16,'2020-07-26 13:31:08','XXX','','0000-00-00 00:00:00',0,NULL,'Dry Ice','KG','General Store','0.15',45.00,0.00,0.00,0.00,'45',0.00,0.00,'',0.15,'',0.00,'0.00',0.00),(122,16,'2020-07-26 13:31:08','XXX','','0000-00-00 00:00:00',0,NULL,'Ice cube','KG','General Store','1.15',6.00,0.00,0.00,0.00,'6',0.00,0.00,'',1.15,'',0.00,'0.00',0.00),(123,16,'2020-07-26 13:31:08','XXX','','0000-00-00 00:00:00',0,NULL,'Dark Choco Paste','KG','General Store','0',116.00,0.00,0.00,0.00,'115.7',0.00,0.00,'',0.00,'',0.00,'0.00',0.00),(124,16,'2020-07-26 13:31:08','XXX','','0000-00-00 00:00:00',0,NULL,'French Fries','KG','General Store','0',120.00,0.00,0.00,0.00,'120',0.00,0.00,'',0.00,'',0.00,'0.00',0.00),(125,16,'2020-07-26 13:31:08','XXX','','0000-00-00 00:00:00',0,NULL,'Fruit Cocktail Tin','KG','General Store','0',166.00,0.00,0.00,0.00,'166',0.00,0.00,'',0.00,'',0.00,'0.00',0.00),(126,16,'2020-07-26 13:31:08','XXX','','0000-00-00 00:00:00',0,NULL,'Gems Chocolate','KG','General Store','1.836',421.00,0.00,0.00,0.00,'421.34',0.00,0.00,'',1.84,'',0.00,'0.00',0.00),(127,16,'2020-07-26 13:31:08','XXX','','0000-00-00 00:00:00',0,NULL,'Gulkand','KG','General Store','0.045',300.00,0.00,0.00,0.00,'300',0.00,0.00,'',0.04,'',0.00,'0.00',0.00),(128,16,'2020-07-26 13:31:08','XXX','','0000-00-00 00:00:00',0,NULL,'Glucose','KG','General Store','0',49.00,0.00,0.00,0.00,'49.17',0.00,0.00,'',0.00,'',0.00,'0.00',0.00),(129,16,'2020-07-26 13:31:08','XXX','','0000-00-00 00:00:00',0,NULL,'Gola Sabut','KG','General Store','1.255',246.00,0.00,0.00,0.00,'245.5',0.00,0.00,'',1.25,'',0.00,'0.00',0.00),(130,16,'2020-07-26 13:31:08','XXX','','0000-00-00 00:00:00',0,NULL,'Good Day Biscuit','KG','General Store','0',120.00,0.00,0.00,0.00,'120',0.00,0.00,'',0.00,'',0.00,'0.00',0.00),(131,16,'2020-07-26 13:31:08','XXX','','0000-00-00 00:00:00',0,NULL,'Green Chilly Sauce 5 Ltr','KG','General Store','0.075',40.00,0.00,0.00,0.00,'40',0.00,0.00,'',0.08,'',0.00,'0.00',0.00),(132,16,'2020-07-26 13:31:08','XXX','','0000-00-00 00:00:00',0,NULL,'Gulab Jal','KG','General Store','0.5',200.00,0.00,0.00,0.00,'200',0.00,0.00,'',0.50,'',0.00,'0.00',0.00),(133,16,'2020-07-26 13:31:08','XXX','','0000-00-00 00:00:00',0,NULL,'Gulab Shahi Flavor','KG','General Store','0',1000.00,0.00,0.00,0.00,'1000',0.00,0.00,'',0.00,'',0.00,'0.00',0.00),(134,16,'2020-07-26 13:31:08','XXX','','0000-00-00 00:00:00',0,NULL,'Gurh','KG','General Store','0.001',50.00,0.00,0.00,0.00,'50',0.00,0.00,'',0.00,'',0.00,'0.00',0.00),(135,16,'2020-07-26 13:31:08','XXX','','0000-00-00 00:00:00',0,NULL,'Honey','KG','General Store','0',190.00,0.00,0.00,0.00,'190',0.00,0.00,'',0.00,'',0.00,'0.00',0.00),(136,16,'2020-07-26 13:31:08','XXX','','0000-00-00 00:00:00',0,NULL,'Jal jeera masala','KG','General Store','0.035',417.00,0.00,0.00,0.00,'417',0.00,0.00,'',0.04,'',0.00,'0.00',0.00),(137,16,'2020-07-26 13:31:08','XXX','','0000-00-00 00:00:00',0,NULL,'Jalebi Cloth','PIECE','General Store','0',40.00,0.00,0.00,0.00,'40',0.00,0.00,'',0.00,'',0.00,'0.00',0.00),(138,16,'2020-07-26 13:31:08','XXX','','0000-00-00 00:00:00',0,NULL,'Jelly','KG','General Store','0',230.00,0.00,0.00,0.00,'230.26',0.00,0.00,'',0.00,'',0.00,'0.00',0.00),(139,16,'2020-07-26 13:31:08','XXX','','0000-00-00 00:00:00',0,NULL,'Afghan Jelly','PKT','General Store','0',9.00,0.00,0.00,0.00,'8.75',0.00,0.00,'',0.00,'',0.00,'0.00',0.00),(140,16,'2020-07-26 13:31:08','XXX','','0000-00-00 00:00:00',0,NULL,'Khazoor','KG','General Store','0',300.00,0.00,0.00,0.00,'300',0.00,0.00,'',0.00,'',0.00,'0.00',0.00),(141,16,'2020-07-26 13:31:08','XXX','','0000-00-00 00:00:00',0,NULL,'Karonda','KG','General Store','0',120.00,0.00,0.00,0.00,'120',0.00,0.00,'',0.00,'',0.00,'0.00',0.00),(142,16,'2020-07-26 13:31:08','XXX','','0000-00-00 00:00:00',0,NULL,'Kesar','GM','General Store','0.25',150.00,0.00,0.00,0.00,'150',0.00,0.00,'',0.25,'',0.00,'0.00',0.00),(143,16,'2020-07-26 13:31:08','XXX','','0000-00-00 00:00:00',0,NULL,'Kesar Pista Flavor','KG','General Store','0.1',1000.00,0.00,0.00,0.00,'1000',0.00,0.00,'',0.10,'',0.00,'0.00',0.00),(144,16,'2020-07-26 13:31:08','XXX','','0000-00-00 00:00:00',0,NULL,'Kesari Powder','KG','General Store','0.003',650.00,0.00,0.00,0.00,'650',0.00,0.00,'',0.00,'',0.00,'0.00',0.00),(145,16,'2020-07-26 13:31:08','XXX','','0000-00-00 00:00:00',0,NULL,'Kewra Water Bot','KG','General Store','0',220.00,0.00,0.00,0.00,'220',0.00,0.00,'',0.00,'',0.00,'0.00',0.00),(146,16,'2020-07-26 13:31:08','XXX','','0000-00-00 00:00:00',0,NULL,'Kitkat 10','KG','General Store','0.025',601.00,0.00,0.00,0.00,'601',0.00,0.00,'',0.02,'',0.00,'0.00',0.00),(147,16,'2020-07-26 13:31:08','XXX','','0000-00-00 00:00:00',0,NULL,'koyla','kg','General Store','0.138',36.00,0.00,0.00,0.00,'35.75',0.00,0.00,'',0.14,'',0.00,'0.00',0.00),(148,16,'2020-07-26 13:31:08','XXX','','0000-00-00 00:00:00',0,NULL,'Kulfa Seeds','KG','General Store','0',100.00,0.00,0.00,0.00,'100',0.00,0.00,'',0.00,'',0.00,'0.00',0.00),(149,16,'2020-07-26 13:31:08','XXX','','0000-00-00 00:00:00',0,NULL,'Laddu Boondi','KG','General Store','0',160.00,0.00,0.00,0.00,'160',0.00,0.00,'',0.00,'',0.00,'0.00',0.00),(150,16,'2020-07-26 13:31:08','XXX','','0000-00-00 00:00:00',0,NULL,'Lemon Flavor','KG','General Store','0',1000.00,0.00,0.00,0.00,'1000',0.00,0.00,'',0.00,'',0.00,'0.00',0.00),(151,16,'2020-07-26 13:31:08','XXX','','0000-00-00 00:00:00',0,NULL,'Lemon Yellow Color','KG','General Store','0.004',1000.00,0.00,0.00,0.00,'1000',0.00,0.00,'',0.00,'',0.00,'0.00',0.00),(152,16,'2020-07-26 13:31:08','XXX','','0000-00-00 00:00:00',0,NULL,'Lijjat Papad','Pkt','General Store','0',52.00,0.00,0.00,0.00,'52',0.00,0.00,'',0.00,'',0.00,'0.00',0.00),(153,16,'2020-07-26 13:31:08','XXX','','0000-00-00 00:00:00',0,NULL,'Maggi masala','PKT','General Store','0',5.00,0.00,0.00,0.00,'5',0.00,0.00,'',0.00,'',0.00,'0.00',0.00),(154,16,'2020-07-26 13:31:08','XXX','','0000-00-00 00:00:00',0,NULL,'Maggi ','PKT','General Store','0',11.00,0.00,0.00,0.00,'11',0.00,0.00,'',0.00,'',0.00,'0.00',0.00),(155,16,'2020-07-26 13:31:08','XXX','','0000-00-00 00:00:00',0,NULL,'Mango Flavor','KG','General Store','0',1000.00,0.00,0.00,0.00,'1000',0.00,0.00,'',0.00,'',0.00,'0.00',0.00),(156,16,'2020-07-26 13:31:08','XXX','','0000-00-00 00:00:00',0,NULL,'Mango Slice 840 gm','KG','General Store','0.005',131.00,0.00,0.00,0.00,'131.34',0.00,0.00,'',0.00,'',0.00,'0.00',0.00),(157,16,'2020-07-26 13:31:08','XXX','','0000-00-00 00:00:00',0,NULL,'Mango Laccha','KG','General Store','0',107.00,0.00,0.00,0.00,'107',0.00,0.00,'',0.00,'',0.00,'0.00',0.00),(158,16,'2020-07-26 13:31:08','XXX','','0000-00-00 00:00:00',0,NULL,'Mix Fruit Flavor','KG','General Store','0.47',1000.00,0.00,0.00,0.00,'1000',0.00,0.00,'',0.47,'',0.00,'0.00',0.00),(159,16,'2020-07-26 13:31:08','XXX','','0000-00-00 00:00:00',0,NULL,'Mayonnaise','KG','General Store','0.005',130.00,0.00,0.00,0.00,'130',0.00,0.00,'',0.00,'',0.00,'0.00',0.00),(160,16,'2020-07-26 13:31:08','XXX','','0000-00-00 00:00:00',0,NULL,'Mozerella Cheese','KG','General Store','0',440.00,0.00,0.00,0.00,'440',0.00,0.00,'',0.00,'',0.00,'0.00',0.00),(161,16,'2020-07-26 13:31:08','XXX','','0000-00-00 00:00:00',0,NULL,'Cheese Milt','KG','General Store','0',200.00,0.00,0.00,0.00,'200',0.00,0.00,'',0.00,'',0.00,'0.00',0.00),(162,16,'2020-07-26 13:31:08','XXX','','0000-00-00 00:00:00',0,NULL,'White Cheese Dip','KG','General Store','0',180.00,0.00,0.00,0.00,'180',0.00,0.00,'',0.00,'',0.00,'0.00',0.00),(163,16,'2020-07-26 13:31:08','XXX','','0000-00-00 00:00:00',0,NULL,'Nachos','PKT','General Store','0',70.00,0.00,0.00,0.00,'70',0.00,0.00,'',0.00,'',0.00,'0.00',0.00),(164,16,'2020-07-26 13:31:08','XXX','','0000-00-00 00:00:00',0,NULL,'Noodle','KG','General Store','0',30.00,0.00,0.00,0.00,'30',0.00,0.00,'',0.00,'',0.00,'0.00',0.00),(165,16,'2020-07-26 13:31:08','XXX','','0000-00-00 00:00:00',0,NULL,'NORMAL WATER 20 LTR','LTR','General Store','3.4',1.00,0.00,0.00,0.00,'1',0.00,0.00,'',3.40,'',0.00,'0.00',0.00),(166,16,'2020-07-26 13:31:08','XXX','','0000-00-00 00:00:00',0,NULL,'Orange Flavor','KG','General Store','120',1000.00,0.00,0.00,0.00,'1000',0.00,0.00,'',120.00,'',0.00,'0.00',0.00),(167,16,'2020-07-26 13:31:08','XXX','','0000-00-00 00:00:00',0,NULL,'Orange Red Colour','KG','General Store','0',450.00,0.00,0.00,0.00,'450',0.00,0.00,'',0.00,'',0.00,'0.00',0.00),(168,16,'2020-07-26 13:31:08','XXX','','0000-00-00 00:00:00',0,NULL,'oreo bicuit','kg','General Store','0',200.00,0.00,0.00,0.00,'200',0.00,0.00,'',0.00,'',0.00,'0.00',0.00),(169,16,'2020-07-26 13:31:08','XXX','','0000-00-00 00:00:00',0,NULL,'Paan Flavor','kg','General Store','0.024',1000.00,0.00,0.00,0.00,'1000',0.00,0.00,'',0.02,'',0.00,'0.00',0.00),(170,16,'2020-07-26 13:31:08','XXX','','0000-00-00 00:00:00',0,NULL,'Paan Patta','PIECE','General Store','0.001',2.00,0.00,0.00,0.00,'2',0.00,0.00,'',0.00,'',0.00,'0.00',0.00),(171,16,'2020-07-26 13:31:08','XXX','','0000-00-00 00:00:00',0,NULL,'Paan Masala','KG','General Store','1',120.00,0.00,0.00,0.00,'120',0.00,0.00,'',1.00,'',0.00,'0.00',0.00),(172,16,'2020-07-26 13:31:08','XXX','','0000-00-00 00:00:00',0,NULL,'Pan Pasand Toffy','KG','General Store','0.05',196.00,0.00,0.00,0.00,'196.43',0.00,0.00,'',0.05,'',0.00,'0.00',0.00),(173,16,'2020-07-26 13:31:08','XXX','','0000-00-00 00:00:00',0,NULL,'Paper Roll','PIECE','General Store','0.028',35.00,0.00,0.00,0.00,'35',0.00,0.00,'',0.03,'',0.00,'0.00',0.00),(174,16,'2020-07-26 13:31:08','XXX','','0000-00-00 00:00:00',0,NULL,'pav bhaji masala','kg','General Store','1.5',550.00,0.00,0.00,0.00,'550',0.00,0.00,'',1.50,'',0.00,'0.00',0.00),(175,16,'2020-07-26 13:31:08','XXX','','0000-00-00 00:00:00',0,NULL,'Pineapple Flavor','KG','General Store','0.044',1000.00,0.00,0.00,0.00,'1000',0.00,0.00,'',0.04,'',0.00,'0.00',0.00),(176,16,'2020-07-26 13:31:08','XXX','','0000-00-00 00:00:00',0,NULL,'Pineapple jam','KG','General Store','0',300.00,0.00,0.00,0.00,'300',0.00,0.00,'',0.00,'',0.00,'0.00',0.00),(177,16,'2020-07-26 13:31:08','XXX','','0000-00-00 00:00:00',0,NULL,'Pineapple Tin 840 Gm','KG','General Store','0',87.00,0.00,0.00,0.00,'87.3',0.00,0.00,'',0.00,'',0.00,'0.00',0.00),(178,16,'2020-07-26 13:31:08','XXX','','0000-00-00 00:00:00',0,NULL,'Pista Flavour','KG','General Store','0',1000.00,0.00,0.00,0.00,'1000',0.00,0.00,'',0.00,'',0.00,'0.00',0.00),(179,16,'2020-07-26 13:31:08','XXX','','0000-00-00 00:00:00',0,NULL,'Rabdi Malai Flavor','pc','General Store','0.002',1000.00,0.00,0.00,0.00,'1000',0.00,0.00,'',0.00,'',0.00,'0.00',0.00),(180,16,'2020-07-26 13:31:08','XXX','','0000-00-00 00:00:00',0,NULL,'Red Colour','KG','General Store','0.002',1000.00,0.00,0.00,0.00,'1000',0.00,0.00,'',0.00,'',0.00,'0.00',0.00),(181,16,'2020-07-26 13:31:08','XXX','','0000-00-00 00:00:00',0,NULL,'Raspberry Red','KG','General Store','0',1000.00,0.00,0.00,0.00,'1000',0.00,0.00,'',0.00,'',0.00,'0.00',0.00),(182,16,'2020-07-26 13:31:08','XXX','','0000-00-00 00:00:00',0,NULL,'Red Cherry 840 Gm','KG','General Store','0',137.00,0.00,0.00,0.00,'136.9',0.00,0.00,'',0.00,'',0.00,'0.00',0.00),(183,16,'2020-07-26 13:31:08','XXX','','0000-00-00 00:00:00',0,NULL,'Roasted Almond Flavor','KG','General Store','0.136',1000.00,0.00,0.00,0.00,'1000',0.00,0.00,'',0.14,'',0.00,'0.00',0.00),(184,16,'2020-07-26 13:31:08','XXX','','0000-00-00 00:00:00',0,NULL,'Singapuri Mix Masala','KG','General Store','0',1000.00,0.00,0.00,0.00,'1000',0.00,0.00,'',0.00,'',0.00,'0.00',0.00),(185,16,'2020-07-26 13:31:08','XXX','','0000-00-00 00:00:00',0,NULL,'Slip Pad','KG','General Store','0',13.00,0.00,0.00,0.00,'13',0.00,0.00,'',0.00,'',0.00,'0.00',0.00),(186,16,'2020-07-26 13:31:08','XXX','','0000-00-00 00:00:00',0,NULL,'Tatri','KG','General Store','0',240.00,0.00,0.00,0.00,'240',0.00,0.00,'',0.00,'',0.00,'0.00',0.00),(187,16,'2020-07-26 13:31:08','XXX','','0000-00-00 00:00:00',0,NULL,'Sodium','PIECE','General Store','0',1400.00,0.00,0.00,0.00,'1400',0.00,0.00,'',0.00,'',0.00,'0.00',0.00),(188,16,'2020-07-26 13:31:08','XXX','','0000-00-00 00:00:00',0,NULL,'Soya badi','KG','General Store','0.004',70.00,0.00,0.00,0.00,'70',0.00,0.00,'',0.00,'',0.00,'0.00',0.00),(189,16,'2020-07-26 13:31:08','XXX','','0000-00-00 00:00:00',0,NULL,'Soya Sauce','KG','General Store','0',64.00,0.00,0.00,0.00,'64.29',0.00,0.00,'',0.00,'',0.00,'0.00',0.00),(190,16,'2020-07-26 13:31:08','XXX','','0000-00-00 00:00:00',0,NULL,'Special Mix Masala','KG','General Store','0.03',1000.00,0.00,0.00,0.00,'1000',0.00,0.00,'',0.03,'',0.00,'0.00',0.00),(191,16,'2020-07-26 13:31:08','XXX','','0000-00-00 00:00:00',0,NULL,'Strawberry Flavor','PIECE','General Store','0.136',1000.00,0.00,0.00,0.00,'1000',0.00,0.00,'',0.14,'',0.00,'0.00',0.00),(192,16,'2020-07-26 13:31:08','XXX','','0000-00-00 00:00:00',0,NULL,'Strawberry Crush','KG','General Store','0.001',108.00,0.00,0.00,0.00,'108',0.00,0.00,'',0.00,'',0.00,'0.00',0.00),(193,16,'2020-07-26 13:31:08','XXX','','0000-00-00 00:00:00',0,NULL,'Sweet Corn','KG','General Store','1',140.00,0.00,0.00,0.00,'140',0.00,0.00,'',1.00,'',0.00,'0.00',0.00),(194,16,'2020-07-26 13:31:08','XXX','','0000-00-00 00:00:00',0,NULL,'Tata Tea','KG','General Store','0',200.00,0.00,0.00,0.00,'200',0.00,0.00,'',0.00,'',0.00,'0.00',0.00),(195,16,'2020-07-26 13:31:08','XXX','','0000-00-00 00:00:00',0,NULL,'Tetrazine','PIECE','General Store','0',1000.00,0.00,0.00,0.00,'1000',0.00,0.00,'',0.00,'',0.00,'0.00',0.00),(196,16,'2020-07-26 13:31:08','XXX','','0000-00-00 00:00:00',0,NULL,'Thandai','KG','General Store','0',300.00,0.00,0.00,0.00,'300',0.00,0.00,'',0.00,'',0.00,'0.00',0.00),(197,16,'2020-07-26 13:31:08','XXX','','0000-00-00 00:00:00',0,NULL,'Thumsup','KG','General Store','0',32.00,0.00,0.00,0.00,'32.33',0.00,0.00,'',0.00,'',0.00,'0.00',0.00),(198,16,'2020-07-26 13:31:08','XXX','','0000-00-00 00:00:00',0,NULL,'Tomato ketchup','KG','General Store','0',78.00,0.00,0.00,0.00,'78',0.00,0.00,'',0.00,'',0.00,'0.00',0.00),(199,16,'2020-07-26 13:31:08','XXX','','0000-00-00 00:00:00',0,NULL,'TOMATO PUREE ','KG','General Store','0',79.00,0.00,0.00,0.00,'78.79',0.00,0.00,'',0.00,'',0.00,'0.00',0.00),(200,16,'2020-07-26 13:31:08','XXX','','0000-00-00 00:00:00',0,NULL,'Tomato Sauce','KG','General Store','0',45.00,0.00,0.00,0.00,'45',0.00,0.00,'',0.00,'',0.00,'0.00',0.00),(201,16,'2020-07-26 13:31:08','XXX','','0000-00-00 00:00:00',0,NULL,'Tooty Frooty Flavor','KG','General Store','1.2',1000.00,0.00,0.00,0.00,'1000',0.00,0.00,'',1.20,'',0.00,'0.00',0.00),(202,16,'2020-07-26 13:31:08','XXX','','0000-00-00 00:00:00',0,NULL,'Vanilla Flavour','KG','General Store','0.003',1000.00,0.00,0.00,0.00,'1000',0.00,0.00,'',0.00,'',0.00,'0.00',0.00),(203,16,'2020-07-26 13:31:08','XXX','','0000-00-00 00:00:00',0,NULL,'Vinegar','KG','General Store','0.014',36.00,0.00,0.00,0.00,'35.7',0.00,0.00,'',0.01,'',0.00,'0.00',0.00),(204,16,'2020-07-26 13:31:08','XXX','','0000-00-00 00:00:00',0,NULL,'Writing Pad','PIECE','General Store','0.122',25.00,0.00,0.00,0.00,'25',0.00,0.00,'',0.12,'',0.00,'0.00',0.00),(205,16,'2020-07-26 13:31:08','XXX','','0000-00-00 00:00:00',0,NULL,'Aata','KG','Grains & Mills','0',26.00,0.00,0.00,0.00,'25.9',0.00,0.00,'',0.00,'',0.00,'0.00',0.00),(206,16,'2020-07-26 13:31:08','XXX','','0000-00-00 00:00:00',0,NULL,'Aata Mota','KG','Grains & Mills','5',50.00,0.00,0.00,0.00,'50',0.00,0.00,'',5.00,'',0.00,'0.00',0.00),(207,16,'2020-07-26 13:31:08','XXX','','0000-00-00 00:00:00',0,NULL,'Ararot','KG','Grains & Mills','0',38.00,0.00,0.00,0.00,'37.9',0.00,0.00,'',0.00,'',0.00,'0.00',0.00),(208,16,'2020-07-26 13:31:08','XXX','','0000-00-00 00:00:00',0,NULL,'Besan Barik','KG','Grains & Mills','0.3',75.00,0.00,0.00,0.00,'75',0.00,0.00,'',0.30,'',0.00,'0.00',0.00),(209,16,'2020-07-26 13:31:08','XXX','','0000-00-00 00:00:00',0,NULL,'Besan Mota','KG','Grains & Mills','0',63.00,0.00,0.00,0.00,'62.57',0.00,0.00,'',0.00,'',0.00,'0.00',0.00),(210,16,'2020-07-26 13:31:08','XXX','','0000-00-00 00:00:00',0,NULL,'Maida','KG','Grains & Mills','0.5',27.00,0.00,0.00,0.00,'27.2',0.00,0.00,'',0.50,'',0.00,'0.00',0.00),(211,16,'2020-07-26 13:31:08','XXX','','0000-00-00 00:00:00',0,NULL,'Sugar','KG','Grains & Mills','33.07',38.00,0.00,0.00,0.00,'37.9',0.00,0.00,'',33.07,'',0.00,'0.00',0.00),(212,16,'2020-07-26 13:31:08','XXX','','0000-00-00 00:00:00',0,NULL,'Sugar Bura','KG','Grains & Mills','15.175',50.00,0.00,0.00,0.00,'50',0.00,0.00,'',15.18,'',0.00,'0.00',0.00),(213,16,'2020-07-26 13:31:08','XXX','','0000-00-00 00:00:00',0,NULL,'Suji','KG','Grains & Mills','0',30.00,0.00,0.00,0.00,'29.8',0.00,0.00,'',0.00,'',0.00,'0.00',0.00),(214,16,'2020-07-26 13:31:08','XXX','','0000-00-00 00:00:00',0,NULL,'Cleaners-Multisurface','PIECE','Housekeeping','1.25',106.00,0.00,0.00,0.00,'106.2',0.00,0.00,'',1.25,'',0.00,'0.00',0.00),(215,16,'2020-07-26 13:31:08','XXX','','0000-00-00 00:00:00',0,NULL,'Ezee wash','bottle','Housekeeping','0',45.00,0.00,0.00,0.00,'45',0.00,0.00,'',0.00,'',0.00,'0.00',0.00),(216,16,'2020-07-26 13:31:08','XXX','','0000-00-00 00:00:00',0,NULL,'Colin Jar 5 Ltr','PIECE','Housekeeping','0',250.00,0.00,0.00,0.00,'250',0.00,0.00,'',0.00,'',0.00,'0.00',0.00),(217,16,'2020-07-26 13:31:08','XXX','','0000-00-00 00:00:00',0,NULL,'Dustpaan','PIECE','Housekeeping','0',20.00,0.00,0.00,0.00,'20',0.00,0.00,'',0.00,'',0.00,'0.00',0.00),(218,16,'2020-07-26 13:31:08','XXX','','0000-00-00 00:00:00',0,NULL,'Dustcontrol','PIECE','Housekeeping','0',160.00,0.00,0.00,0.00,'160',0.00,0.00,'',0.00,'',0.00,'0.00',0.00),(219,16,'2020-07-26 13:31:08','XXX','','0000-00-00 00:00:00',0,NULL,'Duster Floor','KG','Housekeeping','0',20.00,0.00,0.00,0.00,'20',0.00,0.00,'',0.00,'',0.00,'0.00',0.00),(220,16,'2020-07-26 13:31:08','XXX','','0000-00-00 00:00:00',0,NULL,'Fena Detergent Powder','KG','Housekeeping','0.3',50.00,0.00,0.00,0.00,'50',0.00,0.00,'',0.30,'',0.00,'0.00',0.00),(221,16,'2020-07-26 13:31:08','XXX','','0000-00-00 00:00:00',0,NULL,'Floor Broom','PIECE','Housekeeping','0.8',50.00,0.00,0.00,0.00,'50',0.00,0.00,'',0.80,'',0.00,'0.00',0.00),(222,16,'2020-08-01 14:33:05','XXX','','0000-00-00 00:00:00',0,NULL,'Harpic 500 Ml','KG','Housekeeping','0',90.00,0.00,5.00,0.00,'90',0.00,0.00,'',0.00,'',0.00,'9',0.00),(223,16,'2020-07-26 13:31:08','XXX','','0000-00-00 00:00:00',0,NULL,'Spray Bottle','PIECE','Housekeeping','0',50.00,0.00,0.00,0.00,'50',0.00,0.00,'',0.00,'',0.00,'0.00',0.00),(224,16,'2020-07-26 13:31:08','XXX','','0000-00-00 00:00:00',0,NULL,'Lifeboy Soap','PIECE','Housekeeping','0',18.00,0.00,0.00,0.00,'18',0.00,0.00,'',0.00,'',0.00,'0.00',0.00),(225,16,'2020-07-26 13:31:08','XXX','','0000-00-00 00:00:00',0,NULL,'Micro Fiber Cloth','PIECE','Housekeeping','0',40.00,0.00,0.00,0.00,'40',0.00,0.00,'',0.00,'',0.00,'0.00',0.00),(226,16,'2020-07-26 13:31:08','XXX','','0000-00-00 00:00:00',0,NULL,'Nariyal Broom','PIECE','Housekeeping','0',30.00,0.00,0.00,0.00,'30',0.00,0.00,'',0.00,'',0.00,'0.00',0.00),(227,16,'2020-07-26 13:31:08','XXX','','0000-00-00 00:00:00',0,NULL,'Nip Powder','KG','Housekeeping','0',30.00,0.00,0.00,0.00,'30',0.00,0.00,'',0.00,'',0.00,'0.00',0.00),(228,16,'2020-07-26 13:31:08','XXX','','0000-00-00 00:00:00',0,NULL,'Rat Book ','Piece','Housekeeping','0',35.00,0.00,0.00,0.00,'35',0.00,0.00,'',0.00,'',0.00,'0.00',0.00),(229,16,'2020-07-26 13:31:08','XXX','','0000-00-00 00:00:00',0,NULL,'Phenyl','ltr','Housekeeping','0',35.00,0.00,0.00,0.00,'35',0.00,0.00,'',0.00,'',0.00,'0.00',0.00),(230,16,'2020-07-26 13:31:08','XXX','','0000-00-00 00:00:00',0,NULL,'scotch brite juna','pc','Housekeeping','0.5',20.00,0.00,0.00,0.00,'20',0.00,0.00,'',0.50,'',0.00,'0.00',0.00),(231,16,'2020-07-26 13:31:08','XXX','','0000-00-00 00:00:00',0,NULL,'Soap 555','PIECE','Housekeeping','0',10.00,0.00,0.00,0.00,'9.6',0.00,0.00,'',0.00,'',0.00,'0.00',0.00),(232,16,'2020-07-26 13:31:08','XXX','','0000-00-00 00:00:00',0,NULL,'Ss Juna','Piece','Housekeeping','0',7.00,0.00,0.00,0.00,'7',0.00,0.00,'',0.00,'',0.00,'0.00',0.00),(233,16,'2020-07-26 13:31:08','XXX','','0000-00-00 00:00:00',0,NULL,'White Duster','PIECE','Housekeeping','0.1',10.00,0.00,0.00,0.00,'10',0.00,0.00,'',0.10,'',0.00,'0.00',0.00),(234,16,'2020-07-26 13:31:08','XXX','','0000-00-00 00:00:00',0,NULL,'Castic Soda','KG','Housekeeping','0.1',80.00,0.00,0.00,0.00,'80',0.00,0.00,'',0.10,'',0.00,'0.00',0.00),(235,16,'2020-07-26 13:31:08','XXX','','0000-00-00 00:00:00',0,NULL,'Wiper','PIECE','Housekeeping','0',120.00,0.00,0.00,0.00,'120',0.00,0.00,'',0.00,'',0.00,'0.00',0.00),(236,16,'2020-07-26 13:31:08','XXX','','0000-00-00 00:00:00',0,NULL,'Cylinder(Lpg) Comm.','KG','Oil & Fuel','0',900.00,0.00,0.00,0.00,'900',0.00,0.00,'',0.00,'',0.00,'0.00',0.00),(237,16,'2020-07-26 13:31:08','XXX','','0000-00-00 00:00:00',0,NULL,'Ghee Madhusudan Tin 15 Kg','KG','Oil & Fuel','1.4',443.00,0.00,0.00,0.00,'443.33',0.00,0.00,'',1.40,'',0.00,'0.00',0.00),(238,16,'2020-07-26 13:31:08','XXX','','0000-00-00 00:00:00',0,NULL,'Palmolein Refined Oil','KG','Oil & Fuel','0',119.00,0.00,0.00,0.00,'119.35',0.00,0.00,'',0.00,'',0.00,'0.00',0.00),(239,16,'2020-07-26 13:31:08','XXX','','0000-00-00 00:00:00',0,NULL,'Ghee Vanaspati','KG','Oil & Fuel','0',104.00,0.00,0.00,0.00,'103.99',0.00,0.00,'',0.00,'',0.00,'0.00',0.00),(240,16,'2020-07-26 13:31:08','XXX','','0000-00-00 00:00:00',0,NULL,'Krisp Oil','KG','Oil & Fuel','13.61',99.00,0.00,0.00,0.00,'99',0.00,0.00,'',13.61,'',0.00,'0.00',0.00),(241,16,'2020-07-26 13:31:08','XXX','','0000-00-00 00:00:00',0,NULL,'Refined Oil','KG','Oil & Fuel','0',110.00,0.00,0.00,10.00,'110',-10.00,0.00,'',0.00,'',0.00,'0.00',0.00),(242,16,'2020-07-26 13:31:08','XXX','','0000-00-00 00:00:00',0,NULL,'Sarso Oil','pc','Oil & Fuel','8.41',117.00,0.00,0.00,0.00,'117',0.00,0.00,'',8.41,'',0.00,'0.00',0.00),(243,16,'2020-07-26 13:31:08','XXX','','0000-00-00 00:00:00',0,NULL,'Veg Oil','KG','Oil & Fuel','0',104.00,0.00,0.00,0.00,'104.296',0.00,0.00,'',0.00,'',0.00,'0.00',0.00),(244,16,'2020-07-26 13:31:08','XXX','','0000-00-00 00:00:00',0,NULL,'5cp plates','PIECE','Packaging','0',7.00,0.00,0.00,0.00,'6.7',0.00,0.00,'',0.00,'',0.00,'0.00',0.00),(245,16,'2020-07-26 13:31:08','XXX','','0000-00-00 00:00:00',0,NULL,'BIO PLATE','Piece','Packaging','0',4.00,0.00,0.00,0.00,'4.4',0.00,0.00,'',0.00,'',0.00,'0.00',0.00),(246,16,'2020-07-26 13:31:08','XXX','','0000-00-00 00:00:00',0,NULL,'Carton Box','PIECE','Packaging','0',20.00,0.00,0.00,0.00,'20',0.00,0.00,'',0.00,'',0.00,'0.00',0.00),(247,16,'2020-07-26 13:31:08','XXX','','0000-00-00 00:00:00',0,NULL,'Carry Bag Packet','PKT','Packaging','0',80.00,0.00,0.00,0.00,'80',0.00,0.00,'',0.00,'',0.00,'0.00',0.00),(248,16,'2020-07-26 13:31:08','XXX','','0000-00-00 00:00:00',0,NULL,'Carry bag size 5 kg','KG','Packaging','0',180.00,0.00,0.00,0.00,'180.43',0.00,0.00,'',0.00,'',0.00,'0.00',0.00),(249,16,'2020-07-26 13:31:08','XXX','','0000-00-00 00:00:00',0,NULL,'Carry Bag Packet (5 KG)','Piece','Packaging','0',120.00,0.00,0.00,0.00,'120',0.00,0.00,'',0.00,'',0.00,'0.00',0.00),(250,16,'2020-07-26 13:31:08','XXX','','0000-00-00 00:00:00',0,NULL,'CBI CUP','PC','Packaging','0',1.00,0.00,0.00,0.00,'0.6',0.00,0.00,'',0.00,'',0.00,'0.00',0.00),(251,16,'2020-07-26 13:31:08','XXX','','0000-00-00 00:00:00',0,NULL,'Dona (NEW) PATTLE','PIECE','Packaging','0',2.00,0.00,0.00,0.00,'1.5',0.00,0.00,'',0.00,'',0.00,'0.00',0.00),(252,16,'2020-07-26 13:31:08','XXX','','0000-00-00 00:00:00',0,NULL,'Dona','PIECE','Packaging','0',0.00,0.00,0.00,0.00,'0.28',0.00,0.00,'',0.00,'',0.00,'0.00',0.00),(253,16,'2020-07-26 13:31:08','XXX','','0000-00-00 00:00:00',0,NULL,'Fork Spoon','PIECE','Packaging','60',0.00,0.00,0.00,0.00,'0.38',0.00,0.00,'',60.00,'',0.00,'0.00',0.00),(254,16,'2020-07-26 13:31:08','XXX','','0000-00-00 00:00:00',0,NULL,'BLACK FORK SPOON','PIECE','Packaging','0',1.00,0.00,0.00,0.00,'0.8',0.00,0.00,'',0.00,'',0.00,'0.00',0.00),(255,16,'2020-07-26 13:31:08','XXX','','0000-00-00 00:00:00',0,NULL,'Garbage  Bag-Small','KG','Packaging','40',160.00,0.00,0.00,0.00,'160',0.00,0.00,'',40.00,'',0.00,'0.00',0.00),(256,16,'2020-07-26 13:31:08','XXX','','0000-00-00 00:00:00',0,NULL,'G-Bag Jumbo','KG','Packaging','10',96.00,0.00,0.00,8.00,'96',-8.00,0.00,'',2.00,'5',0.00,'0.00',0.00),(257,16,'2020-07-26 13:31:08','XXX','','0000-00-00 00:00:00',0,NULL,'Markin Cloth','MTR','Packaging','0.2',30.00,0.00,0.00,20.00,'30',-20.00,0.00,'',0.00,'',0.00,'0.00',0.00),(258,16,'2020-07-26 13:31:08','XXX','','0000-00-00 00:00:00',0,NULL,'Ghevar Box','PIECE','Packaging','3',16.00,0.00,0.00,0.00,'16',0.00,0.00,'',3.00,'',0.00,'0.00',0.00),(259,16,'2020-07-26 13:31:08','XXX','','0000-00-00 00:00:00',0,NULL,'Glass Bottle 350 ML with Cap','KG','Packaging','0',17.00,0.00,0.00,0.00,'16.75',0.00,0.00,'',0.00,'',0.00,'0.00',0.00),(260,16,'2020-07-26 13:31:08','XXX','','0000-00-00 00:00:00',0,NULL,'Hairnet','PCS','Packaging','0',0.00,0.00,0.00,0.00,'0.09',0.00,0.00,'',0.00,'',0.00,'0.00',0.00),(261,16,'2020-07-26 13:31:08','XXX','','0000-00-00 00:00:00',0,NULL,'Ice Cream Container junior','PIECE','Packaging','10',11.00,0.00,0.00,0.00,'11',0.00,0.00,'',10.00,'',0.00,'0.00',0.00),(262,16,'2020-07-26 13:31:08','XXX','','0000-00-00 00:00:00',0,NULL,'Laddu katori','pkt','Packaging','2',60.00,0.00,0.00,0.00,'60',0.00,0.00,'',2.00,'',0.00,'0.00',0.00),(263,16,'2020-07-26 13:31:08','XXX','','0000-00-00 00:00:00',0,NULL,'Lassi glass','PIECE','Packaging','0',4.00,0.00,0.00,0.00,'3.7',0.00,0.00,'',0.00,'',0.00,'0.00',0.00),(264,16,'2020-07-26 13:31:08','XXX','','0000-00-00 00:00:00',0,NULL,'Lifafa Big','KG','Packaging','10.7',45.00,0.00,0.00,0.00,'45',0.00,0.00,'',10.70,'',0.00,'0.00',0.00),(265,16,'2020-07-26 13:31:08','XXX','','0000-00-00 00:00:00',0,NULL,'Lifafa Medium','KG','Packaging','1',45.00,0.00,0.00,0.00,'45',0.00,0.00,'',1.00,'',0.00,'0.00',0.00),(266,16,'2020-07-26 13:31:08','XXX','','0000-00-00 00:00:00',0,NULL,'Lifafa Small','KG','Packaging','2',45.00,0.00,0.00,0.00,'45',0.00,0.00,'',2.00,'',0.00,'0.00',0.00),(267,16,'2020-07-26 13:31:08','XXX','','0000-00-00 00:00:00',0,NULL,'Matki Jar','KG','Packaging','0.8',15.00,0.00,0.00,0.00,'15.34',0.00,0.00,'',0.80,'',0.00,'0.00',0.00),(268,16,'2020-07-26 13:31:08','XXX','','0000-00-00 00:00:00',0,NULL,'Mitty ke bartan','PIECE','Packaging','46.7',23.00,0.00,0.00,0.00,'23.33',0.00,0.00,'',46.70,'',0.00,'0.00',0.00),(269,16,'2020-07-26 13:31:08','XXX','','0000-00-00 00:00:00',0,NULL,'P.Glass (L)','PIECE','Packaging','0',4.00,0.00,0.00,0.00,'4.2',0.00,0.00,'',0.00,'',0.00,'0.00',0.00),(270,16,'2020-07-26 13:31:08','XXX','','0000-00-00 00:00:00',0,NULL,'P.Glass (M)','PIECE','Packaging','0',1.00,0.00,0.00,0.00,'1',0.00,0.00,'',0.00,'',0.00,'0.00',0.00),(271,16,'2020-07-26 13:31:08','XXX','','0000-00-00 00:00:00',0,NULL,'P.Glass (S)','PIECE','Packaging','0',1.00,0.00,0.00,0.00,'0.68',0.00,0.00,'',0.00,'',0.00,'0.00',0.00),(272,16,'2020-07-26 13:31:08','XXX','','0000-00-00 00:00:00',0,NULL,'P.P.12*18','PIECE','Packaging','50',150.00,0.00,0.00,0.00,'150',0.00,0.00,'',50.00,'',0.00,'0.00',0.00),(273,16,'2020-07-26 13:31:08','XXX','','0000-00-00 00:00:00',0,NULL,'P.P.Tray 3cp(Mt-051)','pcs','Packaging','0.08',8.00,0.00,0.00,0.00,'7.74',0.00,0.00,'',0.08,'',0.00,'0.00',0.00),(274,16,'2020-07-26 13:31:08','XXX','','0000-00-00 00:00:00',0,NULL,'P.Spoon','PIECE','Packaging','0',0.00,0.00,0.00,0.00,'0.44',0.00,0.00,'',0.00,'',0.00,'0.00',0.00),(275,16,'2020-07-26 13:31:08','XXX','','0000-00-00 00:00:00',0,NULL,'Packing Plate ','PIECE','Packaging','240',4.00,0.00,0.00,0.00,'3.75',0.00,0.00,'',240.00,'',0.00,'0.00',0.00),(276,16,'2020-07-26 13:31:08','XXX','','0000-00-00 00:00:00',0,NULL,'Paper Container 300ml','KG','Packaging','0',3.00,0.00,0.00,0.00,'3.4',0.00,0.00,'',0.00,'',0.00,'0.00',0.00),(277,16,'2020-07-26 13:31:08','XXX','','0000-00-00 00:00:00',0,NULL,'Paper Container 500ml','KG','Packaging','0',5.00,0.00,0.00,0.00,'4.55',0.00,0.00,'',0.00,'',0.00,'0.00',0.00),(278,16,'2020-07-26 13:31:08','XXX','','0000-00-00 00:00:00',0,NULL,'Paper Cups','KG','Packaging','0',1.00,0.00,0.00,0.00,'0.9',0.00,0.00,'',0.00,'',0.00,'0.00',0.00),(279,16,'2020-07-26 13:31:08','XXX','','0000-00-00 00:00:00',0,NULL,'Paper Plate','PIECE','Packaging','55',2.00,0.00,0.00,0.00,'1.5',0.00,0.00,'',55.00,'',0.00,'0.00',0.00),(280,16,'2020-07-26 13:31:08','XXX','','0000-00-00 00:00:00',0,NULL,'8 No Plate (New) PATTLE','Piece','Packaging','0',4.00,0.00,0.00,0.00,'3.75',0.00,0.00,'',0.00,'',0.00,'0.00',0.00),(281,16,'2020-07-26 13:31:08','XXX','','0000-00-00 00:00:00',0,NULL,'PAPER PLATE 07 NO.(CHAAT)','PIECE','Packaging','0',1.00,0.00,0.00,0.00,'0.6',0.00,0.00,'',0.00,'',0.00,'0.00',0.00),(282,16,'2020-07-26 13:31:08','XXX','','0000-00-00 00:00:00',0,NULL,'Paper Sealing Roll','PIECE','Packaging','85',175.00,0.00,0.00,0.00,'174.64',0.00,0.00,'',85.00,'',0.00,'0.00',0.00),(283,16,'2020-07-26 13:31:08','XXX','','0000-00-00 00:00:00',0,NULL,'Paper Tea Cup','PIECE','Packaging','0',0.00,0.00,0.00,0.00,'0.38',0.00,0.00,'',0.00,'',0.00,'0.00',0.00),(284,16,'2020-07-26 13:31:08','XXX','','0000-00-00 00:00:00',0,NULL,'Paper tea cup special','PCS','Packaging','0',3.00,0.00,0.00,0.00,'2.6',0.00,0.00,'',0.00,'',0.00,'0.00',0.00),(285,16,'2020-07-26 13:31:08','XXX','','0000-00-00 00:00:00',0,NULL,'Paper Water Glass','PIECE','Packaging','0',1.00,0.00,0.00,0.00,'0.65',0.00,0.00,'',0.00,'',0.00,'0.00',0.00),(286,16,'2020-07-26 13:31:08','XXX','','0000-00-00 00:00:00',0,NULL,'Paper WATER GLASS','PCS','Packaging','0',1.00,0.00,0.00,0.00,'0.65',0.00,0.00,'',0.00,'',0.00,'0.00',0.00),(287,16,'2020-07-26 13:31:08','XXX','','0000-00-00 00:00:00',0,NULL,'Pet Glass','KG','Packaging','0',4.00,0.00,0.00,0.00,'4.2',0.00,0.00,'',0.00,'',0.00,'0.00',0.00),(288,16,'2020-07-26 13:31:08','XXX','','0000-00-00 00:00:00',0,NULL,'Plastic chat plate','PCS','Packaging','0',1.00,0.00,0.00,0.00,'0.5',0.00,0.00,'',0.00,'',0.00,'0.00',0.00),(289,16,'2020-07-26 13:31:08','XXX','','0000-00-00 00:00:00',0,NULL,'Plastic Container 5 LTR','PIECE','Packaging','0',70.00,0.00,0.00,0.00,'70',0.00,0.00,'',0.00,'',0.00,'0.00',0.00),(290,16,'2020-07-26 13:31:08','XXX','','0000-00-00 00:00:00',0,NULL,'Plastic Container 1000 ml','PIECE','Packaging','0',5.00,0.00,0.00,0.00,'5.4',0.00,0.00,'',0.00,'',0.00,'0.00',0.00),(291,16,'2020-07-26 13:31:08','XXX','','0000-00-00 00:00:00',0,NULL,'Plastic Container 250 ml','PIECE','Packaging','5',3.00,0.00,0.00,0.00,'2.8',0.00,0.00,'',5.00,'',0.00,'0.00',0.00),(292,16,'2020-07-26 13:31:08','XXX','','0000-00-00 00:00:00',0,NULL,'Plastic Container 500 ml','PIECE','Packaging','5',4.00,0.00,0.00,0.00,'4.2',0.00,0.00,'',5.00,'',0.00,'0.00',0.00),(293,16,'2020-07-26 13:31:08','XXX','','0000-00-00 00:00:00',0,NULL,'Plastic Hand Gloves Special','PIECE','Packaging','5',2.00,0.00,0.00,0.00,'2.4',0.00,0.00,'',5.00,'',0.00,'0.00',0.00),(294,16,'2020-07-26 13:31:08','XXX','','0000-00-00 00:00:00',0,NULL,'Plastic Hand Gloves','PKT','Packaging','0',50.00,0.00,0.00,0.00,'50',0.00,0.00,'',0.00,'',0.00,'0.00',0.00),(295,16,'2020-07-26 13:31:08','XXX','','0000-00-00 00:00:00',0,NULL,'Plastic plate 4cp','PCS','Packaging','0',4.00,0.00,0.00,0.00,'3.8',0.00,0.00,'',0.00,'',0.00,'0.00',0.00),(296,16,'2020-07-26 13:31:08','XXX','','0000-00-00 00:00:00',0,NULL,'Platter','PIECE','Packaging','0',5.00,0.00,0.00,0.00,'5',0.00,0.00,'',0.00,'',0.00,'0.00',0.00),(297,16,'2020-07-26 13:31:08','XXX','','0000-00-00 00:00:00',0,NULL,'Poly Bag 9*12','PKT','Packaging','0',70.00,0.00,0.00,0.00,'70',0.00,0.00,'',0.00,'',0.00,'0.00',0.00),(298,16,'2020-07-26 13:31:08','XXX','','0000-00-00 00:00:00',0,NULL,'Poyl Bag 7*10','PKT','Packaging','0',45.00,0.00,0.00,0.00,'45',0.00,0.00,'',0.00,'',0.00,'0.00',0.00),(299,16,'2020-07-26 13:31:08','XXX','','0000-00-00 00:00:00',0,NULL,'Poly Bag 5*7','KG','Packaging','0',175.00,0.00,0.00,0.00,'175',0.00,0.00,'',0.00,'',0.00,'0.00',0.00),(300,16,'2020-07-26 13:31:08','XXX','','0000-00-00 00:00:00',0,NULL,'Poly Bag(6*8)','KG','Packaging','0.26',167.00,0.00,0.00,0.00,'166.6',0.00,0.00,'',0.26,'',0.00,'0.00',0.00),(301,16,'2020-07-26 13:31:08','XXX','','0000-00-00 00:00:00',0,NULL,'Polythene 2kg','KG','Packaging','0.3',140.00,0.00,0.00,0.00,'140',0.00,0.00,'',0.30,'',0.00,'0.00',0.00),(302,16,'2020-07-26 13:31:08','XXX','','0000-00-00 00:00:00',0,NULL,'Polythene 5kg','KG','Packaging','1',100.00,0.00,0.00,0.00,'100',0.00,0.00,'',1.00,'',0.00,'0.00',0.00),(303,16,'2020-07-26 13:31:08','XXX','','0000-00-00 00:00:00',0,NULL,'Printed Plastic Glass 350 Gm','KG','Packaging','0.1',3.00,0.00,0.00,0.00,'3.28',0.00,0.00,'',0.10,'',0.00,'0.00',0.00),(304,16,'2020-07-26 13:31:08','XXX','','0000-00-00 00:00:00',0,NULL,'Rectangle Container 1000','KG','Packaging','75',3.00,0.00,0.00,0.00,'2.72',0.00,0.00,'',75.00,'',0.00,'0.00',0.00),(305,16,'2020-07-26 13:31:08','XXX','','0000-00-00 00:00:00',0,NULL,'Rectangle Container 250','KG','Packaging','0',2.00,0.00,0.00,0.00,'1.5',0.00,0.00,'',0.00,'',0.00,'0.00',0.00),(306,16,'2020-07-26 13:31:08','XXX','','0000-00-00 00:00:00',0,NULL,'Rectangle Container 500','KG','Packaging','0',2.00,0.00,0.00,0.00,'2.21',0.00,0.00,'',0.00,'',0.00,'0.00',0.00),(307,16,'2020-07-26 13:31:08','XXX','','0000-00-00 00:00:00',0,NULL,'Butter Paper Roll','PIECE','Packaging','0',90.00,0.00,0.00,0.00,'90',0.00,0.00,'',0.00,'',0.00,'0.00',0.00),(308,16,'2020-07-26 13:31:08','XXX','','0000-00-00 00:00:00',0,NULL,'Rubber Band','KG','Packaging','0',360.00,0.00,0.00,0.00,'360',0.00,0.00,'',0.00,'',0.00,'0.00',0.00),(309,16,'2020-07-26 13:31:08','XXX','','0000-00-00 00:00:00',0,NULL,'Seal roll','KG','Packaging','0.05',170.00,0.00,0.00,0.00,'170',0.00,0.00,'',0.05,'',0.00,'0.00',0.00),(310,16,'2020-07-26 13:31:08','XXX','','0000-00-00 00:00:00',0,NULL,'Sealing Film Roll Kg','KG','Packaging','0',370.00,0.00,0.00,0.00,'370',0.00,0.00,'',0.00,'',0.00,'0.00',0.00),(311,16,'2020-07-26 13:31:08','XXX','','0000-00-00 00:00:00',0,NULL,'Silver Container 250ml','PIECE','Packaging','0',1.00,0.00,0.00,0.00,'1.2',0.00,0.00,'',0.00,'',0.00,'0.00',0.00),(312,16,'2020-07-26 13:31:08','XXX','','0000-00-00 00:00:00',0,NULL,'Silver Container 450ml','PIECE','Packaging','0',2.00,0.00,0.00,0.00,'1.6',0.00,0.00,'',0.00,'',0.00,'0.00',0.00),(313,16,'2020-07-26 13:31:08','XXX','','0000-00-00 00:00:00',0,NULL,'Silver Container 660ml','PIECE','Packaging','2',2.00,0.00,0.00,0.00,'2.4',0.00,0.00,'',2.00,'',0.00,'0.00',0.00),(314,16,'2020-07-26 13:31:08','XXX','','0000-00-00 00:00:00',0,NULL,'Silver Foil Roll','KG','Packaging','2',250.00,0.00,0.00,0.00,'250',0.00,0.00,'',2.00,'',0.00,'0.00',0.00),(315,16,'2020-07-26 13:31:08','XXX','','0000-00-00 00:00:00',0,NULL,'Silver Plate 5inch ','PCS','Packaging','0',0.00,0.00,0.00,0.00,'0.4',0.00,0.00,'',0.00,'',0.00,'0.00',0.00),(316,16,'2020-07-26 13:31:08','XXX','','0000-00-00 00:00:00',0,NULL,'Silver Plates 3cp','PIECE','Packaging','0',1.00,0.00,0.00,0.00,'1',0.00,0.00,'',0.00,'',0.00,'0.00',0.00),(317,16,'2020-07-26 13:31:08','XXX','','0000-00-00 00:00:00',0,NULL,'Square Plain Gallon','KG','Packaging','0',9.00,0.00,0.00,0.00,'8.5',0.00,0.00,'',0.00,'',0.00,'0.00',0.00),(318,16,'2020-07-26 13:31:08','XXX','','0000-00-00 00:00:00',0,NULL,'Square Print Gallon','Piece','Packaging','0',9.00,0.00,0.00,0.00,'8.5',0.00,0.00,'',0.00,'',0.00,'0.00',0.00),(319,16,'2020-07-26 13:31:08','XXX','','0000-00-00 00:00:00',0,NULL,'Sticker','KG','Packaging','5.9',1.00,0.00,0.00,0.00,'0.9',0.00,0.00,'',5.90,'',0.00,'0.00',0.00),(320,16,'2020-07-26 13:31:08','XXX','','0000-00-00 00:00:00',0,NULL,'Straw','Piece','Packaging','0',0.00,0.00,0.00,0.00,'0.35',0.00,0.00,'',0.00,'',0.00,'0.00',0.00),(321,16,'2020-07-26 13:31:08','XXX','','0000-00-00 00:00:00',0,NULL,'Sweet Box 1 Kg','KG','Packaging','110',9.00,0.00,0.00,0.00,'9',0.00,0.00,'',110.00,'',0.00,'0.00',0.00),(322,16,'2020-07-26 13:31:08','XXX','','0000-00-00 00:00:00',0,NULL,'Sweet Box 1 Kg Gift Pack','PIECE','Packaging','1',24.00,0.00,0.00,0.00,'24',0.00,0.00,'',1.00,'',0.00,'0.00',0.00),(323,16,'2020-07-26 13:31:08','XXX','','0000-00-00 00:00:00',0,NULL,'Sweet Box 1/2 Kg','PIECE','Packaging','0',7.00,0.00,0.00,0.00,'7',0.00,0.00,'',0.00,'',0.00,'0.00',0.00),(324,16,'2020-07-26 13:31:08','XXX','','0000-00-00 00:00:00',0,NULL,'Tape(Brown)','KG','Packaging','0',25.00,0.00,0.00,0.00,'25',0.00,0.00,'',0.00,'',0.00,'0.00',0.00),(325,16,'2020-07-26 13:31:08','XXX','','0000-00-00 00:00:00',0,NULL,'Tissue Paper','PIECE','Packaging','0.4',17.00,0.00,0.00,0.00,'17',0.00,0.00,'',0.40,'',0.00,'0.00',0.00),(326,16,'2020-07-26 13:31:08','XXX','','0000-00-00 00:00:00',0,NULL,'Tooth Pick ','PKT','Packaging','1.3',10.00,0.00,0.00,0.00,'10',0.00,0.00,'',1.30,'',0.00,'0.00',0.00),(327,16,'2020-07-26 13:31:08','XXX','','0000-00-00 00:00:00',0,NULL,'W.Spoon','KG','Packaging','0',0.00,0.00,0.00,0.00,'0.1',0.00,0.00,'',0.00,'',0.00,'0.00',0.00),(328,16,'2020-07-26 13:31:08','XXX','','0000-00-00 00:00:00',0,NULL,'W.Spoon Special','KG','Packaging','0',1.00,0.00,0.00,0.00,'0.8',0.00,0.00,'',0.00,'',0.00,'0.00',0.00),(329,16,'2020-07-26 13:31:08','XXX','','0000-00-00 00:00:00',0,NULL,'Water Glass','PIECE','Packaging','0',0.00,0.00,0.00,0.00,'0.36',0.00,0.00,'',0.00,'',0.00,'0.00',0.00),(330,16,'2020-07-26 13:31:08','XXX','','0000-00-00 00:00:00',0,NULL,'Wooden Dona Special','PCS','Packaging','40',3.00,0.00,0.00,0.00,'3',0.00,0.00,'',40.00,'',0.00,'0.00',0.00),(331,16,'2020-07-26 13:31:08','XXX','','0000-00-00 00:00:00',0,NULL,'Wooden Plate Special ','PCS','Packaging','0',5.00,0.00,0.00,0.00,'5',0.00,0.00,'',0.00,'',0.00,'0.00',0.00),(332,16,'2020-07-26 13:31:08','XXX','','0000-00-00 00:00:00',0,NULL,'Zip Pouch','pc','Packaging','0',28.00,0.00,0.00,0.00,'28.4',0.00,0.00,'',0.00,'',0.00,'0.00',0.00),(333,16,'2020-07-26 13:31:08','XXX','','0000-00-00 00:00:00',0,NULL,'Arhar Dal','KG','Rice & Pulses','0',95.00,0.00,0.00,0.00,'95',0.00,0.00,'',0.00,'',0.00,'0.00',0.00),(334,16,'2020-07-26 13:31:08','XXX','','0000-00-00 00:00:00',0,NULL,'Basmati rice','KG','Rice & Pulses','0',79.00,0.00,0.00,0.00,'79',0.00,0.00,'',0.00,'',0.00,'0.00',0.00),(335,16,'2020-07-26 13:31:08','XXX','','0000-00-00 00:00:00',0,NULL,'Chana Dal','KG','Rice & Pulses','0',73.00,0.00,0.00,0.00,'73',0.00,0.00,'',0.00,'',0.00,'0.00',0.00),(336,16,'2020-07-26 13:31:08','XXX','','0000-00-00 00:00:00',0,NULL,'Chana Kabuli','KG','Rice & Pulses','0',76.00,0.00,0.00,0.00,'76',0.00,0.00,'',0.00,'',0.00,'0.00',0.00),(337,16,'2020-07-26 13:31:08','XXX','','0000-00-00 00:00:00',0,NULL,'Mix Daal','KG','Rice & Pulses','11.2',83.00,0.00,0.00,0.00,'83',0.00,0.00,'',11.20,'',0.00,'0.00',0.00),(338,16,'2020-07-26 13:31:08','XXX','','0000-00-00 00:00:00',0,NULL,'Moong Dhuli','KG','Rice & Pulses','0',80.00,0.00,0.00,0.00,'80',0.00,0.00,'',0.00,'',0.00,'0.00',0.00),(339,16,'2020-07-26 13:31:08','XXX','','0000-00-00 00:00:00',0,NULL,'Rajma Chitra','KG','Rice & Pulses','0',92.00,0.00,0.00,0.00,'92',0.00,0.00,'',0.00,'',0.00,'0.00',0.00),(340,16,'2020-07-26 13:31:08','XXX','','0000-00-00 00:00:00',0,NULL,'Rice Staff','kg','Rice & Pulses','0',40.00,0.00,0.00,0.00,'40',0.00,0.00,'',0.00,'',0.00,'0.00',0.00),(341,16,'2020-07-26 13:31:08','XXX','','0000-00-00 00:00:00',0,NULL,'Sama Rice','KG','Rice & Pulses','0',100.00,0.00,0.00,0.00,'100',0.00,0.00,'',0.00,'',0.00,'0.00',0.00),(342,16,'2020-07-26 13:31:08','XXX','','0000-00-00 00:00:00',0,NULL,'urad dal sabut','KG','Rice & Pulses','0',99.00,0.00,0.00,0.00,'99',0.00,0.00,'',0.00,'',0.00,'0.00',0.00),(343,16,'2020-07-26 13:31:08','XXX','','0000-00-00 00:00:00',0,NULL,'Urad Dhuli','kg','Rice & Pulses','0',150.00,0.00,0.00,0.00,'150',0.00,0.00,'',0.00,'',0.00,'0.00',0.00),(344,16,'2020-07-26 13:31:08','XXX','','0000-00-00 00:00:00',0,NULL,'Ajinomoto','KG','Spice','0.575',160.00,0.00,0.00,0.00,'160',0.00,0.00,'',0.57,'',0.00,'0.00',0.00),(345,16,'2020-07-26 13:31:08','XXX','','0000-00-00 00:00:00',0,NULL,'Ajwain','KG','Spice','0.2',240.00,0.00,0.00,0.00,'240',0.00,0.00,'',0.20,'',0.00,'0.00',0.00),(346,16,'2020-07-26 13:31:08','XXX','','0000-00-00 00:00:00',0,NULL,'Amchur Powder','KG','Spice','0.047',220.00,0.00,0.00,0.00,'220',0.00,0.00,'',0.05,'',0.00,'0.00',0.00),(347,16,'2020-07-26 13:31:08','XXX','','0000-00-00 00:00:00',0,NULL,'Amchur Sabut','KG','Spice','0.265',300.00,0.00,0.00,0.00,'300',0.00,0.00,'',0.26,'',0.00,'0.00',0.00),(348,16,'2020-07-26 13:31:08','XXX','','0000-00-00 00:00:00',0,NULL,'Amla Dry','KG','Spice','0',200.00,0.00,0.00,0.00,'200',0.00,0.00,'',0.00,'',0.00,'0.00',0.00),(349,16,'2020-07-26 13:31:08','XXX','','0000-00-00 00:00:00',0,NULL,'Anardana','KG','Spice','0.067',467.00,0.00,0.00,0.00,'466.5',0.00,0.00,'',0.07,'',0.00,'0.00',0.00),(350,16,'2020-07-26 13:31:08','XXX','','0000-00-00 00:00:00',0,NULL,'Anardana Powder','KG','Spice','0.56',332.00,0.00,0.00,0.00,'332',0.00,0.00,'',0.56,'',0.00,'0.00',0.00),(351,16,'2020-07-26 13:31:08','XXX','','0000-00-00 00:00:00',0,NULL,'Baking Powder','KG','Spice','0',70.00,0.00,0.00,0.00,'70',0.00,0.00,'',0.00,'',0.00,'0.00',0.00),(352,16,'2020-07-26 13:31:08','XXX','','0000-00-00 00:00:00',0,NULL,'Black Peeper Sabut','KG','Spice','0.21',480.00,0.00,0.00,0.00,'480',0.00,0.00,'',0.21,'',0.00,'0.00',0.00),(353,16,'2020-07-26 13:31:08','XXX','','0000-00-00 00:00:00',0,NULL,'Black Pepper Powder','KG','Spice','0.03',600.00,0.00,0.00,0.00,'600',0.00,0.00,'',0.03,'',0.00,'0.00',0.00),(354,16,'2020-07-26 13:31:08','XXX','','0000-00-00 00:00:00',0,NULL,'Black Salt','KG','Spice','0',27.00,0.00,0.00,0.00,'27',0.00,0.00,'',0.00,'',0.00,'0.00',0.00),(355,16,'2020-07-26 13:31:08','XXX','','0000-00-00 00:00:00',0,NULL,'Chana Masala','KG','Spice','0.17',478.00,0.00,0.00,0.00,'478',0.00,0.00,'',0.17,'',0.00,'0.00',0.00),(356,16,'2020-07-26 13:31:08','XXX','','0000-00-00 00:00:00',0,NULL,'Chat masala','KG','Spice','0',580.00,0.00,0.00,0.00,'580',0.00,0.00,'',0.00,'',0.00,'0.00',0.00),(357,16,'2020-07-26 13:31:08','XXX','','0000-00-00 00:00:00',0,NULL,'Choti Elaichi','KG','Spice','0',4500.00,0.00,0.00,0.00,'4500',0.00,0.00,'',0.00,'',0.00,'0.00',0.00),(358,16,'2020-07-26 13:31:08','XXX','','0000-00-00 00:00:00',0,NULL,'Dal Chini','KG','Spice','0.015',320.00,0.00,0.00,0.00,'320',0.00,0.00,'',0.02,'',0.00,'0.00',0.00),(359,16,'2020-07-26 13:31:08','XXX','','0000-00-00 00:00:00',0,NULL,'Degi Mirch Mdh','KG','Spice','0.01',290.00,0.00,0.00,0.00,'290',0.00,0.00,'',0.01,'',0.00,'0.00',0.00),(360,16,'2020-07-26 13:31:08','XXX','','0000-00-00 00:00:00',0,NULL,'Dhaniya Powder','KG','Spice','0.22',150.00,0.00,0.00,0.00,'150',0.00,0.00,'',0.22,'',0.00,'0.00',0.00),(361,16,'2020-07-26 13:31:08','XXX','','0000-00-00 00:00:00',0,NULL,'Dhaniya Sabut','KG','Spice','0.205',180.00,0.00,0.00,0.00,'180',0.00,0.00,'',0.20,'',0.00,'0.00',0.00),(362,16,'2020-07-26 13:31:08','XXX','','0000-00-00 00:00:00',0,NULL,'Dry Yeast','KG','Spice','0.105',260.00,0.00,0.00,0.00,'260',0.00,0.00,'',0.10,'',0.00,'0.00',0.00),(363,16,'2020-07-26 13:31:08','XXX','','0000-00-00 00:00:00',0,NULL,'Elaichi Big','KG','Spice','0.043',950.00,0.00,0.00,0.00,'950',0.00,0.00,'',0.04,'',0.00,'0.00',0.00),(364,16,'2020-07-26 13:31:08','XXX','','0000-00-00 00:00:00',0,NULL,'Garam Masala','KG','Spice','0',1030.00,0.00,0.00,0.00,'1030',0.00,0.00,'',0.00,'',0.00,'0.00',0.00),(365,16,'2020-07-26 13:31:08','XXX','','0000-00-00 00:00:00',0,NULL,'Gond','KG','Spice','0.305',320.00,0.00,0.00,0.00,'320',0.00,0.00,'',0.30,'',0.00,'0.00',0.00),(366,16,'2020-07-26 13:31:08','XXX','','0000-00-00 00:00:00',0,NULL,'Haldi Powder','KG','Spice','0',150.00,0.00,0.00,0.00,'150',0.00,0.00,'',0.00,'',0.00,'0.00',0.00),(367,16,'2020-07-26 13:31:08','XXX','','0000-00-00 00:00:00',0,NULL,'Heeng','KG','Spice','0.29',5800.00,0.00,0.00,0.00,'5800',0.00,0.00,'',0.29,'',0.00,'0.00',0.00),(368,16,'2020-07-26 13:31:08','XXX','','0000-00-00 00:00:00',0,NULL,'Imli','KG','Spice','0.007',100.00,0.00,0.00,0.00,'100',0.00,0.00,'',0.01,'',0.00,'0.00',0.00),(369,16,'2020-07-26 13:31:08','XXX','','0000-00-00 00:00:00',0,NULL,'Jaiphal','KG','Spice','0.15',800.00,0.00,0.00,0.00,'800',0.00,0.00,'',0.15,'',0.00,'0.00',0.00),(370,16,'2020-07-26 13:31:08','XXX','','0000-00-00 00:00:00',0,NULL,'Javitri','KG','Spice','0',2300.00,0.00,0.00,0.00,'2300',0.00,0.00,'',0.00,'',0.00,'0.00',0.00),(371,16,'2020-07-26 13:31:08','XXX','','0000-00-00 00:00:00',0,NULL,'Jeera','KG','Spice','0',220.00,0.00,0.00,0.00,'220',0.00,0.00,'',0.00,'',0.00,'0.00',0.00),(372,16,'2020-07-26 13:31:08','XXX','','0000-00-00 00:00:00',0,NULL,'Chilly Flakes','gm','Spice','0.068',1.00,0.00,0.00,0.00,'1',0.00,0.00,'',0.07,'',0.00,'0.00',0.00),(373,16,'2020-07-26 13:31:08','XXX','','0000-00-00 00:00:00',0,NULL,'Organo','gm','Spice','0',1.00,0.00,0.00,0.00,'1',0.00,0.00,'',0.00,'',0.00,'0.00',0.00),(374,16,'2020-07-26 13:31:08','XXX','','0000-00-00 00:00:00',0,NULL,'Kabab Chini','KG','Spice','0',2400.00,0.00,0.00,0.00,'2400',0.00,0.00,'',0.00,'',0.00,'0.00',0.00),(375,16,'2020-07-26 13:31:08','XXX','','0000-00-00 00:00:00',0,NULL,'Kalongi','KG','Spice','0',150.00,0.00,0.00,0.00,'150',0.00,0.00,'',0.00,'',0.00,'0.00',0.00),(376,16,'2020-07-26 13:31:08','XXX','','0000-00-00 00:00:00',0,NULL,'Kitchen King Masala','KG','Spice','0',400.00,0.00,0.00,0.00,'400',0.00,0.00,'',0.00,'',0.00,'0.00',0.00),(377,16,'2020-07-26 13:31:08','XXX','','0000-00-00 00:00:00',0,NULL,'Kutti Mirch','KG','Spice','0.036',260.00,0.00,0.00,0.00,'260',0.00,0.00,'',0.04,'',0.00,'0.00',0.00),(378,16,'2020-07-26 13:31:08','XXX','','0000-00-00 00:00:00',0,NULL,'Loung','KG','Spice','0.205',800.00,0.00,0.00,0.00,'800',0.00,0.00,'',0.20,'',0.00,'0.00',0.00),(379,16,'2020-07-26 13:31:08','XXX','','0000-00-00 00:00:00',0,NULL,'Magaz Brik','KG','Spice','0',550.00,0.00,0.00,0.00,'550',0.00,0.00,'',0.00,'',0.00,'0.00',0.00),(380,16,'2020-07-26 13:31:08','XXX','','0000-00-00 00:00:00',0,NULL,'Masala No. 2','KG','Spice','0',200.00,0.00,0.00,0.00,'200',0.00,0.00,'',0.00,'',0.00,'0.00',0.00),(381,16,'2020-07-26 13:31:08','XXX','','0000-00-00 00:00:00',0,NULL,'Methi Chutney','KG','Spice','1.355',240.00,0.00,0.00,0.00,'240',0.00,0.00,'',1.36,'',0.00,'0.00',0.00),(382,16,'2020-07-26 13:31:08','XXX','','0000-00-00 00:00:00',0,NULL,'Methi Dana','KG','Spice','0.15',100.00,0.00,0.00,0.00,'100',0.00,0.00,'',0.15,'',0.00,'0.00',0.00),(383,16,'2020-07-26 13:31:08','XXX','','0000-00-00 00:00:00',0,NULL,'Methi Patta','KG','Spice','0',250.00,0.00,0.00,0.00,'250',0.00,0.00,'',0.00,'',0.00,'0.00',0.00),(384,16,'2020-07-26 13:31:08','XXX','','0000-00-00 00:00:00',0,NULL,'MISHRI','KG','Spice','0.105',60.00,0.00,0.00,0.00,'60',0.00,0.00,'',0.10,'',0.00,'0.00',0.00),(385,16,'2020-07-26 13:31:08','XXX','','0000-00-00 00:00:00',0,NULL,'Moti magaz','KG','Spice','0.02',270.00,0.00,0.00,0.00,'270',0.00,0.00,'',0.02,'',0.00,'0.00',0.00),(386,16,'2020-07-26 13:31:08','XXX','','0000-00-00 00:00:00',0,NULL,'Naubahar Chutney','KG','Spice','0.015',330.00,0.00,0.00,0.00,'330',0.00,0.00,'',0.02,'',0.00,'0.00',0.00),(387,16,'2020-07-26 13:31:08','XXX','','0000-00-00 00:00:00',0,NULL,'Paan Ki Jad','KG','Spice','0.1',220.00,0.00,0.00,0.00,'220',0.00,0.00,'',0.10,'',0.00,'0.00',0.00),(388,16,'2020-07-26 13:31:08','XXX','','0000-00-00 00:00:00',0,NULL,'Pachforan','KG','Spice','0',200.00,0.00,0.00,0.00,'200',0.00,0.00,'',0.00,'',0.00,'0.00',0.00),(389,16,'2020-07-26 13:31:08','XXX','','0000-00-00 00:00:00',0,NULL,'Pipal','KG','Spice','0',500.00,0.00,0.00,0.00,'500',0.00,0.00,'',0.00,'',0.00,'0.00',0.00),(390,16,'2020-07-26 13:31:08','XXX','','0000-00-00 00:00:00',0,NULL,'Rai','KG','Spice','0',120.00,0.00,0.00,0.00,'120',0.00,0.00,'',0.00,'',0.00,'0.00',0.00),(391,16,'2020-07-26 13:31:08','XXX','','0000-00-00 00:00:00',0,NULL,'Rai Powder','KG','Spice','0',150.00,0.00,0.00,0.00,'150',0.00,0.00,'',0.00,'',0.00,'0.00',0.00),(392,16,'2020-07-26 13:31:08','XXX','','0000-00-00 00:00:00',0,NULL,'Rang Kat','kg','Spice','0',240.00,0.00,0.00,0.00,'240',0.00,0.00,'',0.00,'',0.00,'0.00',0.00),(393,16,'2020-07-26 13:31:08','XXX','','0000-00-00 00:00:00',0,NULL,'Ratan Jyoti ','KG','Spice','0.005',525.00,0.00,0.00,0.00,'525',0.00,0.00,'',0.00,'',0.00,'0.00',0.00),(394,16,'2020-07-26 13:31:08','XXX','','0000-00-00 00:00:00',0,NULL,'Red Chilli Powder','KG','Spice','0',250.00,0.00,0.00,0.00,'250',0.00,0.00,'',0.00,'',0.00,'0.00',0.00),(395,16,'2020-07-26 13:31:08','XXX','','0000-00-00 00:00:00',0,NULL,'Reetha','KG','Spice','0.008',120.00,0.00,0.00,0.00,'120',0.00,0.00,'',0.01,'',0.00,'0.00',0.00),(396,16,'2020-07-26 13:31:08','XXX','','0000-00-00 00:00:00',0,NULL,'Rose Flower','KG','Spice','0',400.00,0.00,0.00,0.00,'400',0.00,0.00,'',0.00,'',0.00,'0.00',0.00),(397,16,'2020-07-26 13:31:08','XXX','','0000-00-00 00:00:00',0,NULL,'Sahi Jeera','KG','Spice','0',800.00,0.00,0.00,0.00,'800',0.00,0.00,'',0.00,'',0.00,'0.00',0.00),(398,16,'2020-07-26 13:31:08','XXX','','0000-00-00 00:00:00',0,NULL,'Salt','KG','Spice','0',17.00,0.00,0.00,0.00,'17',0.00,0.00,'',0.00,'',0.00,'0.00',0.00),(399,16,'2020-07-26 13:31:08','XXX','','0000-00-00 00:00:00',0,NULL,'Salt Sanda','KG','Spice','1.3',37.00,0.00,0.00,0.00,'37',0.00,0.00,'',1.30,'',0.00,'0.00',0.00),(400,16,'2020-07-26 13:31:08','XXX','','0000-00-00 00:00:00',0,NULL,'Sambhar Masala','KG','Spice','0',600.00,0.00,0.00,0.00,'600',0.00,0.00,'',0.00,'',0.00,'0.00',0.00),(401,16,'2020-07-26 13:31:08','XXX','','0000-00-00 00:00:00',0,NULL,'Seasame Seed(Til)','KG','Spice','0',157.00,0.00,0.00,0.00,'156.8',0.00,0.00,'',0.00,'',0.00,'0.00',0.00),(402,16,'2020-07-26 13:31:08','XXX','','0000-00-00 00:00:00',0,NULL,'Sonth Powder','KG','Spice','0',360.00,0.00,0.00,0.00,'360',0.00,0.00,'',0.00,'',0.00,'0.00',0.00),(403,16,'2020-07-26 13:31:08','XXX','','0000-00-00 00:00:00',0,NULL,'Sounf Barik','KG','Spice','0',230.00,0.00,0.00,0.00,'230',0.00,0.00,'',0.00,'',0.00,'0.00',0.00),(404,16,'2020-07-26 13:31:08','XXX','','0000-00-00 00:00:00',0,NULL,'Star Phool','KG','Spice','0.055',700.00,0.00,0.00,0.00,'700',0.00,0.00,'',0.06,'',0.00,'0.00',0.00),(405,16,'2020-07-26 13:31:08','XXX','','0000-00-00 00:00:00',0,NULL,'Stone Flower','KG','Spice','0',630.00,0.00,0.00,0.00,'630',0.00,0.00,'',0.00,'',0.00,'0.00',0.00),(406,16,'2020-07-26 13:31:08','XXX','','0000-00-00 00:00:00',0,NULL,'Sweet Soda','KG','Spice','0',45.00,0.00,0.00,0.00,'45',0.00,0.00,'',0.00,'',0.00,'0.00',0.00),(407,16,'2020-07-26 13:31:08','XXX','','0000-00-00 00:00:00',0,NULL,'Tej Patta','KG','Spice','0.244',130.00,0.00,0.00,0.00,'130',0.00,0.00,'',0.24,'',0.00,'0.00',0.00),(408,16,'2020-07-26 13:31:08','XXX','','0000-00-00 00:00:00',0,NULL,'A4 Paper ','pcs','Stationary ','0',180.00,0.00,0.00,0.00,'180',0.00,0.00,'',0.00,'',0.00,'0.00',0.00),(409,16,'2020-07-26 13:31:08','XXX','','0000-00-00 00:00:00',0,NULL,'Double Sided Tape','PIECE','Stationary ','0',30.00,0.00,0.00,0.00,'30',0.00,0.00,'',0.00,'',0.00,'0.00',0.00),(410,16,'2020-07-26 13:31:08','XXX','','0000-00-00 00:00:00',0,NULL,'Pen','Piece','Stationary ','0',4.00,0.00,0.00,0.00,'4',0.00,0.00,'',0.00,'',0.00,'0.00',0.00),(411,16,'2020-07-26 13:31:08','XXX','','0000-00-00 00:00:00',0,NULL,'Register','PIECE','Stationary ','0',95.00,0.00,0.00,0.00,'95',0.00,0.00,'',0.00,'',0.00,'0.00',0.00),(412,16,'2020-07-26 13:31:08','XXX','','0000-00-00 00:00:00',0,NULL,'Marker Pen','PIECE','Stationary ','0',20.00,0.00,0.00,0.00,'20',0.00,0.00,'',0.00,'',0.00,'0.00',0.00),(413,16,'2020-07-26 13:31:08','XXX','','0000-00-00 00:00:00',0,NULL,'Pencil','Piece','Stationary ','0',4.00,0.00,0.00,0.00,'4',0.00,0.00,'',0.00,'',0.00,'0.00',0.00),(414,16,'2020-07-26 13:31:08','XXX','','0000-00-00 00:00:00',0,NULL,'Cobra File','PIECE','Stationary ','0',15.00,0.00,0.00,0.00,'15',0.00,0.00,'',0.00,'',0.00,'0.00',0.00),(418,16,'2020-07-26 13:31:08','XXX','','0000-00-00 00:00:00',0,NULL,'Refined Oil','KG','Oil & Fuel','0',110.00,0.00,10.00,0.00,'110',10.00,0.00,'',0.00,'',0.00,'0.00',0.00),(419,16,'2020-07-26 13:31:08','XXX','','0000-00-00 00:00:00',0,NULL,'G-Bag Jumbo','KG','Packaging','10',96.00,0.00,8.00,0.00,'96',8.00,0.00,'',10.00,'',0.00,'0.00',0.00),(420,16,'2020-07-26 13:31:08','XXX','','0000-00-00 00:00:00',0,NULL,'Markin Cloth','MTR','Packaging','0.2',30.00,0.00,20.00,0.00,'30',20.00,0.00,'',0.20,'',0.00,'0.00',0.00),(421,16,'2020-07-26 13:31:08','XXX','','0000-00-00 00:00:00',0,NULL,'Ghevar Box','PIECE','Packaging','3',16.00,0.00,0.00,0.00,'16',0.00,0.00,'',3.00,'',0.00,'0.00',0.00),(422,17,'2020-07-26 13:31:08','XXX','','0000-00-00 00:00:00',0,NULL,'Chuara','kg','Dry Fruit','7',10.00,458.00,290.00,0.00,'kg',0.00,0.00,'',0.00,'',0.00,'0.00',0.00),(423,17,'2020-07-26 13:31:08','XXX','','0000-00-00 00:00:00',0,NULL,'Alphonso Mango Pulp','kg','General Store','70',1.00,100.00,300.00,0.00,'kg',0.00,0.00,'',0.00,'',0.00,'0.00',0.00),(424,18,'2020-08-01 13:37:56','XXX','','0000-00-00 00:00:00',0,NULL,'Chuara','kg','Dry Fruit','7',10.00,458.00,290.00,0.00,'kg',0.00,0.00,NULL,0.00,'',0.00,NULL,0.00),(425,18,'2020-08-01 13:37:56','XXX','','0000-00-00 00:00:00',0,NULL,'Alphonso Mango Pulp','kg','General Store','70',1.00,100.00,300.00,0.00,'kg',0.00,0.00,NULL,0.00,'',0.00,NULL,0.00),(432,15,'2020-08-01 18:30:00','XXX','','0000-00-00 00:00:00',0,NULL,'Amul Butter','kg','Diary','5',5.00,12.00,1.00,0.00,'gram',0.00,0.00,NULL,0.00,'',0.00,NULL,1.00),(433,15,'2020-08-01 18:30:00','XXX','','0000-00-00 00:00:00',0,NULL,'Amul Cheese','kg','Diary','8',5.00,260.00,1.00,0.00,'PKT',0.00,0.00,NULL,0.00,'',0.00,NULL,1.00);
/*!40000 ALTER TABLE `tbl_stockdb` ENABLE KEYS */;
UNLOCK TABLES;

--
-- Table structure for table `tbl_user`
--

DROP TABLE IF EXISTS `tbl_user`;
/*!40101 SET @saved_cs_client     = @@character_set_client */;
/*!40101 SET character_set_client = utf8 */;
CREATE TABLE `tbl_user` (
  `first_name` text NOT NULL,
  `last_name` text NOT NULL,
  `password` text NOT NULL,
  `email` text NOT NULL,
  `creation_time` timestamp NOT NULL DEFAULT CURRENT_TIMESTAMP,
  `modification_time` timestamp NOT NULL DEFAULT CURRENT_TIMESTAMP ON UPDATE CURRENT_TIMESTAMP,
  `deleted` text NOT NULL,
  `created_by` text NOT NULL,
  `modified_by` text NOT NULL,
  `id` int(11) NOT NULL AUTO_INCREMENT,
  `user_role` text NOT NULL,
  `phone_no` text NOT NULL,
  `adhar_no` text NOT NULL,
  `gender` text NOT NULL,
  `location_id` int(11) NOT NULL,
  PRIMARY KEY (`id`)
) ENGINE=InnoDB AUTO_INCREMENT=4 DEFAULT CHARSET=latin1;
/*!40101 SET character_set_client = @saved_cs_client */;

--
-- Dumping data for table `tbl_user`
--

LOCK TABLES `tbl_user` WRITE;
/*!40000 ALTER TABLE `tbl_user` DISABLE KEYS */;
INSERT INTO `tbl_user` VALUES ('aditya','kumar','rishikesh','adi.99kumar@gmail.com','2020-06-19 17:51:05','2020-07-19 11:02:41','N','','',1,'super-admin','','','',9),('omkarananda','Nilayam','sdf','temp@gmail.com','2020-07-07 21:34:09','2020-07-07 21:34:09','N','asdf','',2,'staff','32','3234','Male',0),('Raj','pal','123456','raj@gmail.com','2020-07-12 11:51:54','2020-08-01 13:37:56','N','asdf','',3,'location_admin','9889898989','434545645465454660','Male',18);
/*!40000 ALTER TABLE `tbl_user` ENABLE KEYS */;
UNLOCK TABLES;

--
-- Table structure for table `transaction`
--

DROP TABLE IF EXISTS `transaction`;
/*!40101 SET @saved_cs_client     = @@character_set_client */;
/*!40101 SET character_set_client = utf8 */;
CREATE TABLE `transaction` (
  `id` int(11) NOT NULL AUTO_INCREMENT,
  `tran_type` varchar(255) NOT NULL,
  `item_name` varchar(255) NOT NULL,
  `item_qty` float(15,2) NOT NULL,
  `item_price` float(15,2) NOT NULL,
  `tax` float(15,2) NOT NULL,
  `vendor` varchar(255) NOT NULL,
  `created_date` timestamp NOT NULL DEFAULT CURRENT_TIMESTAMP ON UPDATE CURRENT_TIMESTAMP,
  `tran_by` int(11) NOT NULL,
  PRIMARY KEY (`id`)
) ENGINE=InnoDB AUTO_INCREMENT=29 DEFAULT CHARSET=latin1;
/*!40101 SET character_set_client = @saved_cs_client */;

--
-- Dumping data for table `transaction`
--

LOCK TABLES `transaction` WRITE;
/*!40000 ALTER TABLE `transaction` DISABLE KEYS */;
INSERT INTO `transaction` VALUES (1,'Hello','sabdsjd',43.00,4.00,5656.00,'RAju','2020-07-26 14:29:26',1),(2,'Hello','sabdsjd',43.00,4.00,5656.00,'RAju','2020-07-26 14:31:35',1),(3,'stock_in','Amul Butter',5.00,5.00,0.00,'','2020-08-01 14:27:03',0),(4,'stock_in','Amul Butter',5.00,5.00,0.00,'','2020-08-01 14:27:40',0),(5,'stock_in','Amul Butter',5.00,5.00,0.00,'','2020-08-01 14:27:49',0),(6,'stock_in','Amul Butter',5.00,5.00,0.00,'','2020-08-01 14:28:28',0),(7,'stock_in','Amul Butter',5.00,5.00,0.00,'','2020-08-01 14:32:56',0),(8,'stock_in','Amul Cheese',5.00,5.00,0.00,'','2020-08-01 14:32:56',0),(9,'stock_in','Amul Butter',5.00,5.00,0.00,'','2020-08-01 14:33:05',0),(10,'stock_in','Amul Cheese',5.00,5.00,0.00,'','2020-08-01 14:33:05',0),(11,'stock_in','Amul Butter',5.00,5.00,0.00,'','2020-08-01 14:33:27',0),(12,'stock_in','Amul Butter',5.00,5.00,0.00,'','2020-08-01 14:36:21',0),(13,'stock_in','Amul Butter',5.00,5.00,0.00,'','2020-08-01 14:36:26',0),(14,'stock_in','Amul Butter',5.00,5.00,0.00,'','2020-08-01 14:36:49',0),(15,'stock_in','Amul Butter',1.00,1.00,0.00,'','2020-08-01 14:44:06',0),(16,'stock_in','Amul Cheese',1.00,1.00,0.00,'','2020-08-01 14:44:06',0),(17,'stock_in','Amul Butter',4.00,4.00,0.00,'','2020-08-01 14:44:39',0),(18,'stock_in','Amul Cheese',4.00,4.00,0.00,'','2020-08-01 14:44:39',0),(19,'stock_in','Amul Butter',1.00,1.00,0.00,'','2020-08-01 14:53:38',0),(20,'stock_in','Amul Cheese',1.00,1.00,0.00,'','2020-08-01 14:53:38',0),(21,'stock_in','Amul Butter',1.00,1.00,0.00,'','2020-08-01 15:09:51',0),(22,'stock_in','Amul Cheese',1.00,1.00,0.00,'','2020-08-01 15:09:51',0),(23,'stock_in','Amul Butter',1.00,1.00,0.00,'','2020-08-01 15:10:23',0),(24,'stock_in','Amul Cheese',1.00,1.00,0.00,'','2020-08-01 15:10:23',0),(25,'stock_in','Amul Butter',4.00,1.00,0.00,'','2020-08-01 15:10:57',0),(26,'stock_in','Amul Cheese',1.00,1.00,0.00,'','2020-08-01 15:10:57',0),(27,'stock_in','Amul Cheese',1.00,1.00,0.00,'','2020-08-01 15:18:04',0),(28,'stock_in','Amul Cheese',6.00,6.00,0.00,'','2020-08-01 15:18:16',0);
/*!40000 ALTER TABLE `transaction` ENABLE KEYS */;
UNLOCK TABLES;
/*!40103 SET TIME_ZONE=@OLD_TIME_ZONE */;

/*!40101 SET SQL_MODE=@OLD_SQL_MODE */;
/*!40014 SET FOREIGN_KEY_CHECKS=@OLD_FOREIGN_KEY_CHECKS */;
/*!40014 SET UNIQUE_CHECKS=@OLD_UNIQUE_CHECKS */;
/*!40101 SET CHARACTER_SET_CLIENT=@OLD_CHARACTER_SET_CLIENT */;
/*!40101 SET CHARACTER_SET_RESULTS=@OLD_CHARACTER_SET_RESULTS */;
/*!40101 SET COLLATION_CONNECTION=@OLD_COLLATION_CONNECTION */;
/*!40111 SET SQL_NOTES=@OLD_SQL_NOTES */;

-- Dump completed on 2020-09-04 19:37:41
