-- MySQL dump 10.13  Distrib 5.7.31, for Linux (x86_64)
--
-- Host: localhost    Database: ipac_storage
-- ------------------------------------------------------
-- Server version	5.7.31-0ubuntu0.18.04.1

/*!40101 SET @OLD_CHARACTER_SET_CLIENT=@@CHARACTER_SET_CLIENT */;
/*!40101 SET @OLD_CHARACTER_SET_RESULTS=@@CHARACTER_SET_RESULTS */;
/*!40101 SET @OLD_COLLATION_CONNECTION=@@COLLATION_CONNECTION */;
/*!40101 SET NAMES utf8 */;
/*!40103 SET @OLD_TIME_ZONE=@@TIME_ZONE */;
/*!40103 SET TIME_ZONE='+00:00' */;
/*!40014 SET @OLD_UNIQUE_CHECKS=@@UNIQUE_CHECKS, UNIQUE_CHECKS=0 */;
/*!40014 SET @OLD_FOREIGN_KEY_CHECKS=@@FOREIGN_KEY_CHECKS, FOREIGN_KEY_CHECKS=0 */;
/*!40101 SET @OLD_SQL_MODE=@@SQL_MODE, SQL_MODE='NO_AUTO_VALUE_ON_ZERO' */;
/*!40111 SET @OLD_SQL_NOTES=@@SQL_NOTES, SQL_NOTES=0 */;

--
-- Current Database: `ipac_storage`
--

CREATE DATABASE /*!32312 IF NOT EXISTS*/ `ipac_storage` /*!40100 DEFAULT CHARACTER SET utf8 */;

USE `ipac_storage`;

--
-- Table structure for table `ic_ac_name`
--

DROP TABLE IF EXISTS `ic_ac_name`;
/*!40101 SET @saved_cs_client     = @@character_set_client */;
/*!40101 SET character_set_client = utf8 */;
CREATE TABLE `ic_ac_name` (
  `ac_id` int(1) unsigned NOT NULL AUTO_INCREMENT,
  `district_id` int(1) unsigned NOT NULL,
  `ac_name` varchar(100) COLLATE utf8_unicode_ci DEFAULT NULL,
  PRIMARY KEY (`ac_id`)
) ENGINE=InnoDB AUTO_INCREMENT=4070 DEFAULT CHARSET=utf8 COLLATE=utf8_unicode_ci COMMENT='Assembly Constituency';
/*!40101 SET character_set_client = @saved_cs_client */;

--
-- Dumping data for table `ic_ac_name`
--

LOCK TABLES `ic_ac_name` WRITE;
/*!40000 ALTER TABLE `ic_ac_name` DISABLE KEYS */;
INSERT INTO `ic_ac_name` VALUES (1,1158,'NA (Union territory)'),(2,1163,'NA (Union territory)'),(3,1308,'NA (Union territory)'),(4,1319,'Ichchapuram'),(5,1319,'Palasa'),(6,1319,'Tekkali'),(7,1319,'Pathapatnam'),(8,1319,'Srikakulam'),(9,1319,'Amadalavalasa'),(10,1319,'Etcherla'),(11,1319,'Narasannapeta'),(12,1319,'Rajam '),(13,1319,'Palakonda '),(14,1380,'Kurupam '),(15,1380,'Parvathipuram '),(16,1380,'Salur '),(17,1380,'Bobbili '),(18,1380,'Cheepurupalle'),(19,1380,'Gajapathinagaram'),(20,1380,'Nellimarla'),(21,1380,'Vizianagaram'),(22,1380,'Srungavarapukota'),(23,1379,'Bhimli'),(24,1379,'Visakhapatnam East'),(25,1379,'Visakhapatnam South'),(26,1379,'Visakhapatnam  North'),(27,1379,'Visakhapatnam  West'),(28,1379,'Gajuwaka'),(29,1379,'Chodavaram'),(30,1379,'V.Madugula'),(31,1379,'Araku valley '),(32,1379,'Paderu '),(33,1379,'Anakapalli'),(34,1379,'Pendurthi'),(35,1379,'ELAMANCHILI'),(36,1379,'PAYAKARAOPETA '),(37,1379,'Narsipatnam'),(38,885,'Tuni'),(39,885,'Prathipadu'),(40,885,'Pithapuram'),(41,885,'Kakinada Rural'),(42,885,'Peddapuram'),(43,885,'Anaparthy'),(44,885,'Kakinada City'),(45,885,'Ramachandrapuram'),(46,885,'Mummidivaram'),(47,885,'Amalapuram '),(48,885,'Razole '),(49,885,'Kothapeta'),(50,885,'Mandapeta'),(51,885,'Rajanagaram'),(52,885,'Rajahmundry City'),(53,885,'Rajamundry Rural'),(54,885,'Jaggampeta '),(55,885,'Rampachodavaram '),(56,1390,'Kovvur '),(57,1390,'Nidadavole'),(58,1390,'Achanta'),(59,1390,'Palacole'),(60,1390,'Narasapuram'),(61,1390,'Bhimavaram'),(62,1390,'Undi'),(63,1390,'TANUKU'),(64,1390,'Tadepalligudem'),(65,1390,'Unguturu'),(66,1390,'Denduluru '),(67,1390,'Eluru'),(68,1390,'Gopalapuram '),(69,1390,'Polavaram '),(70,1390,'Chintalapudi '),(71,1058,'Tiruvuru '),(72,1058,'Nuzvid '),(73,885,'Gannavaram '),(74,1058,'Gannavaram'),(75,1058,'Gudivada '),(76,1058,'Kaikalur'),(77,1058,'Pedana'),(78,1058,'Machilipatnam'),(79,1058,'Avanigadda'),(80,1058,'Pamarru '),(81,1058,'Penamaluru'),(82,1058,'Vijaywada West'),(83,1058,'Vijayawada central'),(84,1058,'Vijayawada East'),(85,1058,'Mylavaram'),(86,1058,'Nandigama '),(87,1058,'Jaggayyapeta'),(88,931,'Pedakurapadu'),(89,931,'Tadikonda (SC)'),(90,931,'Mangalagiri'),(91,931,'Ponnur'),(92,931,'Vemuru (SC)'),(93,931,'Repalle'),(94,931,'Tenali  '),(95,931,'Bapatla'),(96,931,'Prathipadu (SC)'),(97,931,'Guntur West'),(98,931,'Guntur East'),(99,931,'Chilakaluripet'),(100,931,'Narasaraopet'),(101,931,'Sattenapalli'),(102,931,'Vinukonda'),(103,931,'Gurazala'),(104,931,'Macherla'),(105,1202,'Yerragondapalem '),(106,1202,'Darsi'),(107,1202,'Parchur '),(108,1202,'Addanki '),(109,1202,'Chirala'),(110,1202,'Santhanuthalapadu '),(111,1202,'Ongole'),(112,1202,'Kandukur'),(113,1202,'Kondapi '),(114,1202,'Markapuram'),(115,1202,'Giddalur'),(116,1202,'Kanigiri'),(117,1156,'Kavali'),(118,1156,'Atmakur'),(119,1156,'Kovur'),(120,1156,'Nellore City'),(121,1156,'Nellore Rural'),(122,1156,'Sarvepalli'),(123,1156,'Gudur '),(124,1156,'Sullurpeta '),(125,1156,'Venkatagiri'),(126,1156,'Udayagiri'),(127,992,'Badvel '),(128,992,'Rajampet'),(129,992,'Kadapa'),(130,992,'Kodur '),(131,992,'Rayachoti'),(132,992,'Pulivendla'),(133,992,'Kamalapuram '),(134,992,'Jammalamadugu'),(135,992,'Proddatur'),(136,992,'Mydukur'),(137,1064,'Allagadda'),(138,1064,'Srisailam'),(139,1064,'Nandikotkur '),(140,1064,'Kurnool'),(141,1064,'Panyam'),(142,1064,'Nandyal'),(143,1064,'Banaganapalle'),(144,1064,'Dhone'),(145,1064,'Pattikonda'),(146,1064,'Kodumur '),(147,1064,'Yemmiganur'),(148,1064,'Mantralayam'),(149,1064,'Adoni'),(150,1064,'Alur'),(151,727,'Rayadurg'),(152,727,'Uravakonda'),(153,727,'Guntakal'),(154,727,'Tadipatri'),(155,727,'Singanamala '),(156,727,'Anantapur urban'),(157,727,'KALYANDURG'),(158,727,'Raptadu'),(159,727,'Madakasira '),(160,727,'Hindupur'),(161,727,'Penukonda'),(162,727,'Puttaparthi'),(163,727,'Dharmavaram'),(164,727,'Kadiri'),(165,834,'Thamballapalle'),(166,834,'Pileru'),(167,834,'Madanapalle'),(168,834,'Punganur'),(169,834,'Chandragiri'),(170,834,'Tirupati'),(171,834,'Srikalahasti'),(172,834,'Satyavedu '),(173,834,'Nagari'),(174,834,'Gangadhara Nellore'),(175,834,'Chittoor'),(176,834,'Puthalapattu '),(177,834,'Palamaner'),(178,834,'Kuppam'),(179,1333,'LUMLA'),(180,1333,'TAWANG'),(181,1333,'MUKTO'),(182,1392,'DIRANG'),(183,1392,'KALAKTANG'),(184,1392,'THRIZINO-BURAGAON'),(185,1392,'BOMDILA'),(186,887,'BAMENG'),(187,887,'CHAYANG TAJO'),(188,887,'SEPPA EAST'),(189,887,'SEPPA WEST'),(190,887,'PAKKE KESSANG'),(191,1183,'ITANAGAR'),(192,1183,'DOIMUKH'),(193,1183,'SAGALEE'),(194,1083,'YACHULI'),(195,1083,'ZIRO HAPOLI'),(196,1057,'PALIN'),(197,1066,'NYAPIN'),(198,1057,'TALI'),(199,1066,'KOLORIANG'),(200,1366,'NACHO'),(201,1366,'TALIHA'),(202,1366,'DAPORIJO'),(203,1366,'RAGA'),(204,1366,'DUMPORIJO'),(205,1395,'LIROMOBA'),(206,1082,'LIKABALI'),(207,1082,'BASAR'),(208,1395,'ALONG WEST'),(209,1395,'ALONG EAST'),(210,1285,'Rumgong-Kaying '),(211,1395,'MECHUKA'),(212,1365,'TUTING YINGKIONG'),(213,1285,'Pangin-Boleng'),(214,889,'Nari-Koyu'),(215,889,'PASIGHAT WEST'),(216,889,'PASIGHAT EAST'),(217,889,'MEBO'),(218,1365,'MARIYANG-GEKU'),(219,1364,'ANINI'),(220,1081,'DAMBUK'),(221,1081,'ROING'),(222,1078,'TEZU'),(223,730,'HAYULIANG'),(224,1078,'CHOWKHAM'),(225,1145,'NAMSAI'),(226,1078,'LEKANG'),(227,821,'BORDUMSA - DIYUN'),(228,821,'MIAO'),(229,821,'NAMPONG'),(230,821,'CHANGLANG SOUTH'),(231,821,'CHANGLANG NORTH'),(232,1346,'NAMSANG'),(233,1346,'KHONSA EAST'),(234,1346,'KHONSA WEST'),(235,1346,'BORDURIA BOGAPANI'),(236,1079,'KANUBARI'),(237,1079,'LONGDING PUMAO'),(238,1079,'PONGCHAU WAKKA'),(239,998,'RAGA'),(240,1186,'Valmiki Nagar'),(241,1186,'Ramnagar (SC)'),(242,1186,'Narkatiaganj'),(243,1186,'Bagaha'),(244,1186,'Lauriya'),(245,1186,'Sikta'),(246,1186,'Nautan'),(247,1186,'Chanpatia'),(248,1186,'Bettiah'),(249,1214,'Raxaul'),(250,1214,'Sugauli'),(251,1214,'Narkatia'),(252,1214,'Harsidhi (SC)'),(253,1214,'Govindganj'),(254,1214,'Kesaria'),(255,1214,'Kalyanpur'),(256,1214,'Pipra'),(257,1325,'Pipra'),(258,1214,'Motihari'),(259,1214,'Madhuban'),(260,1214,'Chiraia'),(261,1214,'Dhaka'),(262,1277,'Sheohar'),(263,1296,'Riga'),(264,1296,'Belsand'),(265,1296,'Bathnaha (SC)'),(266,1296,'Parihar'),(267,1296,'Sursand'),(268,1296,'Bajpatti'),(269,1296,'Sitamarhi'),(270,1296,'Runnisaidpur'),(271,1088,'Harlakhi'),(272,1088,'Benipatti'),(273,1088,'Bisfi'),(274,1088,'Madhubani'),(275,849,'Keoti'),(276,849,'Jale'),(277,1088,'Khajauli'),(278,1088,'Babubarhi'),(279,1088,'Rajnagar (SC)'),(280,1088,'Jhanjharpur'),(281,1088,'Phulparas'),(282,1088,'Laukaha'),(283,1325,'Nirmali'),(284,1325,'Supaul'),(285,1325,'Triveniganj (SC)'),(286,1325,'Chhatapur'),(287,1087,'Singheshwar (SC)'),(288,732,'Narpatganj'),(289,732,'Raniganj (SC)'),(290,732,'Forbesganj'),(291,732,'Araria'),(292,732,'Jokihat'),(293,732,'Sikti'),(294,1038,'Bahadurganj'),(295,1038,'Thakurganj'),(296,1038,'Kishanganj'),(297,1038,'Kochadhaman'),(298,1212,'Amour'),(299,1212,'Baisi'),(300,1022,'Katihar'),(301,1022,'Kadwa'),(302,1022,'Balrampur'),(303,1022,'Pranpur'),(304,1022,'Manihari (ST)'),(305,1022,'Barari'),(306,1212,'Kasba'),(307,1212,'Banmankhi (SC)'),(308,1212,'Rupauli'),(309,1212,'Dhamdaha'),(310,1212,'Purnia'),(311,1022,'Korha (SC)'),(312,1087,'Alamnagar'),(313,1087,'Bihariganj'),(314,1087,'Madhepura'),(315,1248,'Sonbarsha (SC)'),(316,1248,'Saharsa'),(317,1248,'Mahishi'),(318,849,'Gaura Bauram'),(319,849,'Benipur'),(320,849,'Alinagar'),(321,849,'Darbhanga Rural'),(322,849,'Darbhanga'),(323,849,'Bahadurpur'),(324,1132,'Gaighat'),(325,1132,'Aurai'),(326,1132,'Bochaha (SC)'),(327,1132,'Sakra (SC)'),(328,1132,'Kurhani'),(329,1132,'Muzaffarpur'),(330,1132,'Minapur'),(331,1132,'Kanti'),(332,1132,'Baruraj'),(333,1132,'Paroo'),(334,1132,'Sahebganj'),(335,1371,'Vaishali'),(336,926,'Baikunthpur'),(337,926,'Barauli'),(338,926,'Gopalganj'),(339,926,'Kuchaikote'),(340,926,'Bhorey (SC)'),(341,926,'Hathua'),(342,1300,'Siwan'),(343,1300,'Ziradei'),(344,1300,'Darauli (SC)'),(345,1300,'Raghunathpur'),(346,1300,'Daraundha'),(347,1300,'Barharia'),(348,1300,'Goriakothi'),(349,1300,'Maharajganj'),(350,1261,'Ekma'),(351,1261,'Manjhi'),(352,1261,'Baniapur'),(353,1261,'Taraiya'),(354,1261,'Marhaura'),(355,1261,'Chapra'),(356,1261,'Garkha (SC)'),(357,1261,'Amnour'),(358,1261,'Parsa'),(359,1261,'Sonepur'),(360,1371,'Hajipur'),(361,1371,'Lalganj'),(362,1371,'Mahua'),(363,1371,'Raja Pakar (SC)'),(364,1371,'Raghopur'),(365,1371,'Mahnar'),(366,1371,'Patepur (SC)'),(367,1251,'Ujiarpur'),(368,1251,'Morwa'),(369,1251,'Sarairanjan'),(370,1251,'Mohiuddinnagar'),(371,1251,'Bibhutipur'),(372,849,'Kusheshwar Asthan (SC)'),(373,849,'Hayaghat'),(374,1251,'Kalyanpur (SC)'),(375,1251,'Warisnagar'),(376,1251,'Samastipur'),(377,1251,'Rosera (SC)'),(378,775,'Cheria Bariarpur'),(379,775,'Bachhwara'),(380,775,'Teghra'),(381,775,'Matihani'),(382,775,'Sahebpur Kamal'),(383,775,'Begusarai'),(384,775,'Bakhri (SC)'),(385,1248,'Simri Bakhtiarpur'),(386,1251,'Hasanpur'),(387,1027,'Alauli (SC)'),(388,1027,'Khagaria'),(389,1027,'Beldaur'),(390,1027,'Parbatta'),(391,782,'Bihpur'),(392,782,'Gopalpur'),(393,782,'Pirpainti (SC)'),(394,782,'Kahalgaon'),(395,782,'Bhagalpur'),(396,782,'Nathnagar'),(397,782,'Sultanganj'),(398,759,'Amarpur'),(399,759,'Dhauraiya (SC)'),(400,759,'Banka'),(401,759,'Katoria (ST)'),(402,759,'Belhar'),(403,1129,'Munger'),(404,1129,'Jamalpur'),(405,1070,'Suryagarha'),(406,1070,'Lakhisarai'),(407,1192,'Mokama'),(408,1192,'Barh'),(409,1141,'Asthawan'),(410,1141,'Biharsharif'),(411,1141,'Rajgir (SC)'),(412,1141,'Islampur'),(413,1141,'Hilsa'),(414,1141,'Nalanda'),(415,1141,'Harnaut'),(416,1192,'Bakhtiarpur'),(417,1192,'Digha'),(418,1192,'Bankipur'),(419,1192,'Kumhrar'),(420,1192,'Patna Sahib'),(421,1192,'Fatuha'),(422,1192,'Danapur'),(423,1192,'Maner'),(424,1192,'Phulwari (SC)'),(425,1192,'Masaurhi (SC)'),(426,1192,'Paliganj'),(427,1192,'Bikram'),(428,790,'Sandesh'),(429,790,'Barhara'),(430,790,'Arrah'),(431,790,'Agiaon (SC)'),(432,790,'Tarari'),(433,790,'Jagdishpur'),(434,790,'Shahpur'),(435,810,'Brahampur'),(436,810,'Buxar'),(437,810,'Dumraon'),(438,810,'Rajpur (SC)'),(439,993,'Ramgarh'),(440,1242,'Dinara'),(441,993,'Mohania (SC)'),(442,993,'Bhabua'),(443,993,'Chainpur'),(444,1242,'Chenari (SC)'),(445,1242,'Sasaram'),(446,1242,'Kargahar'),(447,1242,'Nokha'),(448,1242,'Dehri'),(449,1242,'Karakat'),(450,738,'Goh'),(451,738,'Obra'),(452,738,'Nabinagar'),(453,735,'Arwal'),(454,735,'Kurtha'),(455,977,'Jahanabad'),(456,977,'Ghosi'),(457,977,'Makhadumapur (SC)'),(458,915,'Atri'),(459,738,'Kutumba (SC)'),(460,738,'Aurangabad'),(461,738,'Rafiganj'),(462,915,'Gurua'),(463,915,'Imamganj (SC)'),(464,915,'Tikari'),(465,915,'Sherghati'),(466,915,'Barachatti (SC)'),(467,915,'Bodh Gaya (SC)'),(468,915,'Gaya Town'),(469,915,'Belaganj'),(470,915,'Wazirganj'),(471,1276,'Barbigha'),(472,1153,'Rajauli (SC)'),(473,1153,'Hisua'),(474,1153,'Nawada'),(475,1153,'Gobindpur'),(476,1153,'Warsaliganj'),(477,1129,'Tarapur'),(478,1276,'Sheikhpura'),(479,971,'Sikandra (SC)'),(480,971,'Jamui'),(481,971,'Jhajha'),(482,971,'Chakai'),(483,819,NULL),(484,1326,'Premnagar'),(485,1326,'Bhatgaon'),(486,1326,'Pratapur'),(487,753,'Ramanujganj'),(488,753,'Samri'),(489,1329,'Lundra'),(490,1329,'Ambikapur'),(491,1329,'Sitapur'),(492,974,'Jashpur'),(493,974,'Kunkuri'),(494,974,'Pathalgaon'),(495,1218,'Lailunga'),(496,1218,'Raigarh'),(497,1218,'Sarangarh'),(498,1218,'Kharsia'),(499,1218,'Dharamjaigarh'),(500,973,'Akaltara'),(501,973,'Janjgir-Champa'),(502,973,'Sakti'),(503,973,'Chandrapur'),(504,973,'Jaijaipur'),(505,973,'Pamgarh'),(506,752,'Bilaigarh'),(507,752,'Kasdol'),(508,1053,'Bharatpur-Sonhat'),(509,1053,'Manendragarh'),(510,1053,'Baikunthpur'),(511,1052,'Rampur'),(512,1052,'Korba'),(513,1052,'Katghora'),(514,1052,'Pali-Tanakhar'),(515,796,'Marwahi'),(516,796,'Kota'),(517,1128,'Lormi'),(518,1128,'Mungeli'),(519,796,'Takhatpur'),(520,796,'Bilha'),(521,796,'Bilaspur'),(522,796,'Beltara'),(523,796,'Masturi'),(524,990,'Pandariya'),(525,990,'Kawardha'),(526,1225,'Khairagarh'),(527,1225,'Dongargarh'),(528,1225,'Rajnandgaon'),(529,1225,'Dongargaon'),(530,1225,'Khujji'),(531,1225,'Mohala-Manpur'),(532,881,'Patan'),(533,881,'Durg Rural'),(534,881,'Durg City'),(535,881,'Bhilai Nagar'),(536,881,'Vaishali Nagar'),(537,881,'Ahiwara'),(538,881,'Saja'),(539,778,'Bemetara'),(540,778,'Navagarh'),(541,752,'Baloda Bazar'),(542,752,'Bhatapara'),(543,1219,'Dharsiwa'),(544,1219,'Raipur City Rural'),(545,1219,'Raipur City West'),(546,1219,'Raipur City North'),(547,1219,'Raipur City South'),(548,1219,'Arang'),(549,1219,'Abhanpur'),(550,1093,'Saraipali'),(551,1093,'Basna'),(552,1093,'Khallari'),(553,1093,'Mahasamund'),(554,913,'Rajim'),(555,913,'Bindranawagarh'),(556,862,'Kurud'),(557,862,'Dhamtari'),(558,1049,'Kondagaon'),(559,1148,'Narayanpur'),(560,771,'Bastar'),(561,771,'Jagdalpur'),(562,771,'Chitrakot'),(563,848,'Dantewada'),(564,793,'Bijapur'),(565,1322,'Konta'),(566,862,'Sihawa'),(567,751,'Sanjari Balod'),(568,751,'Dondi Lahara'),(569,751,'Gunderdehi'),(570,1004,'Antagarh'),(571,1004,'Bhanupratappur'),(572,1004,'Kanker'),(573,1049,'Keshkal'),(574,841,NULL),(575,845,'NA (Union territory)'),(576,877,'NA (Union territory)'),(577,1167,'Mandrem'),(578,1167,'Pernem '),(579,1167,'Bicholim'),(580,1167,'Tivim'),(581,1167,'Mapusa'),(582,1167,'Siolim'),(583,1167,'Saligao'),(584,1167,'Calangute'),(585,1167,'Porvorim'),(586,1167,'Aldona'),(587,1167,'Panaji'),(588,1167,'Taleigao'),(589,1167,'St. Cruz'),(590,1167,'St. Andre'),(591,1167,'Cumbarjua'),(592,1167,'Maem'),(593,1167,'Sanquelim'),(594,1167,'Poriem'),(595,1167,'Valpoi'),(596,1311,'Priol'),(597,1311,'Ponda'),(598,1311,'Siroda'),(599,1311,'Marcaim'),(600,1311,'Mormugao'),(601,1311,'Vasco-da-gama'),(602,1311,'Dabolim'),(603,1311,'Cortalim'),(604,1311,'Nuvem'),(605,1311,'Curtorim'),(606,1311,'Fatorda'),(607,1311,'Margao'),(608,1311,'Benaulim'),(609,1311,'Navelim'),(610,1311,'Cuncolim '),(611,1311,'Velim'),(612,1311,'Quepem'),(613,1311,'Curchorem'),(614,1311,'Sanvordem'),(615,1311,'Sanguem'),(616,1311,'Canacona'),(617,991,'Abdasa'),(618,991,'Mandvi'),(619,991,'Bhuj'),(620,991,'Anjar'),(621,991,'Gandhidham'),(622,991,'Rapar'),(623,1123,'Morbi'),(624,754,'Vav'),(625,754,'Tharad'),(626,754,'Dhanera'),(627,754,'Danta'),(628,754,'Palanpur'),(629,754,'Deesa'),(630,754,'Deodar'),(631,754,'Vadgam'),(632,754,'Kankrej'),(633,1188,'Radhanpur'),(634,1188,'Chanasma'),(635,1188,'Patan'),(636,1188,'SIDDHPUR'),(637,1096,'Kheralu'),(638,1096,'Unjha'),(639,1096,'Visnagar'),(640,1096,'Becharaji'),(641,1096,'Kadi'),(642,1096,'Mahesana'),(643,1096,'Vijapur'),(644,909,'Mansa'),(645,1245,'Himatnagar'),(646,1245,'Idar'),(647,1245,'Khedbrahma'),(648,734,'Bhiloda'),(649,734,'Modasa'),(650,734,'Bayad'),(651,1245,'Prantij'),(652,909,'Gandhinagar North'),(653,909,'Kalol'),(654,707,'Sanand'),(655,707,'Ghatlodia'),(656,707,'Vejalpur'),(657,707,'Naranpura'),(658,707,'Sabarmati'),(659,909,'Dehgam'),(660,909,'Gandhinagar South'),(661,707,'Vatva'),(662,707,'Nikol'),(663,707,'Naroda'),(664,707,'Thakkarbapa Nagar'),(665,707,'Bapunagar'),(666,707,'Ellisbridge'),(667,707,'Amraiwadi'),(668,707,'Dariapur'),(669,707,'Jamalpur - Khadia'),(670,707,'Maninagar'),(671,707,'Danilimda'),(672,707,'Asarwa'),(673,707,'Viramgam'),(674,707,'Dhandhuka'),(675,1328,'Dasada'),(676,1328,'Limbdi'),(677,1328,'Wadhwan'),(678,1328,'Chotila'),(679,1328,'Dhrangadhra'),(680,1123,'Tankara'),(681,1123,'Wankaner'),(682,1224,'Rajkot East'),(683,1224,'Rajkot West'),(684,1224,'Rajkot South'),(685,1224,'Rajkot Rural'),(686,1224,'Jasdan'),(687,1224,'Gondal'),(688,1224,'Jetpur'),(689,1224,'Dhoraji'),(690,1201,'Porbandar'),(691,1201,'Kutiyana'),(692,989,'Manavadar'),(693,989,'Keshod'),(694,969,'Kalavad S.C.'),(695,969,'Jamnagar Rural'),(696,969,'Jamnagar North'),(697,969,'Jamnagar South'),(698,969,'Jamjodhpur'),(699,859,'Khambhalia'),(700,859,'Dwarka'),(701,989,'Junagadh'),(702,989,'Visavadar'),(703,989,'Mangrol'),(704,918,'Somnath'),(705,918,'TALALA'),(706,918,'Kodinar'),(707,918,'Una'),(708,723,'Dhari'),(709,723,'Amreli'),(710,723,'Lathi'),(711,723,'Savarkundla'),(712,723,'Rajula'),(713,786,'Mahuva'),(714,786,'Gariadhar'),(715,1327,'Mahuva'),(716,786,'Talaja'),(717,786,'Palitana'),(718,786,'Bhavnagar Rural'),(719,786,'Bhavnagar East'),(720,786,'Bhavnagar West'),(721,802,'Gadhada'),(722,802,'Botad'),(723,726,'Khambhat'),(724,726,'Borsad'),(725,726,'Anklav'),(726,726,'Umreth'),(727,726,'Anand'),(728,726,'Petlad'),(729,726,'Sojitra'),(730,707,'Daskroi'),(731,707,'Dholka'),(732,1031,'Matar'),(733,1031,'Nadiad'),(734,1031,'Mehmedabad'),(735,1031,'Mahudha'),(736,1031,'Kapadvanj'),(737,1031,'Thasra'),(738,1031,'Balasinor'),(739,1097,'Lunawada'),(740,1180,'Shahera'),(741,1180,'Morva Hadaf '),(742,1180,'Godhra'),(743,1180,'Kaalol'),(744,1097,'Santrampur '),(745,842,'Fatepura'),(746,842,'Jhalod'),(747,842,'Limkheda'),(748,842,'Dahod'),(749,842,'Garbada'),(750,842,'Devgadbaria'),(751,1370,'Savli'),(752,1370,'Vaghodia'),(753,1370,'Vadodara City '),(754,1370,'Sayajigunj'),(755,1370,'Akota'),(756,1370,'Raopura'),(757,1370,'Manjalpur'),(758,1180,'Halol'),(759,828,'Chhota Udaipur'),(760,828,'Jetpur'),(761,828,'Sankheda'),(762,1370,'Dabhoi'),(763,1370,'Padra'),(764,1149,'Nandod'),(765,1370,'Karjan'),(766,1149,'Dediyapada'),(767,785,'Jambusar'),(768,785,'Vagra'),(769,785,'Jhagadia'),(770,785,'Bharuch'),(771,785,'Ankleshwar'),(772,1327,'Mangrol'),(773,1327,'Mandvi'),(774,1327,'Kamrej'),(775,1327,'Bardoli'),(776,1331,'Vyara'),(777,1331,'Nizar'),(778,1327,'Olpad'),(779,1327,'Surat East'),(780,1327,'Surat North'),(781,1327,'Varachha Road'),(782,1327,'Karanj'),(783,1327,'Katargam'),(784,1327,'Surat West'),(785,1327,'Limbayat'),(786,1327,'Udhna'),(787,1327,'Majura'),(788,1327,'Choryasi'),(789,1152,'Jalalpore'),(790,1152,'Navsari'),(791,1152,'Gandevi'),(792,847,'Dangs'),(793,1152,'Vansda'),(794,1372,'Dharampur'),(795,1372,'Valsad'),(796,1372,'Pardi'),(797,1372,'Kaprada'),(798,1372,'Umbergaon'),(799,1179,'Kalka'),(800,1179,'Panchkula'),(801,719,'Naraingarh'),(802,719,'Ambala Cantt'),(803,719,'Ambala City'),(804,719,'Mulana'),(805,1401,'Sadhaura'),(806,1401,'Jagadhri'),(807,1401,'Yamuna Nagar'),(808,1401,'Radaur'),(809,1065,'Ladwa'),(810,1065,'Shahbad'),(811,1065,'Thanesar'),(812,1065,'Pehowa'),(813,994,'Guhla'),(814,994,'Kalayat'),(815,994,'Kaithal'),(816,994,'Pundri'),(817,985,'Narwana'),(818,899,'Tohana'),(819,899,'Fatehabad'),(820,899,'Ratia'),(821,1295,'Kalanwali'),(822,1295,'Dabwali'),(823,1295,'Rania'),(824,1295,'Sirsa'),(825,1295,'Ellenabad'),(826,985,'Uchana Kalan'),(827,947,'Adampur'),(828,947,'Uklana'),(829,947,'Narnaund'),(830,947,'Hansi'),(831,947,'Barwala'),(832,947,'Hisar'),(833,947,'Nalwa'),(834,789,'Bawani Khera'),(835,1017,'Nilokheri'),(836,1017,'Indri'),(837,1017,'Karnal'),(838,1017,'Gharaunda'),(839,1017,'Assandh'),(840,1181,'Panipat Rural'),(841,1181,'Panipat City'),(842,1181,'Israna'),(843,1181,'Samalkha'),(844,1304,'Ganaur'),(845,1304,'Rai'),(846,1304,'Kharkhauda'),(847,1304,'Sonipat'),(848,1304,'Gohana'),(849,1304,'Baroda'),(850,985,'Julana'),(851,985,'Safidon'),(852,985,'Jind'),(853,1241,'Meham'),(854,1241,'Garhi Sampla-Kiloi'),(855,1241,'Rohtak'),(856,1241,'Kalanaur'),(857,979,'Bahadurgarh'),(858,979,'Badli'),(859,979,'Jhajjar'),(860,979,'Beri'),(861,1239,'Kosli'),(862,789,'Loharu'),(863,823,'Badhra'),(864,823,'Charkhi Dadri'),(865,789,'Bhiwani'),(866,789,'Tosham'),(867,1095,'Ateli'),(868,1095,'Mahendragarh'),(869,1095,'Narnaul'),(870,1095,'Nangal Chaudhry'),(871,1239,'Bawal'),(872,1239,'Rewari'),(873,933,'Pataudi'),(874,933,'Badshahpur'),(875,933,'Gurgaon'),(876,933,'Sohna'),(877,1117,'Nuh'),(878,1117,'Ferozepur Jhirka'),(879,1117,'Punahana'),(880,1178,'Hathin'),(881,1178,'Hodal'),(882,1178,'Palwal'),(883,896,'Prithla'),(884,896,'Faridabad NIT'),(885,896,'Badkhal'),(886,896,'Ballabgarh'),(887,896,'Faridabad'),(888,896,'Tigaon'),(889,814,'Churah'),(890,814,'Chamba        '),(891,814,'Dalhousie'),(892,814,'Bhattiyat                '),(893,1003,'Nurpur                   '),(894,1003,'Indora'),(895,1003,'Fatehpur'),(896,1003,'Jawali'),(897,1003,'Jawalamukhi  '),(898,1003,'Jaisinghpur'),(899,1003,'Sullah'),(900,1003,'Nagrota                  '),(901,1003,'Kangra                   '),(902,1003,'Shahpur         '),(903,1003,'Dharamshala    '),(904,1003,'Palampur         '),(905,1003,'Baijnath                 '),(906,814,'Bharmour     '),(907,1068,'Lahaul & spiti'),(908,1061,'Manali'),(909,1061,'Kullu'),(910,1061,'Banjar                   '),(911,1061,'Anni'),(912,1106,'Karsog                   '),(913,1106,'Sundernagar'),(914,1106,'Nachan'),(915,1106,'Seraj'),(916,1106,'Darang'),(917,1106,'Jogindernagar'),(918,1106,'Mandi'),(919,1106,'Balh'),(920,1106,'Sarkaghat'),(921,1279,'Rampur          '),(922,1036,'Kinnaur                  '),(923,1003,'Dehra'),(924,1003,'Jaswan-Pragpur'),(925,1106,'Dharampur     '),(926,936,'Bhoranj'),(927,936,'Sujanpur'),(928,936,'Hamirpur        '),(929,936,'Barsar'),(930,936,'Nadaun     '),(931,1361,'Chintpurni               '),(932,1361,'Gagret                   '),(933,1361,'Haroli'),(934,1361,'Una                      '),(935,1361,'Kutlehar                 '),(936,796,'Jhanduta'),(937,796,'Ghumarwin    '),(938,796,'Bilaspur                 '),(939,796,'Sri Naina Deviji'),(940,1301,'Arki                     '),(941,1301,'Nalagarh      '),(942,1301,'Doon                     '),(943,1301,'Solan                    '),(944,1301,'Kasauli                  '),(945,1293,'Pachhad        '),(946,1293,'Nahan                    '),(947,1293,'Sri Renukaji'),(948,1293,'Paonta Sahib'),(949,1293,'Shillai'),(950,1279,'Chopal                   '),(951,1279,'Theog                    '),(952,1279,'Kasumpti         '),(953,1279,'Shimla'),(954,1279,'Shimla Rural'),(955,1279,'Jubbal-Kotkhai'),(956,1279,'Rohru                    '),(957,1063,'Karnah'),(958,1063,'Kupwara'),(959,1063,'Lolab'),(960,1063,'Handwara'),(961,1063,'Langate'),(962,764,'Uri'),(963,764,'Rafiabad'),(964,764,'Sopore'),(965,756,'Gurez'),(966,756,'Bandipora'),(967,756,'Sonawari'),(968,764,'Sangrama'),(969,764,'Baramulla'),(970,764,'Gulmarg'),(971,764,'Pattan'),(972,908,'Kangan'),(973,908,'Ganderbal'),(974,1320,'Hazratbal'),(975,1320,'Zadibal'),(976,1320,'Eidgah'),(977,1320,'Khanyar'),(978,1320,'Habba kadal'),(979,1320,'Amira kadal'),(980,1320,'Sonawar'),(981,1320,'Batmaloo'),(982,805,'Chadoora'),(983,805,'Budgam'),(984,805,'Beerwah'),(985,805,'Khan Sahib'),(986,805,'Chrar-i-sharief'),(987,1207,'Tral'),(988,1207,'Pampore'),(989,1207,'Pulwama'),(990,1207,'Rajpora'),(991,1282,'Wachi'),(992,1282,'Shopian'),(993,1060,'Noorabad'),(994,1060,'Kulgam'),(995,1060,'Hom Shali Bugh'),(996,728,'Anantnag'),(997,1060,'Devsar'),(998,728,'Dooru'),(999,728,'Kokernag'),(1000,728,'Shangus'),(1001,728,'Bijbehara'),(1002,728,'Pahalgam'),(1003,1076,'Nubra'),(1004,1076,'Leh'),(1005,1014,'Kargil'),(1006,1014,'Zanskar'),(1007,1039,'Kishtwar'),(1008,1039,'Inderwal'),(1009,878,'Doda'),(1010,878,'Bhaderwah'),(1011,1229,'Ramban'),(1012,1229,'Banihal'),(1013,1237,'Gulab Garh'),(1014,1237,'Reasi'),(1015,1237,'Gool Arnas'),(1016,1356,'Udhampur'),(1017,1356,'Chenani'),(1018,1356,'Ram Nagar'),(1019,1021,'Bani'),(1020,1021,'Basohli'),(1021,1021,'Kathua'),(1022,1021,'Billawar'),(1023,1021,'Hira Nagar'),(1024,1252,'Samba'),(1025,1252,'Vijay pur'),(1026,968,'Nagrota'),(1027,968,'Gandhi Nagar'),(1028,968,'Jammu East'),(1029,968,'Jammu West'),(1030,968,'Bishnah'),(1031,968,'Ranbir singh Pura'),(1032,968,'Suchet Garh'),(1033,968,'Marh'),(1034,968,'Raipur Domana'),(1035,968,'Akhnoor'),(1036,968,'Chhamb'),(1037,1222,'Nowshera'),(1038,1222,'Darhal'),(1039,1222,'Rajouri'),(1040,1222,'Kala kote'),(1041,1200,'Surankote'),(1042,1200,'Mendhar'),(1043,1200,'Poonch Haveli'),(1044,1249,'Rajmahal'),(1045,1249,'Borio'),(1046,1249,'Barhait'),(1047,1173,'Littipara'),(1048,1173,'Pakur'),(1049,1173,'Maheshpur'),(1050,879,'Shikaripara'),(1051,970,'Nala'),(1052,970,'Jamtara'),(1053,879,'Dumka'),(1054,879,'Jama'),(1055,857,'Sarath'),(1056,879,'Jarmundi'),(1057,857,'Madhupur'),(1058,857,'Deoghar'),(1059,921,'Poreyahat'),(1060,921,'Godda'),(1061,921,'Mahagama'),(1062,824,'Simaria'),(1063,824,'Chatra'),(1064,1073,'Manika'),(1065,1073,'Latehar'),(1066,1175,'Panki'),(1067,1041,'Kodarma'),(1068,945,'Barkatha'),(1069,919,'Dhanwar'),(1070,919,'Bagodar'),(1071,919,'Jamua'),(1072,919,'Gandey'),(1073,919,'Giridih'),(1074,919,'Dumri'),(1075,799,'Gomia'),(1076,799,'Bermo'),(1077,863,'Tundi'),(1078,863,'Baghmara'),(1079,799,'Bokaro'),(1080,799,'Chandankyari'),(1081,863,'Sindri'),(1082,863,'Nirsa'),(1083,863,'Dhanbad'),(1084,863,'Jharia'),(1085,1260,'Ichagarh'),(1086,1232,'Silli'),(1087,1232,'Khijri'),(1088,1232,'Ranchi'),(1089,1232,'Hatia'),(1090,1232,'Kanke'),(1091,890,'Baharagora'),(1092,890,'Ghatsila'),(1093,890,'Potka'),(1094,890,'Jugsalai'),(1095,890,'Jamshedpur  East'),(1096,890,'Jamshedpur  West'),(1097,1260,'Saraikella'),(1098,1396,'Chaibasa'),(1099,1396,'Majhganon'),(1100,1396,'Jaganathpur'),(1101,1396,'Manoharpur'),(1102,1396,'Chakradharpur'),(1103,1260,'Kharasawan'),(1104,1232,'Tamar'),(1105,1034,'Torpa'),(1106,1034,'Khunti'),(1107,1290,'Simdega'),(1108,1290,'Kolebira'),(1109,1232,'Mandar'),(1110,929,'Sisai'),(1111,929,'Gumla'),(1112,929,'Bishunpur'),(1113,1077,'Lohardaga'),(1114,1175,'Daltonganj'),(1115,1175,'Bishrampur'),(1116,1175,'Chattarpur'),(1117,1175,'Hussainabad'),(1118,912,'Garhwa'),(1119,912,'Bhawanathpur'),(1120,945,'Barhi'),(1121,945,'Barkagaon'),(1122,1230,'Ramgarh'),(1123,945,'Mandu'),(1124,945,'Hazaribagh'),(1125,1019,'MANJESHWAR'),(1126,1019,'KASARAGOD'),(1127,1019,'UDMA'),(1128,1019,'KANHANGAD'),(1129,1019,'TRIKARIPUR'),(1130,1007,'PAYYANNUR'),(1131,1007,'KALLIASSERI'),(1132,1007,'TALIPARAMBA'),(1133,1007,'IRIKKUR'),(1134,1007,'AZHIKODE'),(1135,1007,'KANNUR'),(1136,1007,'DHARMADAM'),(1137,1007,'MATTANNUR'),(1138,1007,'PERAVOOR'),(1139,1007,'THALASSERY'),(1140,1007,'KUTHUPARAMBA'),(1141,1056,'VADAKARA'),(1142,1056,'KUTTIADI'),(1143,1056,'NADAPURAM'),(1144,1056,'QUILANDY'),(1145,1056,'PERAMBRA'),(1146,1386,'MANANTHAVADY'),(1147,1386,'SULTHANBATHERY'),(1148,1386,'KALPETTA'),(1149,1056,'THIRUVAMBADY'),(1150,1101,'ERANAD'),(1151,1101,'NILAMBUR'),(1152,1101,'WANDOOR'),(1153,1056,'BALUSSERI'),(1154,1056,'ELATHUR'),(1155,1056,'KOZHIKODE NORTH'),(1156,1056,'KOZHIKODE SOUTH'),(1157,1056,'BEYPORE'),(1158,1056,'KUNNAMANGALAM'),(1159,1056,'KODUVALLY'),(1160,1101,'KONDOTTY'),(1161,1101,'MANJERI'),(1162,1101,'PERINTHALMANNA'),(1163,1101,'MANKADA'),(1164,1101,'MALAPPURAM'),(1165,1101,'VENGARA'),(1166,1101,'VALLIKKUNNU'),(1167,1101,'TIRURANGADI'),(1168,1101,'TANUR'),(1169,1101,'TIRUR'),(1170,1101,'KOTTAKKAL'),(1171,1101,'THAVANUR'),(1172,1101,'PONNANI'),(1173,1174,'THRITHALA'),(1174,1174,'PATTAMBI'),(1175,1174,'SHORNUR'),(1176,1174,'OTTAPALAM'),(1177,1174,'KONGAD'),(1178,1174,'MANNARKAD'),(1179,1174,'MALAMPUZHA'),(1180,1174,'PALAKKAD'),(1181,1174,'TARUR'),(1182,1174,'CHITTUR'),(1183,1174,'NENMARA'),(1184,1174,'ALATHUR'),(1185,1343,'CHELAKKARA'),(1186,1343,'KUNNAMKULAM'),(1187,1343,'WADAKKANCHERY'),(1188,1343,'GURUVAYOOR'),(1189,1343,'MANALUR'),(1190,1343,'OLLUR'),(1191,1343,'THRISSUR'),(1192,1343,'NATTIKA'),(1193,1343,'IRINJALAKKUDA'),(1194,1343,'PUTHUKKAD'),(1195,1343,'KAIPAMANGALAM'),(1196,1343,'CHALAKKUDY'),(1197,1343,'KODUNGALLUR'),(1198,891,'PERUMBAVOOR'),(1199,891,'ANGAMALY'),(1200,891,'ALUVA'),(1201,891,'KUNNATHUNAD'),(1202,891,'KALAMASSERY'),(1203,891,'PARAVUR'),(1204,891,'VYPEN'),(1205,891,'KOCHI'),(1206,891,'THRIPUNITHURA'),(1207,891,'ERANAKULAM'),(1208,891,'THRIKKAKARA'),(1209,891,'MUVATTUPUZHA'),(1210,891,'KOTHAMANGALAM'),(1211,954,'DEVIKULAM'),(1212,954,'UDUMBANCHOLA'),(1213,954,'THODUPUZHA'),(1214,954,'IDUKKI'),(1215,954,'PEERUMADE'),(1216,891,'PIRAVOM'),(1217,1055,'PALA'),(1218,1055,'KADUTHURUTHY'),(1219,1055,'VAIKOM'),(1220,1055,'ETTUMANOOR'),(1221,1055,'KOTTAYAM'),(1222,1055,'PUTHUPPALLY'),(1223,712,'AROOR'),(1224,712,'CHERTHALA'),(1225,712,'ALAPPUZHA'),(1226,712,'AMBALAPUZHA'),(1227,712,'HARIPAD'),(1228,712,'KAYAMKULAM'),(1229,1048,'KARUNAGAPPALLY'),(1230,1055,'CHANGANASSERY'),(1231,712,'KUTTANAD'),(1232,712,'MAVELIKARA'),(1233,712,'CHENGANNUR'),(1234,1048,'KUNNATHUR'),(1235,1048,'KOTTARAKKARA'),(1236,1048,'PATHANAPURAM'),(1237,1055,'KANJIRAPPALLY'),(1238,1055,'POONJAR'),(1239,1189,'THIRUVALLA'),(1240,1189,'RANNI'),(1241,1189,'ARANMULA'),(1242,1189,'KONNI'),(1243,1189,'ADOOR'),(1244,1048,'CHAVARA'),(1245,1048,'PUNALUR'),(1246,1048,'CHADAYAMANGALAM'),(1247,1048,'KUNDARA'),(1248,1048,'KOLLAM'),(1249,1048,'ERAVIPURAM'),(1250,1048,'CHATHANNUR'),(1251,1340,'VARKALA'),(1252,1340,'ATTINGAL'),(1253,1340,'CHIRAYINKEEZHU'),(1254,1340,'NEDUMANGAD'),(1255,1340,'VAMANAPURAM'),(1256,1340,'ARUVIKKARA'),(1257,1340,'KATTAKKADA'),(1258,1340,'KAZHAKKOOTTAM'),(1259,1340,'VATTIYOORKAVU'),(1260,1340,'THIRUVANANTHAPURAM'),(1261,1340,'NEMOM'),(1262,1340,'PARASSALA'),(1263,1340,'KOVALAM'),(1264,1340,'NEYYATTINKARA'),(1265,1071,NULL),(1266,1278,'SHEOPUR '),(1267,1278,'VIJAYPUR '),(1268,1124,'SABALAGADH '),(1269,1124,'JAURA'),(1270,1124,'SUMAOLI'),(1271,1124,'MORENA'),(1272,1124,'DIMANI '),(1273,1124,'AMBAH '),(1274,788,'ATER '),(1275,788,'BHIND '),(1276,788,'LAHAR '),(1277,788,'MEHGAON'),(1278,788,'GOHAD '),(1279,852,'SEWDA'),(1280,852,'BHANDER '),(1281,852,'DATIA'),(1282,934,'GWALIOR RURAL'),(1283,934,'GWALIOR'),(1284,934,'GWALIOR EAST '),(1285,934,'GWALIOR SOUTH'),(1286,934,'BHITRWAR'),(1287,934,'DABARA '),(1288,1281,'KARERA '),(1289,1281,'POHARI '),(1290,1281,'SHIVPURI'),(1291,1281,'PICHHORE'),(1292,1281,'KOLARAS '),(1293,930,'BAMORI '),(1294,930,'GUNA '),(1295,736,'ASHOK NAGAR '),(1296,736,'CHANDERI'),(1297,736,'MUNGAOLI'),(1298,1246,'BINA'),(1299,1246,'KHURAI '),(1300,1246,'SURKHI'),(1301,1246,'NARYAWALI'),(1302,1246,'SAGAR '),(1303,1375,'KURWAI (SC)'),(1304,1375,'SIRONJ'),(1305,1375,'SHAMSHABAD'),(1306,1344,'TIKAMGARH'),(1307,1344,'JATARA'),(1308,1344,'PRITHVIPUR'),(1309,1344,'NIWARI'),(1310,1344,'KHARGAPUR'),(1311,826,'MAHARAJPUR'),(1312,826,'CHHATARPUR'),(1313,826,'BIJAWAR'),(1314,1246,'DEORI'),(1315,1246,'REHLI'),(1316,1246,'BANDA '),(1317,826,'MALHARA'),(1318,846,'PATHARIYA '),(1319,846,'DAMOH '),(1320,846,'JABERA '),(1321,846,'HATTA '),(1322,826,'CHANDLA'),(1323,826,'RAJNAGAR'),(1324,1182,'PAWAI'),(1325,1182,'GUNNOUR'),(1326,1182,'PANNA '),(1327,1023,'VIJAYRAGHAVGARH'),(1328,1023,'MUDWARA'),(1329,1023,'BAHORIBAND'),(1330,1263,'CHITRAKOOT'),(1331,1263,'RAIGAON'),(1332,1263,'SATNA'),(1333,1263,'NAGOD'),(1334,1263,'MAIHAR'),(1335,1263,'AMARPATAN'),(1336,1263,'RAMPUR BAGHELAN'),(1337,1238,'SIRMOUR'),(1338,1238,'SEMARIYA'),(1339,1238,'TEONTHAR'),(1340,1238,'MAUGANJ'),(1341,1238,'DEOTALAB'),(1342,1238,'MANGAWAN'),(1343,1238,'REWA'),(1344,1238,'GURH'),(1345,1288,'CHURHAT'),(1346,1288,'SIDHI'),(1347,1288,'SIHAWAL'),(1348,1292,'CHITRANGI '),(1349,1292,'SINGAROULI '),(1350,1292,'DEVSAR '),(1351,1288,'DHOUHANI '),(1352,1270,'BEOHARI'),(1353,1270,'JAISINGHNAGAR'),(1354,1270,'JAITPUR'),(1355,731,'KOTAMA '),(1356,731,'ANUPPUR'),(1357,731,'PUSPRAJGARH'),(1358,1360,'BANDHAVGARH'),(1359,1360,'MANAPUR '),(1360,1023,'BADWARA'),(1361,956,'PATAN '),(1362,956,'BARGI'),(1363,956,'JABALPUR EAST'),(1364,956,'JABALPUR NORTH'),(1365,956,'JABALPUR CANTT'),(1366,956,'JABALPUR WEST'),(1367,956,'PANAGAR'),(1368,956,'SIHORA'),(1369,876,'SHAHPURA '),(1370,876,'DINDORI '),(1371,1107,'BICHHIYA '),(1372,1107,'NIWAS '),(1373,1107,'MANDLA '),(1374,1266,'KEOLARI'),(1375,1266,'LAKHANADON '),(1376,1150,'GOTEGAON'),(1377,748,'BAIHAR '),(1378,748,'LANJI '),(1379,748,'PARASWADA'),(1380,748,'BALAGHAT '),(1381,748,'WARASEONI'),(1382,748,'KATANGI'),(1383,1266,'BARGHAT'),(1384,1266,'SEONI'),(1385,827,'JUNNARDEO'),(1386,827,'AMARWARA'),(1387,827,'CHURAI'),(1388,827,'SAUSAR'),(1389,827,'CHHINDWARA'),(1390,827,'PARASIYA '),(1391,827,'PANDHURNA'),(1392,1150,'NARSINGPUR'),(1393,1150,'TENDUKHEDA '),(1394,1150,'GADARWARA'),(1395,950,'SEONI MALWA'),(1396,950,'HOSHANGABAD'),(1397,950,'SOHAGPUR'),(1398,950,'PIPARIYA'),(1399,1220,'UDAIPURA'),(1400,1220,'BHOJPUR'),(1401,1220,'SANCHI (SC)'),(1402,1220,'SILWANI'),(1403,1375,'VIDISHA '),(1404,1375,'BASODA'),(1405,1265,'BUDHNI'),(1406,1265,'ICHHAWAR'),(1407,860,'KHATEGAON'),(1408,791,'BERASIA'),(1409,791,'BHOPAL UTTAR '),(1410,791,'NARELA '),(1411,791,'BHOPAL DAKSHINA-PASHCHIM '),(1412,791,'BHOPAL MADHYA'),(1413,791,'GOVINDPURA'),(1414,791,'HUZUR'),(1415,1265,'SEHORE '),(1416,930,'CHACHODA'),(1417,930,'RAGHOGARH'),(1418,1223,'NARSINGHGARH'),(1419,1223,'BIAORA'),(1420,1223,'RAJGARH '),(1421,1223,'KHILCHIPUR'),(1422,1223,'SARANGPUR'),(1423,705,'SUSNER'),(1424,1265,'ASHTA '),(1425,705,'AGAR '),(1426,1274,'SHAJAPUR '),(1427,1274,'SHUJALPUR'),(1428,1274,'KALAPIPAL'),(1429,860,'SONKATCH '),(1430,860,'DEWAS'),(1431,860,'HATPIPLIYA'),(1432,1359,'NAGADA - KHACHAROD '),(1433,1359,'MAHIDPUR'),(1434,1359,'TARANA '),(1435,1359,'GHATIYA'),(1436,1359,'UJJAIN NORTH'),(1437,1359,'UJJAIN SOUTH'),(1438,1359,'BADNAGAR'),(1439,1234,'ALOTE'),(1440,1234,'JAORA'),(1441,1108,'MANDSOUR '),(1442,1108,'MALHARGARH'),(1443,1108,'SUWASRA'),(1444,1108,'GAROTH '),(1445,1155,'MANASA '),(1446,1155,'NEEMUCH'),(1447,1155,'JAWAD'),(1448,715,'ALIRAJPUR'),(1449,715,'JOBAT '),(1450,978,'JHABUA'),(1451,978,'THANDLA'),(1452,978,'PETLAWAD'),(1453,1234,'RATLAM RURAL'),(1454,1234,'RATLAM CITY'),(1455,1234,'SAILANA '),(1456,864,'SARDARPUR'),(1457,864,'Gandhwani'),(1458,864,'KUKSHI '),(1459,864,'MANAWAR'),(1460,864,'DHARAMPURI'),(1461,864,'DHAR '),(1462,864,'BADNAWAR'),(1463,955,'DR.AMBEDKAR NAGAR -Mhow '),(1464,955,'DEPALPUR '),(1465,955,'INDORE-1'),(1466,955,'INDORE-2'),(1467,955,'INDORE-3'),(1468,955,'Indore-4'),(1469,955,'INDORE-5'),(1470,955,'RAU '),(1471,955,'SANWER'),(1472,1030,'MAHESHWAR'),(1473,1030,'KASRAWAD'),(1474,1030,'KHARGONE'),(1475,1030,'BHAGWANPURA'),(1476,770,'SENDHWA (S.T.)'),(1477,770,'RAJPUR (S.T.)'),(1478,770,'PANSEMAL (S.T.)'),(1479,770,'BARWANI (S.T.)'),(1480,860,'BAGLI'),(1481,1029,'MANDHATA '),(1482,1029,'KHANDWA'),(1483,1029,'PANDHANA '),(1484,809,'NEPANAGAR '),(1485,809,'BURHANPUR'),(1486,1030,'BHIKANGAON'),(1487,1030,'BADWAHA'),(1488,779,'MULTAI'),(1489,779,'AMLA'),(1490,779,'BETUL'),(1491,779,'GHODADONGRI'),(1492,779,'BHAINSDEHI'),(1493,939,'TIMARNI'),(1494,939,'HARDA  '),(1495,1029,'HARSUD'),(1496,1147,'Akkalkuwa '),(1497,1147,'Shahada '),(1498,1147,'Nandurbar '),(1499,1147,'Nawapur '),(1500,871,'Sakri '),(1501,871,'Shirpur '),(1502,871,'Dhule Rural'),(1503,871,'Dhule City'),(1504,871,'Sindkheda'),(1505,1151,'Malegaon central'),(1506,1151,'Malegaon outer'),(1507,1151,'Baglan '),(1508,964,'Jalgaon City'),(1509,964,'Jalgaon Rural'),(1510,964,'Amalner'),(1511,964,'Erandol'),(1512,964,'Chalisgaon'),(1513,964,'Pachora'),(1514,964,'Chopda '),(1515,964,'Raver'),(1516,964,'Bhusawal '),(1517,964,'Jamner '),(1518,964,'Muktainagar '),(1519,807,'Malkapur'),(1520,807,'Buldhana'),(1521,807,'Chikhli'),(1522,807,'Sindkhed Raja'),(1523,807,'Mehkar '),(1524,807,'Khamgaon'),(1525,807,'Jalgaon (Jamod)'),(1526,711,'Akot'),(1527,711,'Balapur'),(1528,711,'Akola West'),(1529,711,'Akola East'),(1530,711,'Murtizapur '),(1531,1385,'Risod'),(1532,722,'Badnera'),(1533,722,'Amravati'),(1534,722,'Teosa'),(1535,722,'Daryapur '),(1536,722,'Melghat '),(1537,722,'Achalpur'),(1538,722,'Dhamangaon railway'),(1539,722,'Morshi'),(1540,1384,'Arvi '),(1541,1384,'Deoli '),(1542,1384,'Hinganghat'),(1543,1384,'Wardha'),(1544,1139,'Katol'),(1545,1139,'Savner'),(1546,1139,'Hingna'),(1547,1139,'Umred '),(1548,1139,'Kamthi'),(1549,1139,'Ramtek '),(1550,1139,'Nagpur South West'),(1551,1139,'Nagpur South'),(1552,1139,'Nagpur East'),(1553,1139,'Nagpur central'),(1554,1139,'Nagpur West'),(1555,1139,'Nagpur North'),(1556,783,'Tumsar'),(1557,783,'Bhandara '),(1558,783,'Sakoli'),(1559,925,'Arjuni-morgaon '),(1560,925,'Tirora '),(1561,925,'Gondiya'),(1562,925,'Amgaon '),(1563,906,'Armori '),(1564,906,'Gadchiroli '),(1565,906,'Aheri '),(1566,820,'Brahmapuri'),(1567,820,'Chimur '),(1568,820,'Rajura'),(1569,820,'Chandrapur '),(1570,820,'Ballarpur'),(1571,820,'Warora'),(1572,1403,'Wani '),(1573,1403,'Arni '),(1574,1385,'Washim '),(1575,1385,'Karanja'),(1576,1403,'Ralegaon '),(1577,1403,'Yavatmal'),(1578,1403,'Digras'),(1579,1403,'Pusad '),(1580,1403,'Umarkhed '),(1581,1146,'Kinwat'),(1582,1146,'Hadgaon'),(1583,946,'Basmath'),(1584,946,'Kalamnuri'),(1585,946,'Hingoli'),(1586,1146,'Bhokar'),(1587,1146,'Nanded North'),(1588,1146,'Nanded South'),(1589,1146,'Naigaon'),(1590,1146,'Deglur '),(1591,1146,'Mukhed'),(1592,1184,'Jintur'),(1593,1184,'Parbhani '),(1594,1184,'Gangakhed'),(1595,1184,'Pathri'),(1596,965,'Partur'),(1597,965,'Ghansawangi'),(1598,965,'Jalna'),(1599,965,'Badnapur '),(1600,965,'Bhokardan'),(1601,738,'Sillod'),(1602,738,'Phulambri'),(1603,738,'Paithan'),(1604,738,'Kannad'),(1605,738,'Aurangabad central'),(1606,738,'Aurangabad West'),(1607,738,'Aurangabad East'),(1608,738,'Gangapur'),(1609,738,'Vaijapur'),(1610,1151,'Nandgaon'),(1611,1151,'Kalwan '),(1612,1151,'Chandvad'),(1613,1151,'Yevla'),(1614,1151,'Niphad '),(1615,1151,'Dindori '),(1616,1151,'Sinnar'),(1617,1151,'Nashik East'),(1618,1151,'Nashik central'),(1619,1151,'Nashik West'),(1620,1151,'Devlali  '),(1621,1151,'Igatpuri '),(1622,1176,'Dahanu '),(1623,1176,'Vikramgad '),(1624,1176,'Palghar '),(1625,1176,'Boisar '),(1626,1176,'Nalasopara'),(1627,1176,'Vasai'),(1628,1335,'Bhiwandi Rural (S.T.)'),(1629,1335,'shahapur'),(1630,1335,'Bhiwandi West'),(1631,1335,'Bhiwandi East'),(1632,1335,'Kalyan West'),(1633,1335,'Murbad'),(1634,1335,'Ambernath '),(1635,1335,'Ulhasnagar'),(1636,1335,'Kalyan East'),(1637,1335,'Dombivali'),(1638,1335,'Kalyan Rural'),(1639,1335,'Mumbra-Kalwa'),(1640,1335,'Mira Bhayandar'),(1641,1335,'Ovala - Majiwada'),(1642,1335,'Kopri-Pachpakhadi'),(1643,1335,'Thane'),(1644,1335,'Airoli'),(1645,1335,'Belapur'),(1646,1127,'Borivali'),(1647,1127,'Dahisar'),(1648,1127,'Magathane'),(1649,1127,'Kandivali East'),(1650,1127,'Charkop'),(1651,1127,'Malad West'),(1652,1127,'Jogeshwari East'),(1653,1127,'Dindoshi'),(1654,1127,'Goregaon'),(1655,1127,'Versova'),(1656,1127,'Andheri West'),(1657,1127,'Andheri East'),(1658,1127,'Mulund'),(1659,1127,'Vikhroli'),(1660,1127,'Bhandup West'),(1661,1127,'Ghatkopar West'),(1662,1127,'Ghatkopar East'),(1663,1127,'Mankhurd shivaji Nagar'),(1664,1127,'Vile parle'),(1665,1127,'Chandivali'),(1666,1127,'Kurla '),(1667,1127,'Kalina'),(1668,1127,'Vandre East'),(1669,1127,'Vandre West'),(1670,1127,'Anushakti Nagar'),(1671,1127,'Chembur'),(1672,1126,'Dharavi '),(1673,1126,'Sion koliwada'),(1674,1126,'Wadala'),(1675,1126,'Mahim'),(1676,1126,'Worli'),(1677,1126,'Shivadi '),(1678,1126,'Byculla'),(1679,1126,'Malabar hill'),(1680,1126,'Mumbadevi'),(1681,1126,'Colaba'),(1682,1217,'Pen'),(1683,1217,'Alibag'),(1684,1217,'Shrivardhan'),(1685,1217,'Mahad'),(1686,1235,'Dapoli'),(1687,1235,'Guhagar '),(1688,1217,'Panvel '),(1689,1217,'Karjat'),(1690,1217,'Uran'),(1691,1208,'Maval '),(1692,1208,'Chinchwad'),(1693,1208,'Pimpri '),(1694,1208,'VADGAON SHERI'),(1695,1208,'Shivajinagar'),(1696,1208,'Kothrud'),(1697,1208,'Parvati'),(1698,1208,'Pune cantonment'),(1699,1208,'Kasba peth'),(1700,1208,'Daund'),(1701,1208,'Indapur'),(1702,1208,'Baramati'),(1703,1208,'Purandar'),(1704,1208,'Bhor'),(1705,1208,'Khadakwasala'),(1706,1208,'Junnar'),(1707,1208,'Ambegaon'),(1708,1208,'Khed alandi'),(1709,1208,'Shirur'),(1710,1208,'Bhosari'),(1711,1208,'Hadapsar'),(1712,708,'Shevgaon '),(1713,708,'Rahuri'),(1714,708,'Parner'),(1715,708,'Ahmednagar City'),(1716,708,'Shrigonda'),(1717,708,'Karjat jamkhed'),(1718,708,'Akole '),(1719,708,'Sangamner'),(1720,708,'Shirdi'),(1721,708,'Kopargaon'),(1722,708,'Shrirampur '),(1723,708,'Nevasa'),(1724,774,'Georai'),(1725,774,'Majalgaon'),(1726,774,'Beed'),(1727,774,'Ashti'),(1728,774,'Kaij '),(1729,774,'Parli'),(1730,1074,'Ausa'),(1731,1172,'Umarga '),(1732,1172,'Tuljapur'),(1733,1172,'Osmanabad'),(1734,1172,'Paranda '),(1735,1302,'Barshi '),(1736,1146,'Loha'),(1737,1074,'Latur Rural'),(1738,1074,'Latur City'),(1739,1074,'Ahmadpur '),(1740,1074,'Udgir '),(1741,1074,'Nilanga'),(1742,1302,'Mohol '),(1743,1302,'Solapur City North'),(1744,1302,'Solapur City central'),(1745,1302,'Akkalkot '),(1746,1302,'Solapur South'),(1747,1302,'Pandharpur'),(1748,1302,'Karmala'),(1749,1302,'Madha'),(1750,1302,'Sangola'),(1751,1302,'Malshiras '),(1752,1262,'Phaltan '),(1753,1262,'Man '),(1754,1256,'Miraj '),(1755,1256,'Sangli'),(1756,1256,'Palus-Kadegaon'),(1757,1256,'Khanapur'),(1758,1256,'Tasgaon-Kavathe Mahankal'),(1759,1256,'Jath'),(1760,1262,'Wai '),(1761,1262,'Koregaon '),(1762,1262,'Karad North'),(1763,1262,'Karad South'),(1764,1262,'Patan'),(1765,1262,'Satara'),(1766,1235,'Chiplun'),(1767,1235,'Ratnagiri '),(1768,1235,'Rajapur '),(1769,1291,'Kankavli'),(1770,1291,'Kudal'),(1771,1291,'Sawantwadi'),(1772,1046,'Chandgad '),(1773,1046,'Radhanagari'),(1774,1046,'Kagal'),(1775,1046,'Kolhapur South'),(1776,1046,'Karvir'),(1777,1046,'Kolhapur North'),(1778,1046,'Shahuwadi '),(1779,1046,'Hatkanangle '),(1780,1046,'Ichalkaranji'),(1781,1046,'Shirol'),(1782,1256,'Islampur'),(1783,1256,'Shirala'),(1784,1391,'Nartiang '),(1785,1391,'Jowai '),(1786,1391,'Raliang '),(1787,1391,'Mowkaiaw '),(1788,886,'Sutnga Saipung '),(1789,886,'Khliehriat '),(1790,1391,'Amlarem '),(1791,1240,'Mawhati '),(1792,1240,'Nongpoh '),(1793,1240,'Jirang '),(1794,1240,'Umsning  '),(1795,1240,'Umroi '),(1796,888,'Mawryngkneng '),(1797,888,'Pynthorumkhrah '),(1798,888,'Mawlai '),(1799,888,'East Shillong '),(1800,888,'North Shillong '),(1801,888,'West Shillong'),(1802,888,'South Shillong'),(1803,888,'Mylliem '),(1804,888,'Nongthymmai '),(1805,888,'Nongkrem '),(1806,888,'Sohiong '),(1807,888,'Mawphlang '),(1808,888,'Mawsynram '),(1809,888,'Shella '),(1810,888,'Pynursla '),(1811,888,'Sohra '),(1812,888,'Mawkynrew '),(1813,1394,'Mairang '),(1814,1394,'Mawthadraishan '),(1815,1394,'Nongstoin '),(1816,1394,'Rambrai Jyrngam '),(1817,1394,'Mawshynrut '),(1818,1316,'Ranikor '),(1819,1316,'Mawkyrwat '),(1820,1166,'Kharkutta '),(1821,1166,'Mendipathar '),(1822,1166,'Resubelpara '),(1823,1166,'Bajengdoba '),(1824,884,'Songsak '),(1825,884,'Rongjeng '),(1826,884,'William Nagar'),(1827,1389,'Raksamgre '),(1828,1389,'Tikrikila '),(1829,1389,'Phulbari'),(1830,1389,'Rajabala'),(1831,1389,'Selsella '),(1832,1389,'Dadenggre '),(1833,1389,'North Tura '),(1834,1389,'South Tura'),(1835,1389,'Rangsakona '),(1836,1315,'Ampati'),(1837,1315,'Mahendraganj '),(1838,1315,'Salmanpara '),(1839,1389,'Gambegre '),(1840,1389,'Dalu '),(1841,1310,'Rongara Siju '),(1842,1310,'Chokpot '),(1843,1310,'Baghmara '),(1844,1104,'Hachhek'),(1845,1104,'Dampa'),(1846,1104,'Mamit'),(1847,1045,'Tuirial'),(1848,1045,'Kolasib'),(1849,1045,'Serlui'),(1850,709,'Tuivawl'),(1851,709,'Chalfilh'),(1852,709,'Tawi'),(1853,709,'Aizawl  North - i'),(1854,709,'Aizawl North - ii'),(1855,709,'Aizawl North-iii'),(1856,709,'Aizawl East - i'),(1857,709,'Aizawl East ii'),(1858,709,'Aizawl West i'),(1859,709,'Aizawl West ii'),(1860,709,'Aizawl West iii'),(1861,709,'Aizawl South i'),(1862,709,'Aizawl South ii'),(1863,709,'Aizawl South-iii'),(1864,817,'Lengteng'),(1865,817,'Tuichang'),(1866,817,'Champhai North'),(1867,817,'Champhai South'),(1868,817,'East tuipui'),(1869,1268,'Serchhip'),(1870,1268,'Tuikum'),(1871,1268,'Hrangturzo'),(1872,1086,'South tuipui'),(1873,1086,'Lunglei North'),(1874,1086,'Lunglei East'),(1875,1086,'Lunglei West'),(1876,1086,'Lunglei South'),(1877,1086,'Thorang'),(1878,1086,'West tuipui'),(1879,1075,'Tuichawng'),(1880,1075,'Lawngtlai West'),(1881,1075,'Lawngtlai East'),(1882,1284,'Saiha'),(1883,1284,'Palak'),(1884,874,'Dimapur-i'),(1885,874,'Dimapur-ii'),(1886,874,'Dimapur-iii'),(1887,874,'Ghaspani-i'),(1888,874,'Ghaspani-ii'),(1889,1196,'Tenning'),(1890,1196,'Peren'),(1891,1042,'Western angami'),(1892,1042,'Kohima town'),(1893,1042,'Northern angami-i'),(1894,1042,'Northern angami-ii'),(1895,1042,'Tseminyu'),(1896,1206,'Pughoboto'),(1897,1042,'Southern angami-i'),(1898,1042,'Southern angami-ii'),(1899,1197,'Pfutsero'),(1900,1197,'Chizami'),(1901,1197,'Chazouba'),(1902,1197,'Phek'),(1903,1197,'Meluri'),(1904,1120,'Tuli'),(1905,1120,'Arkakong'),(1906,1120,'Impur'),(1907,1120,'Angetyongpang'),(1908,1120,'Mongoya'),(1909,1120,'Aonglenden'),(1910,1120,'Mokokchung town'),(1911,1120,'Koridang'),(1912,1120,'Jangpetkong'),(1913,1120,'Alongtaki'),(1914,1404,'Akuluto'),(1915,1404,'Atoizu'),(1916,1404,'Suruhoto'),(1917,1404,'Aghunato'),(1918,1404,'Zunheboto'),(1919,1404,'Satakha'),(1920,1398,'Tyui'),(1921,1398,'Wokha'),(1922,1398,'Sanis'),(1923,1398,'Bhandari'),(1924,1121,'Tizit'),(1925,1121,'Wakching'),(1926,1121,'Tapi'),(1927,1121,'Phomching'),(1928,1121,'Tehok'),(1929,1121,'Mon town'),(1930,1121,'Aboi'),(1931,1121,'Moka'),(1932,1080,'Tamlu'),(1933,1080,'Longleng'),(1934,1352,'Noksen'),(1935,1352,'Longkhim chare'),(1936,1352,'Tuensang sadar-i'),(1937,1352,'Tuensang sadar-ii'),(1938,1121,'Tobu'),(1939,1352,'Noklak'),(1940,1352,'Thonoknyu'),(1941,1352,'Shamator chessore'),(1942,1037,'Seyochung sitimi'),(1943,1037,'Pungro kiphire'),(1944,1161,'ADARSH NAGAR'),(1945,1169,'SHALIMAR BAGH'),(1946,1161,'SHAKUR BASTI'),(1947,1169,'TRI NAGAR'),(1948,1161,'WAZIRPUR'),(1949,1161,'MODEL TOWN'),(1950,812,'SADAR BAZAR'),(1951,812,'CHANDNI CHOWK'),(1952,812,'MATIA MAHAL'),(1953,812,'BALLIMARAN'),(1954,812,'BURARI'),(1955,812,'TIMARPUR'),(1956,1269,'SEEMA PURI'),(1957,1269,'ROHTAS NAGAR'),(1958,1165,'SEELAMPUR'),(1959,1165,'GHONDA'),(1960,1269,'BABARPUR'),(1961,1165,'GOKALPUR'),(1962,1165,'MUSTAFABAD'),(1963,1165,'KARAWAL NAGAR'),(1964,1317,'JANGPURA'),(1965,1317,'OKHLA'),(1966,882,'TRILOKPURI'),(1967,882,'KONDLI'),(1968,882,'PATPARGANJ'),(1969,882,'LAXMI NAGAR'),(1970,1269,'VISHWAS NAGAR'),(1971,882,'KRISHNA NAGAR'),(1972,882,'GANDHI NAGAR'),(1973,1269,'SHAHDARA'),(1974,812,'KAROL BAGH'),(1975,1157,'PATEL NAGAR'),(1976,1387,'MOTI NAGAR'),(1977,1157,'DELHI CANTT'),(1978,1157,'RAJINDER NAGAR'),(1979,1157,'NEW DELHI'),(1980,1317,'KASTURBA NAGAR'),(1981,1306,'MALVIYA NAGAR'),(1982,1157,'R K PURAM'),(1983,1157,'GREATER KAILASH'),(1984,1161,'NERELA'),(1985,1161,'BADLI'),(1986,1169,'RITHALA'),(1987,1161,'BAWANA'),(1988,1169,'MUNDKA'),(1989,1169,'KIRARI'),(1990,1169,'SULTANPUR MAJRA'),(1991,1387,'NANGLOI JAT'),(1992,1169,'MANGOL PURI'),(1993,1161,'ROHINI'),(1994,1387,'MADIPUR'),(1995,1387,'RAJOURI GARDEN'),(1996,1387,'HARI NAGAR'),(1997,1387,'TILAK NAGAR'),(1998,1387,'JANAKPURI'),(1999,1314,'VIKASPURI'),(2000,1314,'UTTAM NAGAR'),(2001,1314,'DWARKA'),(2002,1314,'MATIALA'),(2003,1314,'NAJAFGARH'),(2004,1314,'BIJWASAN'),(2005,1314,'PALAM'),(2006,1306,'MEHRAULI'),(2007,1306,'CHHATARPUR'),(2008,1306,'DEOLI'),(2009,1306,'AMBEDKAR NAGAR'),(2010,1317,'SANGAM VIHAR'),(2011,1317,'KALKAJI'),(2012,1317,'TUGHLAKABAD'),(2013,1317,'BADARPUR'),(2014,763,'Padampur'),(2015,763,'Bijepur'),(2016,763,'Bargarh'),(2017,763,'Attabira '),(2018,763,'Bhatli'),(2019,983,'Brajarajnagar'),(2020,983,'Jharsuguda'),(2021,1324,'Talsara '),(2022,1324,'Sundargarh '),(2023,1324,'Biramitrapur '),(2024,1324,'Raghunathpali '),(2025,1324,'Rourkela'),(2026,1324,'Rajgangapur '),(2027,1324,'Bonai '),(2028,1253,'Kuchinda '),(2029,1253,'Rengali'),(2030,1253,'Sambalpur'),(2031,1253,'Rairakhol'),(2032,856,'Deogarh'),(2033,729,'Chhendipada'),(2034,729,'Athamallik '),(2035,1026,'Telkoi '),(2036,1026,'Ghasipura '),(2037,1026,'Anandapur '),(2038,1026,'Patna '),(2039,1026,'Keonjhar '),(2040,1026,'Champua '),(2041,1113,'Karanjia '),(2042,1113,'Jashipur'),(2043,1113,'Saraskana '),(2044,1113,'Rairangpur '),(2045,1113,'Bangriposi '),(2046,1113,'Udala '),(2047,1113,'Baripada '),(2048,1113,'Morada'),(2049,1113,'Badasahi '),(2050,749,'Jaleswar'),(2051,749,'Bhograi'),(2052,749,'Basta'),(2053,749,'Balasore'),(2054,749,'Remuna '),(2055,749,'Nilgiri'),(2056,749,'Soro '),(2057,749,'Simulia'),(2058,781,'Bhandaripokhari'),(2059,781,'Bhadrak'),(2060,781,'Basudevpur'),(2061,781,'Dhamnagar '),(2062,781,'Chandabali'),(2063,961,'Binjharpur '),(2064,961,'Bari'),(2065,961,'Barchana'),(2066,961,'Dharmasala'),(2067,961,'Jajpur'),(2068,961,'Korei'),(2069,961,'Sukinda'),(2070,868,'Dhenkanal'),(2071,868,'Hindol'),(2072,868,'Kamakhyanagar'),(2073,868,'Parjanga'),(2074,729,'Pallahara'),(2075,729,'Talcher'),(2076,729,'Angul '),(2077,1321,'Birmaharajpur '),(2078,1321,'Sonepur'),(2079,800,'Loisingha '),(2080,800,'Patnagarh'),(2081,800,'Bolangir '),(2082,800,'Titlagarh'),(2083,800,'Kantabanji'),(2084,1171,'Nuapada'),(2085,1171,'Khariar'),(2086,995,'Lanjigarh '),(2087,995,'Junagarh '),(2088,995,'Dharmgarh'),(2089,995,'Bhawanipatna '),(2090,995,'Narla'),(2091,1170,'Umarkote '),(2092,1170,'Jharigam '),(2093,1170,'Nabarangpur '),(2094,1170,'Dabugam '),(2095,1051,'Kotpad '),(2096,1103,'Malkangiri '),(2097,1103,'Chitrakonda '),(2098,1002,'Baliguda '),(2099,1002,'G. Udayagiri '),(2100,1002,'Phulbani '),(2101,803,'Kantamal'),(2102,803,'Boudh'),(2103,1154,'Daspalla '),(2104,911,'Bhanjanagar'),(2105,840,'Baramba'),(2106,840,'Banki'),(2107,840,'Athagarh'),(2108,840,'Barabati-Cuttack'),(2109,840,'Choudwar-Cuttack'),(2110,840,'Cuttack Sadar '),(2111,1154,'Khandapada'),(2112,840,'Salipur'),(2113,840,'Mahanga'),(2114,1025,'Patkura'),(2115,1025,'Kendrapara '),(2116,1025,'Aul  '),(2117,1025,'Rajanagar'),(2118,1025,'Mahakalapada'),(2119,840,'Niali '),(2120,957,'Paradeep'),(2121,957,'Tirtol '),(2122,957,'Balikuda-Ersama'),(2123,957,'Jagatsinghpur'),(2124,1211,'Kakatpur '),(2125,1211,'Nimapara'),(2126,1211,'Puri'),(2127,1211,'Bramhagiri'),(2128,1211,'Satyabadi '),(2129,1211,'Pipili'),(2130,1035,'Chilika'),(2131,1154,'Ranpur'),(2132,1154,'Nayagarh'),(2133,1035,'Jayadev '),(2134,1035,'Bhubaneswar Central (Madhya)'),(2135,1035,'Bhubaneswar North (Uttar)'),(2136,1035,'Ekamra-Bhubaneswar'),(2137,1035,'Jatani'),(2138,1035,'Begunia'),(2139,1035,'Khurda'),(2140,911,'Polasara '),(2141,911,'Kabisuryangar'),(2142,911,'Khalikote '),(2143,911,'Aska'),(2144,911,'Surada'),(2145,911,'Sanakhemundi'),(2146,911,'Hinjili'),(2147,911,'Chhatrapur '),(2148,911,'Gopalpur'),(2149,911,'Berhampur'),(2150,911,'Digapahandi'),(2151,911,'Chikiti'),(2152,907,'Mohana '),(2153,907,'Paralakhemundi'),(2154,1236,'Gunupur '),(2155,1236,'Bissam cuttack '),(2156,1236,'Rayagada '),(2157,1051,'Laxmipur '),(2158,1051,'Jeypore '),(2159,1051,'Koraput '),(2160,1051,'Pottangi '),(2161,1204,'Mannadipet'),(2162,1204,'Thirubuvanai'),(2163,1204,'Ossudu'),(2164,1204,'Mangalam'),(2165,1204,'Villianur'),(2166,1204,'Ozhukarai'),(2167,1204,'Kadirkamam'),(2168,1204,'Indira Nagar'),(2169,1204,'Thattanchavady'),(2170,1204,'Kamaraj Nagar'),(2171,1204,'Lawspet'),(2172,1204,'Kalapet'),(2173,1204,'Muthialpet'),(2174,1204,'Raj Bhavan'),(2175,1204,'Oupalam'),(2176,1204,'Orleampeth'),(2177,1204,'Nellithope'),(2178,1204,'Mudaliarpet'),(2179,1204,'Ariankuppam'),(2180,1204,'Manavely'),(2181,1204,'Embalam'),(2182,1204,'Nettapakkam'),(2183,1204,'Bahour'),(2184,1011,'Nedungadu'),(2185,1011,'Thirunallar'),(2186,1011,'Karaikal North'),(2187,1011,'Karaikal South'),(2188,1011,'Neravy T R Pattinam'),(2189,1094,'Mahe'),(2190,1402,'Yanam'),(2191,1190,'Sujanpur '),(2192,1190,'Bhoa'),(2193,1190,'Pathankot'),(2194,932,'Gurdaspur '),(2195,932,'Dina Nagar'),(2196,932,'Qadian'),(2197,932,'Batala '),(2198,932,'Fatehgarh Churian '),(2199,932,'Dera Baba  Nanak '),(2200,724,'Ajnala '),(2201,724,'Raja Sansi '),(2202,724,'Majitha '),(2203,724,'Amritsar North'),(2204,724,'Amritsar West'),(2205,724,'Amritsar Central'),(2206,724,'Amritsar East'),(2207,724,'Amritsar South'),(2208,724,'Attari '),(2209,724,'Jandiala '),(2210,1332,'Tarn Taran '),(2211,1332,'Khem Karan'),(2212,1332,'Patti '),(2213,1332,'Khadoor Sahib'),(2214,724,'Baba Bakala '),(2215,1010,'Kapurthala '),(2216,1010,'Sultanpur Lodhi '),(2217,904,'Zira'),(2218,962,'Phillaur '),(2219,962,'Nakodar '),(2220,962,'Shahkot '),(2221,962,'Kartarpur '),(2222,962,'Jalandhar West'),(2223,962,'Jalandhar Central'),(2224,962,'Jalandhar North'),(2225,962,'Jalandhar Cantt.'),(2226,962,'Adampur '),(2227,932,'Sri Hargobindpur '),(2228,1010,'Bholath '),(2229,1010,'Phagwara '),(2230,951,'Mukerian '),(2231,951,'Dasuya'),(2232,951,'Urmar '),(2233,951,'Sham Chaurasi '),(2234,951,'Hoshiarpur '),(2235,951,'Chabbewal '),(2236,951,'Garhshankar '),(2237,1272,'Banga'),(2238,1272,'Nawan shahr '),(2239,1272,'Balachaur'),(2240,1244,'Anandpur Sahib'),(2241,1244,'Rupnagar '),(2242,1244,'Chamkaur Sahib'),(2243,1271,'Kharar'),(2244,1271,'S.A.S.Nagar '),(2245,1085,'Ludhiana East'),(2246,1085,'Ludhiana South'),(2247,1085,'Atam Nagar'),(2248,1085,'Ludhiana Central'),(2249,1085,'Ludhiana West'),(2250,1085,'Ludhiana North'),(2251,1085,'Gill '),(2252,1085,'Dakha'),(2253,1085,'Jagraon '),(2254,900,'Bassi Pathana '),(2255,900,'Fatehgarh Sahib'),(2256,900,'Amloh '),(2257,1085,'Khanna'),(2258,1085,'Samrala'),(2259,1085,'Sahnewal '),(2260,1085,'Payal '),(2261,1085,'Raikot '),(2262,1257,'Amargarh '),(2263,1119,'Nihal Singhwala  '),(2264,1119,'Bhagha Purana'),(2265,1119,'Moga '),(2266,1119,'Dharamkot '),(2267,1318,'Gidderbaha'),(2268,897,'Faridkot '),(2269,897,'Kotkapura '),(2270,897,'Jaitu '),(2271,773,'Rampura Phul '),(2272,904,'Firozpur City'),(2273,904,'Firozpur Rural'),(2274,904,'Guru Har Sahai '),(2275,902,'Jalalabad'),(2276,902,'Fazilka'),(2277,902,'Abohar'),(2278,902,'Balluana '),(2279,1318,'Malout'),(2280,1318,'Muktsar '),(2281,1318,'Lambi'),(2282,773,'Bhucho Mandi '),(2283,773,'Bathinda Urban'),(2284,773,'Bathinda Rural'),(2285,773,'Talwandi Sabo '),(2286,773,'Maur '),(2287,1110,'Mansa '),(2288,1110,'Sardulgarh '),(2289,1110,'Budhlada '),(2290,1257,'Lehra'),(2291,1257,'Dirba '),(2292,1257,'Sunam '),(2293,768,'Bhadaur '),(2294,768,'Barnala '),(2295,768,'Mehal Kalan '),(2296,1257,'Malerkotla '),(2297,1257,'Dhuri '),(2298,1257,'Sangrur'),(2299,1191,'Nabha'),(2300,1191,'Patiala Rural'),(2301,1191,'Rajpura'),(2302,1271,'Dera Bassi '),(2303,1191,'Ghanaur'),(2304,1191,'Sanour '),(2305,1191,'Patiala '),(2306,1191,'Samana'),(2307,1191,'Shutrana '),(2308,910,'Sadulshahar'),(2309,910,'Ganganagar'),(2310,910,'Karanpur'),(2311,910,'Suratgarh'),(2312,910,'Raisingh Nagar'),(2313,937,'Sangaria'),(2314,937,'Hanumangarh'),(2315,937,'Pilibanga '),(2316,910,'Anupgarh    '),(2317,795,'Khajuwala '),(2318,795,'Bikaner West'),(2319,795,'Bikaner East'),(2320,795,'Kolayat'),(2321,795,'Lunkaransar'),(2322,795,'Dungargarh'),(2323,795,'Nokha'),(2324,937,'Nohar'),(2325,937,'Bhadra'),(2326,836,'Sadulpur'),(2327,836,'Taranagar'),(2328,836,'Sardarshahar'),(2329,836,'Churu'),(2330,836,'Ratangarh'),(2331,836,'Sujangarh '),(2332,984,'Pilani '),(2333,984,'Surajgarh'),(2334,984,'Jhunjhunu'),(2335,984,'Mandawa'),(2336,984,'Nawalgarh'),(2337,984,'Udaipurwati'),(2338,984,'Khetri'),(2339,1289,'Fatehpur'),(2340,1289,'Lachhmangarh'),(2341,1289,'Dhod '),(2342,1289,'Sikar'),(2343,1289,'Danta ramgarh'),(2344,1289,'Khandela'),(2345,1289,'Neem ka Thana'),(2346,1289,'Srimadhopur'),(2347,959,'Chomu'),(2348,959,'Kotputli '),(2349,959,'Viratnagar'),(2350,959,'Shahpura'),(2351,959,'Phulera '),(2352,959,'Jhotwara'),(2353,959,'Amber'),(2354,959,'Jamwa ramgarh '),(2355,718,'Bansur'),(2356,959,'Hawa mahal'),(2357,959,'Vidhyadhar Nagar'),(2358,959,'Civil lines'),(2359,959,'Kishan pole'),(2360,959,'Adarsh Nagar'),(2361,959,'Malviya Nagar'),(2362,959,'Sanganer'),(2363,959,'Bagru '),(2364,718,'Tijara'),(2365,718,'Kishangarh bas'),(2366,718,'Mundawar'),(2367,718,'Behror'),(2368,718,'Alwar Rural'),(2369,718,'Alwar Urban'),(2370,718,'Ramgarh'),(2371,718,'Rajgarh laxmangarh '),(2372,718,'Kathumar '),(2373,784,'Kaman'),(2374,784,'Nagar'),(2375,784,'Deeg-kumher'),(2376,784,'Bharatpur'),(2377,784,'Nadbai '),(2378,784,'Weir '),(2379,784,'Bayana'),(2380,869,'Baseri '),(2381,869,'Bari'),(2382,869,'Dholpur'),(2383,869,'Rajakhera'),(2384,1012,'Todabhim '),(2385,1012,'Hindaun '),(2386,1012,'Karauli'),(2387,1012,'Sapotra '),(2388,959,'Bassi '),(2389,959,'Chaksu   '),(2390,718,'Thanagazi'),(2391,853,'Bandikui '),(2392,853,'Mahuwa'),(2393,853,'Sikrai '),(2394,853,'Dausa '),(2395,853,'Lalsot '),(2396,1264,'Gangapur'),(2397,1264,'Bamanwas'),(2398,1264,'Sawai madhopur'),(2399,1264,'Khandar'),(2400,1351,'Malpura'),(2401,1351,'Niwai '),(2402,1351,'Tonk'),(2403,1351,'Deoli - uniara'),(2404,959,'Dudu '),(2405,710,'Kishangarh'),(2406,710,'Pushkar'),(2407,710,'Ajmer North'),(2408,710,'Ajmer South'),(2409,710,'Nasirabad'),(2410,710,'Masuda'),(2411,710,'Kekri '),(2412,1138,'Ladnun'),(2413,1138,'Deedwana'),(2414,1138,'Jayal '),(2415,1138,'Nagaur'),(2416,1138,'Khinwsar'),(2417,1138,'Makrana'),(2418,1138,'Parbatsar'),(2419,1138,'Nawan'),(2420,1177,'Sojat '),(2421,1177,'Pali'),(2422,1177,'Marwar junction'),(2423,1177,'Bali'),(2424,1177,'Sumerpur'),(2425,986,'Osian'),(2426,986,'Bhopalgarh '),(2427,986,'Bilara '),(2428,986,'Phalodi'),(2429,986,'Lohawat'),(2430,986,'Shergarh'),(2431,986,'Sardarpura'),(2432,986,'Jodhpur'),(2433,986,'Soorsagar'),(2434,986,'Luni'),(2435,960,'Pokaran'),(2436,960,'Jaisalmer'),(2437,767,'Sheo'),(2438,767,'Barmer'),(2439,767,'Baytoo'),(2440,767,'Pachpadra'),(2441,767,'Siwana'),(2442,767,'Gudhamalani'),(2443,767,'Chohtan '),(2444,966,'Ahore'),(2445,966,'Jalore '),(2446,966,'Bhinmal'),(2447,966,'Sanchore'),(2448,966,'Raniwara'),(2449,1294,'Sirohi'),(2450,1294,'Pindwara abu '),(2451,1294,'Reodar '),(2452,1354,'Gogunda '),(2453,1354,'Jhadol  '),(2454,1354,'Kherwara '),(2455,1354,'Udaipur Rural'),(2456,1354,'Udaipur'),(2457,1354,'Salumber '),(2458,1203,'Dhariyawad  '),(2459,880,'Aspur '),(2460,880,'Dungarpur '),(2461,880,'Sagwara '),(2462,880,'Chorasi '),(2463,761,'Ghatol '),(2464,761,'Garhi '),(2465,761,'Banswara '),(2466,761,'Bagidora '),(2467,761,'Kushalgarh '),(2468,1354,'Mavli'),(2469,1354,'Vallabh Nagar'),(2470,835,'Kapasan'),(2471,835,'Begun'),(2472,835,'Chittorgarh'),(2473,835,'Nimbahera'),(2474,835,'Bari sadri '),(2475,1203,'Pratapgarh '),(2476,710,'Beawar'),(2477,1138,'Merta '),(2478,1138,'Degana'),(2479,1177,'Jaitaran'),(2480,1226,'Bhim '),(2481,1226,'Kumbhalgarh'),(2482,1226,'Rajsamand'),(2483,1226,'Nathdwara'),(2484,787,'Asind'),(2485,787,'Mandal'),(2486,787,'Sahara'),(2487,787,'Bhilwara'),(2488,787,'Shahpura'),(2489,787,'Jahazpur'),(2490,787,'Mandalgarh '),(2491,808,'Hindoli'),(2492,808,'Keshoraipatan '),(2493,808,'Bundi'),(2494,1054,'Pipalda'),(2495,1054,'Sangod'),(2496,1054,'Kota North'),(2497,1054,'Kota South'),(2498,1054,'Ladpura '),(2499,1054,'Ramganj mandi '),(2500,765,'Anta'),(2501,765,'Kishanganj '),(2502,765,'Baran-atru '),(2503,765,'Chhabra'),(2504,980,'Dag '),(2505,980,'Jhalrapatan'),(2506,980,'Khanpur'),(2507,980,'Manohar thana'),(2508,1388,'Yoksam-tashiding'),(2509,1388,'Yangthang'),(2510,1388,'Maneybung-dentam'),(2511,1388,'Gyalshing-barnyak'),(2512,1388,'Rinchenpong'),(2513,1388,'Daramdin'),(2514,1388,'Soreong-chakung'),(2515,1388,'Salghari-zoom'),(2516,1309,'Barfung'),(2517,1309,'Poklok-kamrang'),(2518,1309,'Namchi-singhithang'),(2519,1309,'Melli'),(2520,1309,'Namthang-rateypani'),(2521,1309,'Temi-namphing'),(2522,1309,'Rangang-yangang'),(2523,1309,'Tumen-lingi'),(2524,883,'Khamdong-singtam'),(2525,883,'West pendam'),(2526,883,'Rhenock  '),(2527,883,'Chujachen'),(2528,883,'Gnathang-machong'),(2529,883,'Namcheybung'),(2530,883,'Shyari'),(2531,883,'Martam-rumtek'),(2532,883,'Upper tadong'),(2533,883,'Arithang'),(2534,883,'Gangtok'),(2535,883,'Upper burtuk'),(2536,1164,'Kabi lungchuk'),(2537,1164,'Djongu'),(2538,1164,'Lachen mangan'),(2539,703,'Sangha'),(2540,1339,'Gummidipoondi'),(2541,1339,'Ponneri'),(2542,1339,'Thiruvallur'),(2543,1339,'Poonamallee'),(2544,1339,'Avadi'),(2545,1339,'Madavaram'),(2546,1339,'Thiruvottiyur'),(2547,825,'Dr.Radhakrishnan Nagar'),(2548,825,'Perambur'),(2549,825,'Kolathur'),(2550,825,'Thiru-Vi-Ka-Nagar'),(2551,825,'Royapuram'),(2552,825,'Virugampakkam'),(2553,825,'Saidapet'),(2554,825,'Thiyagarayanagar'),(2555,825,'Mylapore'),(2556,825,'Velachery'),(2557,1001,'Shozhinganallur'),(2558,825,'Villivakkam'),(2559,825,'Egmore'),(2560,825,'Harbour'),(2561,825,'Chepauk-Thiruvallikeni'),(2562,825,'Thousand Lights'),(2563,825,'Anna Nagar'),(2564,1339,'Maduravoyal'),(2565,1339,'Ambattur'),(2566,1001,'Alandur'),(2567,1001,'Sriperumbudur'),(2568,1001,'Pallavaram'),(2569,1001,'Tambaram'),(2570,1001,'Chengalpattu'),(2571,1001,'Thiruporur'),(2572,1001,'Cheyyur'),(2573,1001,'Madurantakam'),(2574,1001,'Uthiramerur'),(2575,1001,'Kancheepuram'),(2576,1339,'Tiruttani'),(2577,1374,'Arakkonam'),(2578,1374,'Sholingur'),(2579,1374,'Katpadi'),(2580,1374,'Ranipet'),(2581,1374,'Arcot'),(2582,1374,'Vellore'),(2583,1374,'Anaikattu'),(2584,1374,'Kilvaithinankuppam'),(2585,1374,'Gudiyattam'),(2586,1374,'Vaniyambadi'),(2587,1374,'Ambur'),(2588,1059,'Uthangarai'),(2589,1059,'Bargur'),(2590,1059,'Krishnagiri'),(2591,1059,'Veppanahalli'),(2592,1059,'Hosur'),(2593,1059,'Thalli'),(2594,865,'Palacode'),(2595,865,'Pennagaram'),(2596,865,'Dharmapuri'),(2597,865,'Pappireddippatti'),(2598,865,'Harur'),(2599,1250,'Mettur'),(2600,1374,'Jolarpet'),(2601,1374,'Tirupattur'),(2602,1350,'Chengam'),(2603,1350,'Tiruvannamalai'),(2604,1350,'Kilpennathur'),(2605,1350,'Kalasapakkam'),(2606,1350,'Polur'),(2607,1350,'Arani'),(2608,1350,'Cheyyar'),(2609,1350,'Vandavasi'),(2610,1377,'Gingee'),(2611,1377,'Mailam'),(2612,1377,'Tindivanam'),(2613,1377,'Vanur'),(2614,1377,'Villupuram'),(2615,1377,'Vikravandi'),(2616,1377,'Tirukkoyilur'),(2617,1377,'Ulundurpettai'),(2618,1377,'Rishivandiyam'),(2619,1377,'Sankarapuram'),(2620,1377,'Kallakurichi'),(2621,1250,'Gangavalli'),(2622,1250,'Attur'),(2623,1250,'Yercaud'),(2624,1250,'Omalur'),(2625,1250,'Edappadi'),(2626,1250,'Salem (West)'),(2627,1250,'Salem (North)'),(2628,1250,'Salem (South)'),(2629,1250,'Veerapandi'),(2630,1250,'Sankari'),(2631,1144,'Rasipuram'),(2632,1144,'Senthamangalam'),(2633,1144,'Namakkal'),(2634,1144,'Paramathi-Velur'),(2635,1144,'Tiruchengodu'),(2636,1144,'Kumarapalayam'),(2637,892,'Erode (East)'),(2638,892,'Erode (West)'),(2639,892,'Modakkurichi'),(2640,1349,'Dharapuram (SC)'),(2641,1349,'Kangayam'),(2642,892,'Perundurai'),(2643,892,'Bhavani'),(2644,892,'Anthiyur'),(2645,892,'Gobichettipalayam'),(2646,1349,'Tiruppur (North)'),(2647,1349,'Tiruppur (South)'),(2648,892,'Bhavanisagar'),(2649,1337,'Udhagamandalam'),(2650,1337,'Gudalur'),(2651,1337,'Coonoor'),(2652,837,'Mettuppalayam'),(2653,1349,'Avanashi (SC)'),(2654,1349,'Palladam'),(2655,837,'Sulur'),(2656,837,'Kavundampalayam'),(2657,837,'Coimbatore (North)'),(2658,837,'Coimbatore (South)'),(2659,837,'Singanallur'),(2660,837,'Thondamuthur'),(2661,837,'Kinathukadavu'),(2662,837,'Pollachi'),(2663,837,'Valparai'),(2664,1349,'Udumalaipettai'),(2665,1349,'Madathukulam'),(2666,875,'Palani'),(2667,875,'Oddanchatram'),(2668,875,'Athoor'),(2669,875,'Nilakkottai'),(2670,875,'Natham'),(2671,875,'Dindigul'),(2672,875,'Vedasandur'),(2673,1018,'Aravakurichi'),(2674,1018,'Karur'),(2675,1018,'Krishnarayapuram'),(2676,1347,'Manapparai'),(2677,1205,'Viralimalai'),(2678,1347,'Srirangam'),(2679,1347,'Tiruchirappalli (West)'),(2680,1347,'Tiruchirappalli (East)'),(2681,1347,'Thiruverumbur'),(2682,1205,'Gandharvakottai'),(2683,1205,'Pudukkottai'),(2684,1018,'Kulithalai'),(2685,1347,'Lalgudi'),(2686,1347,'Manachanallur'),(2687,1347,'Musiri'),(2688,1347,'Thuraiyur'),(2689,1195,'Perambalur'),(2690,839,'Tittakudi (SC)'),(2691,839,'Vridhachalam'),(2692,839,'Neyveli'),(2693,839,'Panruti'),(2694,839,'Cuddalore'),(2695,839,'Kurinjipadi'),(2696,1195,'Kunnam'),(2697,733,'Ariyalur'),(2698,733,'Jayankondam'),(2699,839,'Bhuvanagiri'),(2700,839,'Chidambaram'),(2701,839,'Kattumannarkoil(SC)'),(2702,1136,'Sirkazhi'),(2703,1136,'Mayiladuthurai'),(2704,1136,'Poompuhar'),(2705,1336,'Thiruvidaimarudur'),(2706,1336,'Kumbakonam'),(2707,1336,'Papanasam'),(2708,1136,'Nagapattinam'),(2709,1136,'Kilvelur'),(2710,1136,'Vedaranyam'),(2711,1341,'Thiruthuraipoondi'),(2712,1341,'Thiruvarur'),(2713,1341,'Nannilam'),(2714,1341,'Mannargudi'),(2715,1336,'Thiruvaiyaru'),(2716,1336,'Thanjavur'),(2717,1336,'Orathanadu'),(2718,1336,'Pattukkottai'),(2719,1336,'Peravurani'),(2720,1205,'Thirumayam'),(2721,1205,'Alangudi'),(2722,1298,'Karaikudi'),(2723,1298,'Tiruppattur'),(2724,1298,'Sivaganga'),(2725,1298,'Manamadurai'),(2726,1089,'Melur'),(2727,1089,'Madurai East'),(2728,1089,'Madurai North'),(2729,1089,'Madurai South'),(2730,1089,'Madurai Central'),(2731,1089,'Madurai West'),(2732,1089,'Sholavandan'),(2733,1089,'Usilampatti'),(2734,1338,'Andipatti'),(2735,1338,'Periyakulam'),(2736,1338,'Bodinayakanur'),(2737,1338,'Cumbum'),(2738,1089,'Thiruparankundram'),(2739,1089,'Thirumangalam'),(2740,1378,'Sattur'),(2741,1378,'Sivakasi'),(2742,1378,'Virudhunagar'),(2743,1378,'Aruppukkottai'),(2744,1205,'Aranthangi'),(2745,1378,'Tiruchuli'),(2746,1228,'Paramakudi'),(2747,1228,'Tiruvadanai'),(2748,1228,'Ramanathapuram'),(2749,1228,'Mudhukulathur'),(2750,1342,'Vilathikulam'),(2751,1342,'Thoothukkudi'),(2752,1342,'Tiruchendur'),(2753,1342,'Srivaikuntam'),(2754,1342,'Ottapidaram'),(2755,1342,'Kovilpatti'),(2756,1378,'Rajapalayam'),(2757,1378,'Srivilliputhur'),(2758,1348,'Sankarankovil'),(2759,1348,'Vasudevanallur'),(2760,1348,'Kadayanallur'),(2761,1348,'Tenkasi'),(2762,1348,'Alangulam'),(2763,1348,'Tirunelveli'),(2764,1348,'Ambasamudram'),(2765,1348,'Palayamkottai'),(2766,1348,'Nanguneri'),(2767,1348,'Radhapuram'),(2768,1006,'Kanniyakumari'),(2769,1006,'Nagercoil'),(2770,1006,'Colachel'),(2771,1006,'Padmanabhapuram'),(2772,1006,'Vilavancode'),(2773,1006,'Killiyoor'),(2774,1062,'Sirpur'),(2775,1062,'Asifabad '),(2776,1159,'Khanapur '),(2777,704,'Adilabad'),(2778,704,'Boath '),(2779,1159,'Nirmal'),(2780,1159,'Mudhole'),(2781,1105,'Chennur '),(2782,1105,'Bellampalli'),(2783,1105,'Mancherial'),(2784,958,'Dharmapuri'),(2785,1194,'Ramagundam'),(2786,1194,'Manthani'),(2787,1194,'Peddapalle'),(2788,1016,'Karimnagar '),(2789,1016,'Choppadandi '),(2790,1221,'Vemulawada'),(2791,1221,'Sircilla'),(2792,1016,'Manakondur '),(2793,1016,'Huzurabad'),(2794,1287,'Husnabad'),(2795,1160,'Armur'),(2796,1160,'Bodhan'),(2797,1160,'Nizamabad (Urban)'),(2798,1160,'Nizamabad (Rural)'),(2799,1160,'Balkonda'),(2800,958,'Koratla'),(2801,958,'Jagtial '),(2802,997,'Jukkal '),(2803,1160,'Banswada'),(2804,997,'Yellareddy'),(2805,997,'Kamareddy'),(2806,1255,'Narayankhed'),(2807,1255,'Andole '),(2808,1255,'Zahirabad '),(2809,1287,'Siddipet'),(2810,1114,'Medak'),(2811,1114,'Narsapur'),(2812,1255,'Sangareddy'),(2813,1255,'Patancheru'),(2814,1287,'Dubbak'),(2815,1287,'Gajwel'),(2816,1115,'Medchal'),(2817,1115,'Malkajgiri'),(2818,1115,'Quthbullapur'),(2819,1115,'Kukatpally'),(2820,1115,'Uppal'),(2821,1233,'Lal Bahadur Nagar'),(2822,953,'Secunderabad Cantt.'),(2823,953,'Musheerabad'),(2824,953,'Amberpet  '),(2825,953,'Khairatabad'),(2826,953,'Jubilee Hills'),(2827,953,'Sanath Nagar'),(2828,953,'Nampalli'),(2829,953,'secunderabad'),(2830,953,'Malakpet'),(2831,953,'Karwan'),(2832,953,'Goshamahal'),(2833,953,'Charminar '),(2834,953,'Chandrayangutta '),(2835,953,'Yakutpura'),(2836,953,'Bahadurpura'),(2837,1233,'Maheshwaram'),(2838,1233,'Rajendranagar'),(2839,1233,'Serilingampally'),(2840,1233,'Chevella '),(2841,1376,'PARGI'),(2842,1376,'Vikarabad'),(2843,1376,'Tandur'),(2844,1376,'Kodangal'),(2845,1091,'Narayanpet'),(2846,1091,'Mahbubnagar'),(2847,1091,'Jadcherla'),(2848,1091,'Devarkadra'),(2849,1091,'Makthal'),(2850,1233,'Shadnagar'),(2851,1381,'Wanaparthy'),(2852,987,'Gadwal'),(2853,987,'Alampur '),(2854,1137,'Nagarkurnool'),(2855,1137,'Achampet '),(2856,1233,'Kalwakurthy '),(2857,1137,'Kollapur'),(2858,1143,'Devarakonda '),(2859,1143,'Nagarjuna Sagar'),(2860,1143,'Miryalguda'),(2861,1330,'Huzurnagar'),(2862,1330,'Kodad'),(2863,1330,'Suryapet'),(2864,1143,'Nalgonda'),(2865,1233,'Ibrahimpatnam'),(2866,1143,'Munugode'),(2867,1399,'Bhongir'),(2868,1143,'Nakrekal '),(2869,1330,'Thungathurthy '),(2870,1399,'Alair'),(2871,972,'Jangoan'),(2872,972,'Ghanpur (Station)'),(2873,972,'Palakurthi'),(2874,1382,'Parkal'),(2875,1383,'Warangal West'),(2876,1383,'Warangal East'),(2877,1383,'Wardhanapet '),(2878,976,'Bhupalpalle'),(2879,1090,'Dornakal '),(2880,1090,'Mahabubabad '),(2881,1382,'Narsampet '),(2882,976,'Mulug '),(2883,780,'Pinapaka '),(2884,780,'Yellandu '),(2885,780,'Bhadrachalam '),(2886,1028,'Khammam'),(2887,1028,'Palair'),(2888,1028,'Madhira '),(2889,1028,'Wyra '),(2890,1028,'Sathupalli '),(2891,780,'Kothagudem '),(2892,780,'Aswaraopeta '),(2893,1397,'Simna '),(2894,1397,'Mohanpur'),(2895,1397,'Bamutia '),(2896,1397,'Barjala '),(2897,1397,'Khayerpur'),(2898,1397,'Agartala'),(2899,1397,'Ramnagar'),(2900,1397,'Town Bordowali'),(2901,1397,'Banamalipur'),(2902,1397,'Majlishpur'),(2903,1397,'Mandaibazar '),(2904,1267,'Takarjala '),(2905,1397,'Pratapgarh '),(2906,1397,'Badharghat '),(2907,1267,'Kamalasagar'),(2908,1267,'Bishalgarh'),(2909,1267,'Golaghati '),(2910,1397,'Suryamaninagar'),(2911,1267,'Charilam '),(2912,1267,'Boxanagar'),(2913,1267,'Nalchar '),(2914,1267,'Sonamura'),(2915,1267,'Dhanpur'),(2916,923,'Bagma '),(2917,923,'Radhakishorepur'),(2918,923,'Matarbari'),(2919,923,'Kakraban-Salgarh '),(2920,1313,'Rajnagar '),(2921,1313,'Belonia'),(2922,1313,'Santirbazar '),(2923,1033,'Ramchandraghat '),(2924,1033,'Khowai'),(2925,1033,'Asharambari '),(2926,1033,'Kalyanpur-Pramodenagar '),(2927,1033,'Teliamura'),(2928,1033,'Krishnapur '),(2929,1313,'Hrishyamukh'),(2930,1313,'Jolaibari '),(2931,1313,'Manu '),(2932,1313,'Sabroom'),(2933,923,'Ampinagar '),(2934,923,'Amarpur'),(2935,923,'Karbook '),(2936,861,'Raima Valley '),(2937,861,'Kamalpur'),(2938,861,'Surma '),(2939,861,'Ambassa '),(2940,861,'Karmachara '),(2941,861,'Chawamanu '),(2942,1362,'Pabiachhara '),(2943,1362,'Fatikroy '),(2944,1362,'Chandipur'),(2945,1362,'Kailashahar'),(2946,1168,'Kadamtala-Kurti'),(2947,1168,'Bagbassa'),(2948,1168,'Dharmanagar'),(2949,1168,'Jubarajnagar'),(2950,1168,'Panisagar '),(2951,1168,'Pencharthal '),(2952,1168,'Kanchanpur '),(2953,1247,'Behat'),(2954,1247,'Saharanpur Nagar'),(2955,1247,'Saharanpur  '),(2956,1247,'Deoband'),(2957,1247,'Rampur Maniharan '),(2958,1247,'Nakur'),(2959,1247,'Gangoh'),(2960,1275,'Kairana'),(2961,1275,'Thana Bhawan'),(2962,1275,'Shamli'),(2963,1131,'Budhana'),(2964,1131,'Charthawal'),(2965,1131,'Muzaffar Nagar'),(2966,1131,'Khatauli'),(2967,1116,'Sardhana'),(2968,1131,'Purqazi '),(2969,1131,'Meerapur'),(2970,794,'Bijnor'),(2971,794,'Chandpur'),(2972,1116,'Hastinapur '),(2973,794,'Najibabad'),(2974,794,'Nagina '),(2975,794,'Dhampur'),(2976,794,'Nehtaur'),(2977,794,'Noorpur'),(2978,794,'Barhapur'),(2979,1122,'Kanth'),(2980,1122,'Thakurdwara'),(2981,1122,'Moradabad Rural'),(2982,1122,'Moradabad Nagar'),(2983,1231,'Suar'),(2984,1231,'Chamraua'),(2985,1231,'Bilaspur'),(2986,1231,'Rampur  '),(2987,1231,'Milak '),(2988,1122,'Kundarki'),(2989,1122,'Bilari'),(2990,1254,'Chandausi '),(2991,1254,'Asmoli'),(2992,1254,'Sambhal'),(2993,725,'Dhanaura '),(2994,725,'Naugawan Sadat'),(2995,725,'Amroha'),(2996,725,'Hasanpur'),(2997,938,'Garhmukteshwar'),(2998,1116,'Kithore'),(2999,1116,'Meerut Cantt.'),(3000,1116,'Meerut  '),(3001,1116,'Meerut South'),(3002,938,'Hapur '),(3003,1116,'Siwalkhas'),(3004,745,'Chhaprauli'),(3005,745,'Baraut'),(3006,745,'Baghpat'),(3007,916,'Modi Nagar'),(3008,916,'Loni'),(3009,916,'Muradnagar'),(3010,916,'Sahibabad'),(3011,916,'Ghaziabad'),(3012,916,'Dholana'),(3013,914,'Noida'),(3014,914,'Dadri'),(3015,914,'Jewar'),(3016,806,'Sikandrabad'),(3017,806,'Khurja '),(3018,806,'Bulandshahr'),(3019,806,'Syana'),(3020,806,'Anupshahr'),(3021,806,'Debai'),(3022,806,'Shikarpur'),(3023,713,'Khair '),(3024,713,'Barauli'),(3025,713,'Atrauli'),(3026,713,'Koil'),(3027,713,'Aligarh'),(3028,713,'Chharra'),(3029,713,'Iglas '),(3030,943,'Hathras '),(3031,943,'Sadabad'),(3032,943,'Sikandra Rao'),(3033,1111,'Chhata'),(3034,1111,'Mant'),(3035,1111,'Goverdhan'),(3036,1111,'Mathura'),(3037,1111,'Baldev '),(3038,706,'Etmadpur'),(3039,706,'Agra Cantt. '),(3040,706,'Agra South'),(3041,706,'Agra North'),(3042,893,'Jalesar '),(3043,706,'Agra Rural '),(3044,706,'Fatehpur Sikri'),(3045,706,'Kheragarh'),(3046,706,'Fatehabad'),(3047,706,'Bah'),(3048,903,'Tundla '),(3049,903,'Jasrana'),(3050,903,'Firozabad'),(3051,903,'Shikohabad'),(3052,903,'Sirsaganj'),(3053,1099,'Mainpuri'),(3054,1099,'Bhongaon'),(3055,1099,'Kishani '),(3056,1099,'Karhal'),(3057,894,'Jaswantnagar'),(3058,1020,'Kasganj'),(3059,1020,'Amanpur'),(3060,1020,'Patiyali'),(3061,893,'Etah'),(3062,893,'Marhara'),(3063,1254,'Gunnaur'),(3064,804,'Bisauli '),(3065,804,'Sahaswan'),(3066,804,'Bilsi'),(3067,804,'Badaun'),(3068,804,'Shekhupur'),(3069,804,'Dataganj'),(3070,766,'Faridpur'),(3071,766,'Bithari Chainpur'),(3072,766,'Aonla'),(3073,766,'Meerganj'),(3074,766,'Bhojipura'),(3075,766,'Nawabganj'),(3076,766,'Bareilly'),(3077,766,'Bareilly Cantt.'),(3078,766,'Baheri'),(3079,1198,'Pilibhit'),(3080,1198,'Barkhera'),(3081,1198,'Puranpur'),(3082,1198,'Bisalpur'),(3083,1273,'Katra'),(3084,1273,'Jalalabad'),(3085,1273,'Tilhar'),(3086,1273,'Powayan'),(3087,1273,'Shahjahanpur'),(3088,1273,'Dadraul'),(3089,1032,'PALIA'),(3090,1032,'NIGHASAN'),(3091,1032,'GOLA GOKRANNATH'),(3092,1032,'SRI NAGAR'),(3093,1032,'LAKHIMPUR'),(3094,1032,'DHAURAHRA'),(3095,1032,'KASTA'),(3096,1032,'MOHAMMDI'),(3097,1297,'Maholi'),(3098,1297,'Hargaon '),(3099,1297,'Sitapur'),(3100,1297,'Laharpur'),(3101,1297,'Biswan'),(3102,1297,'Sevata'),(3103,1297,'Mahmoodabad'),(3104,940,'Sawaijpur'),(3105,940,'Shahabad'),(3106,940,'Hardoi'),(3107,940,'Gopamau '),(3108,940,'Sandi '),(3109,1297,'Misrikh '),(3110,940,'Bilgram-Mallanwan'),(3111,940,'Balamau '),(3112,940,'Sandila'),(3113,1009,'Bilhaur'),(3114,1363,'Bangermau'),(3115,1363,'Safipur '),(3116,1363,'Mohan '),(3117,1363,'Unnao'),(3118,1363,'Bhagwantnagar'),(3119,1363,'Purwa'),(3120,1297,'Sidhauli '),(3121,1084,'Malihabad'),(3122,1084,'Bakshi Kaa Talab'),(3123,1084,'Sarojini Nagar'),(3124,1084,'Mohanlalganj '),(3125,1084,'Lucknow West'),(3126,1084,'Lucknow North'),(3127,1084,'Lucknow East'),(3128,1084,'Lucknow Central'),(3129,1084,'LUCKNOW CANTT.'),(3130,1215,'Bachhrawan '),(3131,1215,'Harchandpur'),(3132,1215,'Rae Bareli'),(3133,1215,'Sareni'),(3134,1215,'Unchahar'),(3135,721,'Tiloi'),(3136,1215,'Salon '),(3137,1323,'Jagdishpur '),(3138,721,'Gauriganj'),(3139,721,'Amethi'),(3140,1323,'Isauli'),(3141,1323,'Sultanpur'),(3142,1323,'Sadar'),(3143,1323,'Lambhua'),(3144,1323,'Kadipur '),(3145,1203,'Rampur Khas'),(3146,1203,'Vishwanathganj'),(3147,1203,'Pratapgarh'),(3148,1203,'Patti'),(3149,1203,'Raniganj'),(3150,893,'Aliganj'),(3151,898,'Kaimganj '),(3152,898,'Amritpur'),(3153,898,'Farrukhabad'),(3154,898,'Bhojpur'),(3155,894,'Etawah'),(3156,894,'Bharthana '),(3157,737,'Dibiyapur'),(3158,737,'Auraiya '),(3159,1008,'Sikandra'),(3160,1005,'Chhibramau'),(3161,1005,'Tirwa'),(3162,1005,'Kannauj '),(3163,737,'Bidhuna'),(3164,1008,'Rasulabad '),(3165,1009,'Govindnagar'),(3166,1009,'Sishamau'),(3167,1009,'Arya Nagar'),(3168,1009,'KIDWAI NAGAR'),(3169,1009,'Kanpur Cantt.'),(3170,1008,'Akbarpur - Raniya'),(3171,1009,'Bithoor'),(3172,1009,'Kalyanpur'),(3173,1009,'Maharajpur'),(3174,1009,'Ghatampur '),(3175,1008,'Bhognipur'),(3176,963,'Madhaugarh'),(3177,963,'Kalpi'),(3178,963,'Orai '),(3179,981,'Garautha'),(3180,981,'Babina'),(3181,981,'Jhansi Nagar'),(3182,981,'Mauranipur '),(3183,1072,'Lalitpur'),(3184,1072,'Mehroni '),(3185,936,'Hamirpur'),(3186,936,'Rath '),(3187,1098,'Mahoba'),(3188,1098,'Charkhari'),(3189,755,'Tindwari'),(3190,755,'Baberu'),(3191,755,'Naraini '),(3192,755,'Banda'),(3193,833,'Chitrakoot'),(3194,833,'Manikpur'),(3195,901,'Jahanabad'),(3196,901,'Bindki'),(3197,901,'Fatehpur   '),(3198,901,'Ayah Shah'),(3199,901,'Husainganj'),(3200,901,'Khaga'),(3201,1203,'Babaganj'),(3202,1203,'Kunda'),(3203,1024,'Sirathu'),(3204,1024,'Manjhanpur '),(3205,1024,'Chail'),(3206,716,'Phaphamau'),(3207,716,'Soraon '),(3208,716,'Phulpur'),(3209,716,'Allahabad West'),(3210,716,'Allahabad North'),(3211,716,'Meja'),(3212,716,'Karachhana'),(3213,716,'Allahabad South'),(3214,716,'Bara '),(3215,716,'Koraon '),(3216,762,'Kursi'),(3217,762,'Ram Nagar'),(3218,762,'Barabanki'),(3219,762,'Zaidpur '),(3220,762,'Haidergarh '),(3221,762,'Dariyabad'),(3222,762,'Rudauli'),(3223,895,'Milkipur '),(3224,895,'Bikapur'),(3225,895,'Ayodhya'),(3226,895,'Goshainganj'),(3227,720,'Katehari'),(3228,720,'Tanda'),(3229,720,'Jalalpur'),(3230,720,'Akbarpur  '),(3231,746,'BALHA '),(3232,746,'Nanpara'),(3233,746,'Matera'),(3234,746,'Mahasi'),(3235,746,'Bahraich'),(3236,746,'Payagpur'),(3237,746,'Kaiserganj'),(3238,924,'Katra Bazar'),(3239,924,'Colonelganj'),(3240,924,'Tarabganj'),(3241,1283,'Bhinga'),(3242,1283,'Shrawasti'),(3243,753,'Tulsipur'),(3244,753,'Gainsari'),(3245,753,'Balrampur '),(3246,753,'Utraula'),(3247,924,'Mehnaun'),(3248,924,'Gonda'),(3249,924,'Mankapur '),(3250,924,'Gaura'),(3251,1286,'Shohratgarh'),(3252,1286,'Kapilvastu '),(3253,1286,'Bansi'),(3254,1286,'Itwa'),(3255,1286,'Doomariyaganj'),(3256,772,'Harraiya'),(3257,772,'Kaptanganj'),(3258,772,'Rudhauli'),(3259,772,'Basti Sadar'),(3260,772,'Mahadewa'),(3261,720,'Alapur '),(3262,1258,'Menhdawal'),(3263,1258,'KHALILABAD'),(3264,1258,'Dhanghata '),(3265,927,'Khajani '),(3266,1092,'Pharenda'),(3267,1092,'Nautanwa'),(3268,1092,'Siswa'),(3269,1092,'Maharajganj '),(3270,1092,'Paniyara'),(3271,927,'Caimpiyarganj'),(3272,927,'Pipraich'),(3273,927,'Gorakhpur Urban'),(3274,927,'Gorakhpur Rural'),(3275,927,'Sahajanwa'),(3276,1067,'Khadda'),(3277,1067,'Padrauna'),(3278,1067,'Kushinagar'),(3279,1067,'Hata'),(3280,1067,'Ramkola'),(3281,1067,'Tamkuhi Raj'),(3282,1067,'Fazilnagar'),(3283,858,'Deoria'),(3284,858,'Pathardeva'),(3285,858,'Rampur Karkhana'),(3286,927,'Chauri-Chaura'),(3287,927,'Bansgaon'),(3288,927,'Chillupar'),(3289,858,'Rudrapur'),(3290,858,'Barhaj'),(3291,739,'Atrauliya'),(3292,739,'Nizamabad'),(3293,739,'Phoolpur Pawai'),(3294,739,'Didarganj'),(3295,739,'Lalganj'),(3296,739,'Gopalpur'),(3297,739,'Sagri'),(3298,739,'Mubarakpur'),(3299,739,'Azamgarh'),(3300,739,'Mehnagar '),(3301,1112,'Madhuban'),(3302,1112,'Ghosi'),(3303,1112,'Muhammadabad- Gohna (SC)'),(3304,1112,'Mau'),(3305,750,'Rasara'),(3306,858,'Bhatpar Rani'),(3307,858,'Salempur'),(3308,750,'Belthara Road '),(3309,750,'Sikanderpur'),(3310,750,'Bansdih'),(3311,750,'Phephana'),(3312,750,'Ballia Nagar'),(3313,750,'Bairia'),(3314,917,'Zahoorabad'),(3315,917,'Mohammadabad'),(3316,975,'Badlapur'),(3317,975,'Shahganj'),(3318,975,'Jaunpur'),(3319,975,'Malhani'),(3320,975,'Mungra Badshahpur'),(3321,975,'Machhlishahr S.C.'),(3322,975,'Mariyahu'),(3323,975,'Zafrabad'),(3324,975,'Kerakat S.C.'),(3325,1373,'Pindra'),(3326,917,'Jakhanian '),(3327,917,'Saidpur '),(3328,917,'Ghazipur'),(3329,917,'Jangipur'),(3330,917,'Zamania'),(3331,818,'Mughalsarai'),(3332,818,'Sakaldiha'),(3333,818,'Saiyadraja'),(3334,1373,'Ajagara '),(3335,1373,'Shivpur'),(3336,1373,'Rohaniya'),(3337,1373,'Varanasi North'),(3338,1373,'Varanasi South'),(3339,1373,'Varanasi Cantt.'),(3340,1373,'Sevapuri'),(3341,716,'Pratappur'),(3342,716,'Handia'),(3343,1259,'Bhadohi'),(3344,1259,'Gyanpur'),(3345,1259,'Aurai '),(3346,1118,'Chhanbey '),(3347,1118,'Mirzapur'),(3348,1118,'Majhawan'),(3349,1118,'Chunar'),(3350,1118,'Marihan'),(3351,818,'Chakia '),(3352,1303,'Ghorawal'),(3353,1303,'Robertsganj'),(3354,1303,'Obra'),(3355,1303,'Duddhi '),(3356,1369,'Purola'),(3357,1369,'Yamunotri'),(3358,1369,'Gangotri'),(3359,1334,'Ghanshali'),(3360,1334,'Pratapnagar'),(3361,1334,'Tehri'),(3362,1334,'Dhanolti'),(3363,855,'Chakrata'),(3364,855,'Vikasnagar'),(3365,855,'Sahaspur'),(3366,855,'Raipur'),(3367,855,'Rajpur Road'),(3368,855,'Dehradun Cantt.'),(3369,855,'Mussoorie'),(3370,815,'Badrinath'),(3371,815,'Tharali'),(3372,815,'Karnprayag'),(3373,1243,'Kedarnath'),(3374,1243,'Rudraprayag'),(3375,1334,'Deoprayag'),(3376,1334,'Narendranagar'),(3377,1193,'Yamkeshwar'),(3378,1193,'Pauri'),(3379,1193,'Srinagar'),(3380,1193,'Chaubattakhal'),(3381,1193,'Lansdowne'),(3382,1193,'Kotdwar'),(3383,1140,'Ramnagar'),(3384,1199,'Dharchula'),(3385,1199,'Didihat'),(3386,1199,'Pithoragarh'),(3387,1199,'Gangolihat'),(3388,744,'Kapkote'),(3389,744,'Bageshwar'),(3390,717,'Dwarahat'),(3391,717,'Salt'),(3392,717,'Ranikhet'),(3393,717,'Someshwar (s.c.)'),(3394,717,'Almora'),(3395,717,'Jageshwar'),(3396,816,'Lohaghat'),(3397,816,'Champawat'),(3398,1140,'Lalkuwa'),(3399,1140,'Bhimtal'),(3400,1140,'Nainital'),(3401,1140,'Haldwani'),(3402,1140,'Kaladhungi'),(3403,1357,'Jaspur'),(3404,1357,'Kashipur'),(3405,1357,'Bajpur'),(3406,1357,'Gadarpur'),(3407,1357,'Rudrapur'),(3408,1357,'Kichha'),(3409,1357,'Sitarganj'),(3410,1357,'Nanak matta'),(3411,1357,'Khatima'),(3412,855,'Dharampur'),(3413,855,'Doiwala'),(3414,855,'Rishikesh'),(3415,941,'Hardwar'),(3416,941,'B.H.E.L. ranipur'),(3417,941,'Jwalapur'),(3418,941,'Bhagwanpur'),(3419,941,'Jhabrera'),(3420,941,'Pirankaliyar'),(3421,941,'Roorkee'),(3422,941,'Khanpur'),(3423,941,'Manglore'),(3424,941,'Laksar'),(3425,941,'Hardwar Rural'),(3426,714,'Kumargram'),(3427,714,'Kalchini'),(3428,714,'Alipurduars'),(3429,714,'Falakata'),(3430,714,'Madarihat'),(3431,760,'Saltora'),(3432,760,'Chhatna'),(3433,760,'Ranibandh'),(3434,760,'Raipur'),(3435,760,'Taldangra'),(3436,760,'Bankura'),(3437,760,'Barjora'),(3438,760,'Onda'),(3439,760,'Bishnupur'),(3440,760,'Kotulpur'),(3441,760,'Indas'),(3442,760,'Sonamukhi'),(3443,797,'Dubrajpur'),(3444,797,'Suri'),(3445,797,'Bolpur'),(3446,797,'Nanoor'),(3447,797,'Labpur'),(3448,797,'Sainthia'),(3449,797,'Mayureswar'),(3450,797,'Rampurhat'),(3451,797,'Hansan'),(3452,797,'Nalhati'),(3453,797,'Murarai'),(3454,838,'Mekliganj'),(3455,838,'Mathabhanga'),(3456,838,'Cooch Behar Uttar'),(3457,838,'Cooch Behar Dakshin'),(3458,838,'Sitalkuchi'),(3459,838,'Sitai'),(3460,838,'Dinhata'),(3461,838,'Natabari'),(3462,838,'Tufanganj'),(3463,843,'Kushmandi'),(3464,843,'Kumarganj'),(3465,843,'Balurghat'),(3466,843,'Tapan'),(3467,843,'Gangarampur'),(3468,843,'Harirampur'),(3469,850,'Darjeeling'),(3470,850,'Kurseong'),(3471,850,'Matigara-naxalbari'),(3472,850,'Siliguri'),(3473,850,'Phansidewa'),(3474,949,'Uttarpara'),(3475,949,'Sreerampur'),(3476,949,'Champdani'),(3477,949,'Singur'),(3478,949,'Chunchura'),(3479,949,'Balagarh'),(3480,949,'Pandua'),(3481,949,'Saptagram'),(3482,949,'Chanditala'),(3483,949,'Jangipara'),(3484,949,'Haripal'),(3485,949,'Dhanekhali'),(3486,949,'Tarakeswar'),(3487,949,'Pursurah'),(3488,949,'Arambagh'),(3489,949,'Goghat'),(3490,949,'Khanakul'),(3491,952,'Bally'),(3492,952,'Howrah Uttar'),(3493,952,'Howrah madhya'),(3494,952,'Shibpur'),(3495,952,'Howrah Dakshin'),(3496,952,'Sankrail'),(3497,952,'Panchla'),(3498,952,'Uluberia Purba'),(3499,952,'Uluberia Uttar'),(3500,952,'Uluberia Dakshin'),(3501,952,'Shyampur'),(3502,952,'Bagnan'),(3503,952,'Amta'),(3504,952,'Udaynarayanpur'),(3505,952,'Jagatballavpur'),(3506,952,'Domjur'),(3507,967,'Dhupguri'),(3508,967,'Maynaguri'),(3509,967,'Jalpaiguri'),(3510,967,'Rajganj'),(3511,967,'Dabgram-Fulbari'),(3512,967,'Mal'),(3513,967,'Nagrakata'),(3514,982,'Nayagram'),(3515,982,'Gopiballavpur'),(3516,982,'Jhargram'),(3517,982,'Binpur'),(3518,996,'Kalimpong'),(3519,1047,'Kolkata port'),(3520,1047,'Bhabanipur'),(3521,1047,'Rashbehari'),(3522,1047,'Ballygunge'),(3523,1047,'Chowrangee'),(3524,1047,'Entally'),(3525,1047,'Beleghata'),(3526,1047,'Jorasanko'),(3527,1047,'Shyampukur'),(3528,1047,'Maniktala'),(3529,1047,'Kashipur-Belgachia'),(3530,1102,'Habibpur'),(3531,1102,'Gazole'),(3532,1102,'Chanchal'),(3533,1102,'Harischandrapur'),(3534,1102,'Malatipur'),(3535,1102,'Ratua'),(3536,1102,'Manickchak'),(3537,1102,'Maldaha'),(3538,1102,'Englishbazar'),(3539,1102,'Mothabari'),(3540,1102,'Sujapur'),(3541,1102,'Baishnabnagar'),(3542,1130,'Farakka'),(3543,1130,'Samserganj'),(3544,1130,'Suti'),(3545,1130,'Jangipur'),(3546,1130,'Raghunathganj'),(3547,1130,'Sagardighi'),(3548,1130,'Lalgola'),(3549,1130,'Bhagawangola'),(3550,1130,'Raninagar'),(3551,1130,'Murshidabad'),(3552,1130,'Nabagram'),(3553,1130,'Khargram'),(3554,1130,'Burwan'),(3555,1130,'Kandi'),(3556,1130,'Bharatpur'),(3557,1130,'Rejinagar'),(3558,1130,'Beldanga'),(3559,1130,'Baharampur'),(3560,1130,'Hariharpara'),(3561,1130,'Nowda'),(3562,1130,'Domkal'),(3563,1130,'Jalangi'),(3564,1134,'Karimpur'),(3565,1134,'Tehatta'),(3566,1134,'Palashipara'),(3567,1134,'Kaliganj'),(3568,1134,'Nakashipara'),(3569,1134,'Chapra'),(3570,1134,'Krishnanagar Uttar'),(3571,1134,'Nabadwip'),(3572,1134,'Krishnanagar Dakshin'),(3573,1134,'Santipur'),(3574,1134,'Ranaghat Uttar paschim'),(3575,1134,'Krishnaganj'),(3576,1134,'Ranaghat Uttar Purba'),(3577,1134,'Ranaghat Dakshin'),(3578,1134,'Chakdaha'),(3579,1134,'Kalyani'),(3580,1134,'Haringhata'),(3581,1162,'Bagdah'),(3582,1162,'Bongaon Uttar'),(3583,1162,'Bongaon Dakshin'),(3584,1162,'Gaighata'),(3585,1162,'Swarupnagar'),(3586,1162,'Baduria'),(3587,1162,'Habra'),(3588,1162,'Ashoknagar'),(3589,1162,'Amdanga'),(3590,1162,'Bijpur'),(3591,1162,'Naihati'),(3592,1162,'Bhatpara'),(3593,1162,'Jagatdal'),(3594,1162,'Noapara'),(3595,1162,'Barrackpur'),(3596,1162,'Khardaha'),(3597,1162,'Dum Dum Uttar'),(3598,1162,'Panihati'),(3599,1162,'Kamarhati'),(3600,1162,'Baranagar'),(3601,1162,'Dum dum'),(3602,1162,'Rajarhat new town'),(3603,1162,'Bidhannagar'),(3604,1162,'Rajarhat gopalpur'),(3605,1162,'Madhyamgram'),(3606,1162,'Barasat'),(3607,1162,'Deganga'),(3608,1162,'Haroa'),(3609,1162,'Minakhan'),(3610,1162,'Sandeshkhali'),(3611,1162,'Basirhat Dakshin'),(3612,1162,'Basirhat Uttar'),(3613,1162,'Hingalganj'),(3614,1185,'Pandabeswar'),(3615,1185,'Durgapur Purba'),(3616,1185,'Durgapur paschim'),(3617,1185,'Raniganj'),(3618,1185,'Jamuria'),(3619,1185,'Asansol Dakshin'),(3620,1185,'Asansol Uttar'),(3621,1185,'Kulti'),(3622,1185,'Barbani'),(3623,1187,'Dantan'),(3624,1187,'Keshiary'),(3625,1187,'Kharagpur sadar'),(3626,1187,'Narayangarh'),(3627,1187,'SABANG'),(3628,1187,'Pingla'),(3629,1187,'Kharagpur'),(3630,1187,'Debra'),(3631,1187,'Daspur'),(3632,1187,'Ghatal'),(3633,1187,'Chandrakona'),(3634,1187,'Garbeta'),(3635,1187,'Salboni'),(3636,1187,'Keshpur'),(3637,1187,'Medinipur'),(3638,1209,'Khandaghosh'),(3639,1209,'Bardhaman Dakshin'),(3640,1209,'Raina'),(3641,1209,'Jamalpur'),(3642,1209,'Monteswar'),(3643,1209,'Kalna'),(3644,1209,'Memari'),(3645,1209,'Bardhaman Uttar'),(3646,1209,'Bhatar'),(3647,1209,'Purbasthali Dakshin'),(3648,1209,'Purbasthali Uttar'),(3649,1209,'Katwa'),(3650,1209,'Ketugram'),(3651,1209,'Mangalkot'),(3652,1209,'Ausgram'),(3653,1209,'Galsi'),(3654,1210,'Tamluk'),(3655,1210,'Panskura Purba'),(3656,1210,'Panskura paschim'),(3657,1210,'Moyna'),(3658,1210,'Nandakumar'),(3659,1210,'Mahisadal'),(3660,1210,'Haldia'),(3661,1210,'Nandigram'),(3662,1210,'Chandipur'),(3663,1210,'Patashpur'),(3664,1210,'Kanthi Uttar'),(3665,1210,'Bhagabanpur'),(3666,1210,'Khejuri'),(3667,1210,'Kanthi Dakshin'),(3668,1210,'Ramnagar'),(3669,1210,'Egra'),(3670,1213,'Bandwan'),(3671,1213,'Balarampur'),(3672,1213,'Baghmundi'),(3673,1213,'Joypur'),(3674,1213,'Purulia'),(3675,1213,'Manbazar'),(3676,1213,'Kashipur'),(3677,1213,'Para'),(3678,1213,'Raghunathpur'),(3679,1307,'Gosaba'),(3680,1307,'Basanti (S.C.)'),(3681,1307,'Kultali (S.C)'),(3682,1307,'Patharpratima'),(3683,1307,'Kakdwip'),(3684,1307,'Sagar'),(3685,1307,'Kulpi'),(3686,1307,'Raidighi'),(3687,1307,'Mandirbazar'),(3688,1307,'Jaynagar'),(3689,1307,'Baruipur Purba'),(3690,1307,'Canning paschim'),(3691,1307,'Canning Purba'),(3692,1307,'Baruipur paschim'),(3693,1307,'Magrahat Purba'),(3694,1307,'Magrahat paschim'),(3695,1307,'Diamond harbour'),(3696,1307,'Falta'),(3697,1307,'Satgachia'),(3698,1307,'Bishnupur'),(3699,1307,'Sonarpur Dakshin'),(3700,1307,'Bhangore'),(3701,1307,'Kasba'),(3702,1307,'Jadavpur'),(3703,1307,'Sonarpur Uttar'),(3704,1307,'Tollygunge'),(3705,1307,'BEHALA PURBA'),(3706,1307,'Behala paschim'),(3707,1307,'Maheshtala'),(3708,1307,'BUDGE BUDGE'),(3709,1307,'Metiaburuz'),(3710,1307,'Bishnupur'),(3711,1367,'Chopra'),(3712,1367,'Islampur'),(3713,1367,'Goalpokhar'),(3714,1367,'Chakulia'),(3715,1367,'Karandighi'),(3716,1367,'Hemtabad'),(3717,1367,'Kaliaganj'),(3718,1367,'Raiganj'),(3719,1367,'Itahar'),(3720,1015,'RATABARI'),(3721,1015,'PATHARKANDI'),(3722,1015,'KARIMGANJ NORTH'),(3723,1015,'KARIMGANJ SOUTH'),(3724,1015,'BADARPUR'),(3725,935,'HAILAKANDI'),(3726,935,'KATLICHERA'),(3727,935,'ALGAPUR'),(3728,811,'SILCHAR'),(3729,811,'SONAI'),(3730,811,'DHOLAI'),(3731,811,'UDHARBOND'),(3732,811,'LAKHIPUR'),(3733,811,'BARKHOLA'),(3734,811,'KATIGORA'),(3735,873,'HAFLONG'),(3736,1013,'BOKAJAN'),(3737,1013,'HOWRAGHAT'),(3738,1013,'DIPHU'),(3739,1393,'BAITHALANGSO'),(3740,1312,'MANKACHAR'),(3741,1312,'SALMARA SOUTH'),(3742,870,'DHUBRI'),(3743,870,'GAURIPUR'),(3744,870,'GOLAKGANJ'),(3745,870,'BILASIPARA WEST'),(3746,870,'BILASIPARA EAST'),(3747,1043,'GOSSAIGAON'),(3748,1043,'KOKRAJHAR WEST'),(3749,1043,'KOKRAJHAR EAST'),(3750,831,'SIDLI'),(3751,831,'BIJNI'),(3752,801,'BONGAIGAON'),(3753,801,'ABHAYAPURI NORTH'),(3754,801,'ABHAYAPURI SOUTH'),(3755,920,'DUDHNAI'),(3756,920,'GOALPARA EAST'),(3757,920,'GOALPARA WEST'),(3758,920,'JALESWAR'),(3759,769,'SORBHOG'),(3760,769,'BHABANIPUR'),(3761,769,'PATACHARKUCHI'),(3762,769,'BARPETA'),(3763,769,'JANIA'),(3764,769,'BAGHBAR'),(3765,769,'SARUKHETRI'),(3766,769,'CHENGA'),(3767,999,'BOKO'),(3768,999,'CHAYGAON'),(3769,999,'PALASBARI'),(3770,999,'HAJO'),(3771,999,'KAMALPUR'),(3772,999,'RANGIA'),(3773,1000,'JALUKBARI'),(3774,1000,'DISPUR'),(3775,1000,'GAUHATI EAST'),(3776,1000,'GAUHATI WEST'),(3777,1142,'NALBARI'),(3778,1142,'BARKHETRI'),(3779,1142,'DHARMAPUR'),(3780,747,'TAMULPUR'),(3781,747,'BARAMA'),(3782,747,'CHAPAGURI'),(3783,851,'KALAIGAON'),(3784,851,'SIPAJHAR'),(3785,851,'MANGALDOI'),(3786,851,'DALGAON'),(3787,1355,'PANERY'),(3788,1355,'UDALGURI'),(3789,1355,'MAJBAT'),(3790,1305,'DHEKIAJULI'),(3791,1305,'BARCHALLA'),(3792,1305,'TEZPUR'),(3793,1305,'RANGAPARA'),(3794,1305,'SOOTEA'),(3795,798,'BISWANATH'),(3796,798,'BEHALI'),(3797,798,'GOHPUR'),(3798,1125,'JAGIROAD'),(3799,1125,'MORIGAON'),(3800,1125,'LAHARIGHAT'),(3801,1135,'RAHA'),(3802,1135,'DHING'),(3803,1135,'BATADROBA'),(3804,1135,'RUPAHIHAT'),(3805,1135,'NOWGONG'),(3806,1135,'BARHAMPUR'),(3807,1135,'SAMAGURI'),(3808,1135,'KALIABOR'),(3809,948,'JAMUNAMUKH'),(3810,948,'HOJAI'),(3811,948,'LUMDING'),(3812,922,'BOKAKHAT'),(3813,922,'SARUPATHAR'),(3814,922,'GOLAGHAT'),(3815,922,'KHUMTAI'),(3816,988,'DERGAON'),(3817,988,'JORHAT'),(3818,988,'TITABOR'),(3819,988,'MARIANI'),(3820,988,'TEOK'),(3821,1100,'MAJULI'),(3822,1299,'AMGURI'),(3823,1299,'NAZIRA'),(3824,1299,'THOWRA'),(3825,1299,'SIBSAGAR'),(3826,822,'MAHMARA'),(3827,822,'SONARI'),(3828,1069,'BIHPURIA'),(3829,1069,'NAOBOICHA'),(3830,1069,'LAKHIMPUR'),(3831,1069,'DHAKUAKHANA'),(3832,867,'DHEMAJI'),(3833,867,'JONAI'),(3834,872,'MORAN'),(3835,872,'DIBRUGARH'),(3836,872,'LAHOWAL'),(3837,872,'DULIAJAN'),(3838,872,'TINGKHONG'),(3839,872,'NAHARKATIA'),(3840,872,'CHABUA'),(3841,1345,'TINSUKIA'),(3842,1345,'DIGBOI'),(3843,1345,'MARGHERITA'),(3844,1345,'DOOM DOOMA'),(3845,1345,'SADIYA'),(3846,776,'Nippani'),(3847,776,'Chikkodi-Sadalga'),(3848,776,'Athani'),(3849,776,'Kagwad'),(3850,776,'Kudachi'),(3851,776,'Raybag'),(3852,776,'Hukkeri'),(3853,776,'Arabhavi'),(3854,776,'Gokak'),(3855,776,'Yemkanmardi'),(3856,776,'Belgaum Uttar'),(3857,776,'Belgaum Dakshin'),(3858,776,'Belgaum Rural'),(3859,776,'Khanapur'),(3860,776,'Kittur'),(3861,776,'Bailhongal'),(3862,776,'Saundatti yellamma'),(3863,776,'Ramdurg'),(3864,743,'Mudhol'),(3865,743,'Terdal'),(3866,743,'Jamkhandi'),(3867,743,'Bilgi'),(3868,743,'Badami'),(3869,743,'Bagalkot'),(3870,743,'Hungund'),(3871,793,'Muddebihal'),(3872,793,'Devar Hippargi'),(3873,793,'Basavana Bagevadi'),(3874,793,'Babaleshwar'),(3875,793,'Bijapur City'),(3876,793,'Nagthan'),(3877,793,'Indi'),(3878,793,'Sindgi'),(3879,928,'Afzalpur'),(3880,928,'Jevargi'),(3881,1400,'Shorapur'),(3882,1400,'Shahapur'),(3883,1400,'Yadgir'),(3884,1400,'Gurmitkal'),(3885,928,'Chittapur'),(3886,928,'Sedam'),(3887,928,'Chincholi'),(3888,928,'Gulbarga Rural'),(3889,928,'Gulbarga Dakshin'),(3890,928,'Gulbarga Uttar'),(3891,928,'Aland'),(3892,792,'Basavakalyan'),(3893,792,'Humnabad'),(3894,792,'Bidar South'),(3895,792,'Bidar'),(3896,792,'Bhalki'),(3897,792,'Aurad'),(3898,1216,'Raichur Rural'),(3899,1216,'Raichur'),(3900,1216,'Manvi'),(3901,1216,'Devadurga'),(3902,1216,'Lingsugur'),(3903,1216,'Sindhanur'),(3904,1216,'Maski'),(3905,1050,'Kushtagi'),(3906,1050,'Kanakagiri'),(3907,1050,'Gangawati'),(3908,1050,'Yelburga'),(3909,1050,'Koppal'),(3910,905,'Shirahatti'),(3911,905,'Gadag'),(3912,905,'Ron'),(3913,905,'Nargund'),(3914,866,'Navalgund'),(3915,866,'Kundgol'),(3916,866,'Dharwad'),(3917,866,'Hubli-dharwad-East'),(3918,866,'Hubli-dharwad-Central'),(3919,866,'Hubli-dharwad- West'),(3920,866,'Kalghatgi'),(3921,1368,'Haliyal'),(3922,1368,'Karwar'),(3923,1368,'Kumta'),(3924,1368,'Bhatkal'),(3925,1368,'Sirsi'),(3926,1368,'Yellapur'),(3927,944,'Hangal'),(3928,944,'Shiggaon'),(3929,944,'Haveri'),(3930,944,'Byadgi'),(3931,944,'Hirekerur'),(3932,944,'Ranibennur'),(3933,777,'Hadagalli'),(3934,777,'Hagaribommanahalli'),(3935,777,'Vijayanagara'),(3936,777,'Kampli'),(3937,777,'Siruguppa'),(3938,777,'Bellary'),(3939,777,'Bellary City'),(3940,777,'Sandur'),(3941,777,'Kudligi'),(3942,832,'Molakalmuru'),(3943,832,'Challakere'),(3944,832,'Chitradurga'),(3945,832,'Hiriyur'),(3946,832,'Hosadurga'),(3947,832,'Holalkere'),(3948,854,'Jagalur'),(3949,854,'Harapanahalli'),(3950,854,'Harihar'),(3951,854,'Davanagere North'),(3952,854,'Davanagere South'),(3953,854,'Mayakonda'),(3954,854,'Channagiri'),(3955,854,'Honnali'),(3956,1280,'Shimoga Rural'),(3957,1280,'Bhadravati'),(3958,1280,'Shimoga'),(3959,1280,'Tirthahalli'),(3960,1280,'Shikaripura'),(3961,1280,'Sorab'),(3962,1280,'Sagar'),(3963,1358,'Byndoor'),(3964,1358,'Kundapura'),(3965,1358,'Udupi'),(3966,1358,'Kapu'),(3967,1358,'Karkal'),(3968,830,'Sringeri'),(3969,830,'Mudigere'),(3970,830,'Chikmagalur'),(3971,830,'Tarikere'),(3972,830,'Kadur'),(3973,1353,'Chiknayakanhalli'),(3974,1353,'Tiptur'),(3975,1353,'Turuvekere'),(3976,1353,'Kunigal'),(3977,1353,'Tumkur City'),(3978,1353,'Tumkur Rural'),(3979,1353,'Koratagere'),(3980,1353,'Gubbi'),(3981,1353,'Sira'),(3982,1353,'Pavagada'),(3983,1353,'Madhugiri'),(3984,829,'Gauribidanur'),(3985,829,'Bagepalli'),(3986,829,'Chikkaballapur'),(3987,829,'Sidlaghatta'),(3988,829,'Chintamani'),(3989,1044,'Srinivaspur'),(3990,1044,'Mulbagal'),(3991,1044,'Kolar gold field'),(3992,1044,'Bangarapet'),(3993,1044,'Kolar'),(3994,1044,'Malur'),(3995,758,'Yelahanka'),(3996,741,'K.r.pura'),(3997,758,'Byatarayanapura'),(3998,758,'Yeshvanthapura'),(3999,740,'Rajarajeshwarinagar'),(4000,758,'Dasarahalli'),(4001,741,'Mahalakshmi Layout'),(4002,741,'Malleshwaram'),(4003,741,'Hebbal'),(4004,741,'Pulakeshinagar'),(4005,741,'Sarvagnanagar'),(4006,741,'C.V. Raman Nagar'),(4007,740,'Shivajinagar'),(4008,740,'Shanti Nagar'),(4009,740,'Gandhi Nagar'),(4010,740,'Rajaji Nagar'),(4011,742,'Govindraj Nagar'),(4012,742,'Vijay Nagar'),(4013,740,'Chamrajpet'),(4014,740,'Chickpet'),(4015,742,'Basavanagudi'),(4016,742,'Padmanaba Nagar'),(4017,742,'B.T.M.Layout'),(4018,742,'Jayanagar'),(4019,758,'Mahadevapura'),(4020,742,'Bommanahalli'),(4021,758,'Bangalore South'),(4022,758,'Anekal'),(4023,757,'Hosakote'),(4024,757,'Devanahalli'),(4025,757,'Doddaballapur'),(4026,757,'Nelamangala'),(4027,1227,'Magadi'),(4028,1227,'Ramanagaram'),(4029,1227,'Kanakapura'),(4030,1227,'Channapatna'),(4031,1109,'Malavalli'),(4032,1109,'Maddur'),(4033,1109,'Melukote'),(4034,1109,'Mandya'),(4035,1109,'Shrirangapattana'),(4036,1109,'Nagamangala'),(4037,1109,'Krishnarajpet'),(4038,942,'Shravanabelagola'),(4039,942,'Arsikere'),(4040,942,'Belur'),(4041,942,'Hassan'),(4042,942,'Holenarasipur'),(4043,942,'Arkalgud'),(4044,942,'Sakleshpur'),(4045,844,'Belthangady'),(4046,844,'Moodabidri'),(4047,844,'Mangalore City North'),(4048,844,'Mangalore City South'),(4049,844,'Mangalore'),(4050,844,'Bantval'),(4051,844,'Puttur'),(4052,844,'Sullia'),(4053,1040,'Madikeri'),(4054,1040,'Virajpet'),(4055,1133,'Periyapatna'),(4056,1133,'Krishnarajanagara'),(4057,1133,'Hunsur'),(4058,1133,'Heggadadevankote'),(4059,1133,'Nanjangud'),(4060,1133,'Chamundeshwari'),(4061,1133,'Krishnaraja'),(4062,1133,'Chamaraja'),(4063,1133,'Narasimharaja'),(4064,1133,'Varuna'),(4065,1133,'T.narasipur'),(4066,813,'Hanur'),(4067,813,'Kollegal'),(4068,813,'Chamarajanagar'),(4069,813,'Gundlupet');
/*!40000 ALTER TABLE `ic_ac_name` ENABLE KEYS */;
UNLOCK TABLES;

--
-- Table structure for table `ic_admin`
--

DROP TABLE IF EXISTS `ic_admin`;
/*!40101 SET @saved_cs_client     = @@character_set_client */;
/*!40101 SET character_set_client = utf8 */;
CREATE TABLE `ic_admin` (
  `admin_id` int(11) unsigned NOT NULL AUTO_INCREMENT,
  `fullname` varchar(100) DEFAULT NULL,
  `mobile` varchar(100) NOT NULL,
  `username` varchar(64) NOT NULL,
  `email` varchar(100) NOT NULL,
  `password_hash` varchar(256) NOT NULL,
  `role_id` tinyint(1) unsigned NOT NULL,
  `state_id` tinyint(11) unsigned DEFAULT NULL,
  `district_id` smallint(11) unsigned DEFAULT NULL,
  `status` enum('active','inactive') DEFAULT 'active',
  `created_date` datetime DEFAULT NULL,
  `created_by` bigint(20) DEFAULT NULL,
  `modified_date` datetime DEFAULT NULL,
  `modified_by` bigint(20) DEFAULT NULL,
  PRIMARY KEY (`admin_id`),
  UNIQUE KEY `user_name_UNIQUE` (`username`),
  KEY `fkrole_id_idx` (`role_id`)
) ENGINE=InnoDB AUTO_INCREMENT=17 DEFAULT CHARSET=utf8;
/*!40101 SET character_set_client = @saved_cs_client */;

--
-- Dumping data for table `ic_admin`
--

LOCK TABLES `ic_admin` WRITE;
/*!40000 ALTER TABLE `ic_admin` DISABLE KEYS */;
INSERT INTO `ic_admin` VALUES (1,'Alok Jha','9958849695','superadmin','alok@techugo.com','e10adc3949ba59abbe56e057f20f883e',1,NULL,NULL,'active','2018-01-19 00:00:00',1,'2020-01-18 15:13:43',1),(2,'Alok Jha','9898989898','alokjha','aloktechugo@gmail.com','e10adc3949ba59abbe56e057f20f883e',2,5,1088,'active','2019-03-07 15:48:48',1,'2019-03-15 09:22:28',2),(3,'Ajay','9678787878','ajay','ajay@mail.com','e10adc3949ba59abbe56e057f20f883e',3,5,1088,'active','2019-03-07 16:09:11',2,'2019-04-16 06:16:35',1),(11,'nirmala','9878765676','nirmala','nirmala@techugo.com','e10adc3949ba59abbe56e057f20f883e',1,10,812,'active','2019-04-09 05:57:03',1,NULL,NULL),(12,'alok','9898786756','alok','alok@test.com','e10adc3949ba59abbe56e057f20f883e',1,10,812,'active','2019-04-22 07:00:26',1,NULL,NULL),(13,'deepak','4567788990','deepak','deepak@techugo.com','e10adc3949ba59abbe56e057f20f883e',1,10,882,'active','2019-04-22 07:01:06',1,NULL,NULL),(14,'AbhaySuper','7053915366','abhay1','abhay1@yopmail.com','e10adc3949ba59abbe56e057f20f883e',1,10,1165,'active','2019-08-22 11:37:23',1,NULL,NULL),(15,'Abhay singh','7053615365','abhay2','abhay2@yopmail.com','e10adc3949ba59abbe56e057f20f883e',2,5,1070,'active','2019-08-22 11:49:30',14,NULL,NULL),(16,'Abhay srivastav','7053915364','abhay3','abhay3@yopmail.com','e10adc3949ba59abbe56e057f20f883e',3,5,1070,'active','2019-08-22 11:58:53',14,NULL,NULL);
/*!40000 ALTER TABLE `ic_admin` ENABLE KEYS */;
UNLOCK TABLES;

--
-- Table structure for table `ic_admin_auth`
--

DROP TABLE IF EXISTS `ic_admin_auth`;
/*!40101 SET @saved_cs_client     = @@character_set_client */;
/*!40101 SET character_set_client = utf8 */;
CREATE TABLE `ic_admin_auth` (
  `auth_id` int(1) unsigned NOT NULL AUTO_INCREMENT,
  `admin_id` int(1) unsigned NOT NULL,
  `auth_token` varchar(255) COLLATE utf8_unicode_ci NOT NULL,
  `created_on` datetime NOT NULL,
  PRIMARY KEY (`auth_id`),
  UNIQUE KEY `admin_id` (`admin_id`)
) ENGINE=InnoDB AUTO_INCREMENT=17 DEFAULT CHARSET=utf8 COLLATE=utf8_unicode_ci COMMENT='Admin Auth ';
/*!40101 SET character_set_client = @saved_cs_client */;

--
-- Dumping data for table `ic_admin_auth`
--

LOCK TABLES `ic_admin_auth` WRITE;
/*!40000 ALTER TABLE `ic_admin_auth` DISABLE KEYS */;
INSERT INTO `ic_admin_auth` VALUES (1,1,'b8137a968044ce942267f7ab8c66e3b7','2020-01-20 15:34:06'),(2,2,'e60ab692a275cfa346344f7486988d00','2019-05-07 11:13:29'),(3,3,'10403c7c54145c831cc5b196f6fefa33','2019-05-07 11:12:30'),(4,4,'2cea26ef148decca7a48128045b0f61b','2019-03-15 06:13:03'),(5,5,'81db62e709f14cb609c6673efc082649','2019-03-15 06:12:47'),(6,6,'b4f6170f785a1ade66fc984487ca9c8c','2019-03-26 11:23:02'),(7,7,'21ffcd69ba564f01111b2a04b91c1db3','2019-03-26 10:37:20'),(8,8,'206eabcd0fea99a1af5a9eac4ecd37a7','2019-03-15 09:33:25'),(9,9,'5b5af0aeebf4347a5df40361a8d340ba','2019-03-15 10:06:32'),(10,10,'e8c54bbe110f5d28352e1ab2cacf0e61','2019-05-10 07:18:11'),(11,11,'e0869bd481ab198d731f032f60784601','2019-04-24 08:34:51'),(12,12,'829b01a99684a2efe44ac6c14ae1409b','2019-05-21 14:13:36'),(13,13,'9194ad9c38df890eea08de77aacdfa81','2020-01-18 15:14:05'),(14,14,'b38803a1ca8fcb3b0f0faddc746d8422','2019-09-03 10:54:19'),(15,15,'9f1bfe21db1fdfd7b08cd2a5cb76a8b1','2019-08-22 11:49:30'),(16,16,'45a939e1de2b5852cfaf6c4dca7b9c7e','2019-08-22 11:58:53');
/*!40000 ALTER TABLE `ic_admin_auth` ENABLE KEYS */;
UNLOCK TABLES;

--
-- Table structure for table `ic_admin_role`
--

DROP TABLE IF EXISTS `ic_admin_role`;
/*!40101 SET @saved_cs_client     = @@character_set_client */;
/*!40101 SET character_set_client = utf8 */;
CREATE TABLE `ic_admin_role` (
  `role_id` tinyint(11) unsigned NOT NULL AUTO_INCREMENT,
  `name` varchar(100) COLLATE utf8_unicode_ci NOT NULL,
  `user_management` varchar(255) COLLATE utf8_unicode_ci DEFAULT NULL,
  `news_management` varchar(100) COLLATE utf8_unicode_ci DEFAULT NULL,
  `master_management` varchar(255) COLLATE utf8_unicode_ci DEFAULT NULL,
  `knowledge_management` varchar(255) COLLATE utf8_unicode_ci DEFAULT NULL,
  `task_management` varchar(255) COLLATE utf8_unicode_ci DEFAULT NULL,
  `poll_management` varchar(100) COLLATE utf8_unicode_ci DEFAULT NULL,
  `notification_management` varchar(100) COLLATE utf8_unicode_ci DEFAULT NULL,
  `admin_management` varchar(255) COLLATE utf8_unicode_ci DEFAULT NULL,
  `event_management` varchar(100) COLLATE utf8_unicode_ci DEFAULT NULL,
  `chat_management` varchar(100) COLLATE utf8_unicode_ci DEFAULT NULL,
  `updated_on` datetime DEFAULT NULL,
  `created_on` datetime NOT NULL,
  `status` enum('active','inactive') COLLATE utf8_unicode_ci NOT NULL DEFAULT 'active',
  PRIMARY KEY (`role_id`)
) ENGINE=InnoDB AUTO_INCREMENT=4 DEFAULT CHARSET=utf8 COLLATE=utf8_unicode_ci;
/*!40101 SET character_set_client = @saved_cs_client */;

--
-- Dumping data for table `ic_admin_role`
--

LOCK TABLES `ic_admin_role` WRITE;
/*!40000 ALTER TABLE `ic_admin_role` DISABLE KEYS */;
INSERT INTO `ic_admin_role` VALUES (1,'Super Admin','all','all','all','all','all','all','all','all','all',NULL,'2019-03-19 07:24:58','2019-03-06 06:00:00','inactive'),(2,'State Admin','view','view','view','view','none','none','none','all',NULL,NULL,'2019-04-01 10:51:20','2019-03-06 16:16:02','active'),(3,'District Admin','view',NULL,'view','view',NULL,NULL,NULL,'none',NULL,NULL,NULL,'2019-03-07 11:50:30','active');
/*!40000 ALTER TABLE `ic_admin_role` ENABLE KEYS */;
UNLOCK TABLES;

--
-- Table structure for table `ic_app_faq`
--

DROP TABLE IF EXISTS `ic_app_faq`;
/*!40101 SET @saved_cs_client     = @@character_set_client */;
/*!40101 SET character_set_client = utf8 */;
CREATE TABLE `ic_app_faq` (
  `faq_id` smallint(1) unsigned NOT NULL AUTO_INCREMENT,
  `title_en` varchar(255) COLLATE utf8_unicode_ci NOT NULL,
  `title_hi` varchar(255) COLLATE utf8_unicode_ci NOT NULL,
  `content_en` text COLLATE utf8_unicode_ci NOT NULL,
  `content_hi` text COLLATE utf8_unicode_ci NOT NULL,
  `faq_type` enum('mentorship','askpk','yipupdates','politicalacumen') COLLATE utf8_unicode_ci NOT NULL,
  `created_on` datetime NOT NULL,
  `updated_on` datetime DEFAULT NULL,
  PRIMARY KEY (`faq_id`)
) ENGINE=InnoDB AUTO_INCREMENT=9 DEFAULT CHARSET=utf8 COLLATE=utf8_unicode_ci;
/*!40101 SET character_set_client = @saved_cs_client */;

--
-- Dumping data for table `ic_app_faq`
--

LOCK TABLES `ic_app_faq` WRITE;
/*!40000 ALTER TABLE `ic_app_faq` DISABLE KEYS */;
INSERT INTO `ic_app_faq` VALUES (1,'What is Youth in Politics?','राजनीति में युवा क्या है?','Youth in Politics’, an I-PAC initiative, which provides a unique platform for individuals (aged 18-35 years) to join active politics under the mentorship of Prashant Kishor.','यूथ इन पॉलिटिक्स \', एक I-PAC पहल है, जो प्रशांत किशोर की सलाह के तहत सक्रिय राजनीति में शामिल होने के लिए व्यक्तियों (18-35 वर्ष आयु वर्ग) के लिए एक अनूठा मंच प्रदान करता है।','mentorship','2019-02-11 06:00:00','2019-03-19 13:47:04'),(2,'After joining YIP, do I have to be associated with any specific political party?','वाईआईपी में शामिल होने के बाद, क्या मुझे किसी विशिष्ट राजनीतिक दल के साथ जुड़ना होगा?','No, you can join the party of your choice.','नहीं, आप अपनी पसंद की पार्टी में शामिल हो सकते हैं','mentorship','2019-02-11 09:55:30','2019-03-18 10:07:09'),(4,'Does Youth in Politics offer a stipend?','क्या राजनीति में युवा एक वजीफा प्रदान करता है?','No, there will not be any payment or reimbursement for any expenses incurred by the individual.','नहीं, व्यक्ति द्वारा किए गए किसी भी खर्च के लिए कोई भुगतान या प्रतिपूर्ति नहीं होगी।','mentorship','2019-03-18 10:08:31',NULL),(5,'Does Youth in Politics have a registration fee?',' क्या राजनीति में युवाओं का पंजीकरण शुल्क है?','No, there is no registration fee required to join YIP.','नहीं, YIP में शामिल होने के लिए कोई पंजीकरण शुल्क आवश्यक नहीं है।','askpk','2019-03-18 10:09:56','2019-08-20 18:37:05'),(6,'What is the procedure to deregister from Youth in Politics?',' राजनीति में यूथ से अलग करने की प्रक्रिया क्या है?','At any stage you can inform the representative from YIP that you are not interested. You will not be contacted any more','किसी भी स्तर पर आप YIP से प्रतिनिधि को सूचित कर सकते हैं कि आपको कोई दिलचस्पी नहीं है। आपसे कोई संपर्क नहीं किया जाएगा','askpk','2019-03-18 10:10:53',NULL),(7,'Is Youth in Politics associated with I-PAC?',' क्या युवा राजनीति में I-PAC से जुड़े हैं?','Yes, YIP is an I-PAC initiative.','हां, YIP एक I-PAC पहल है।','politicalacumen','2019-03-18 10:11:43',NULL),(8,'Is Prashant Kishor associated with I-PAC?',' क्या प्रशांत किशोर I-PAC से जुड़े हैं?','Yes. PK will be involved in mentoring the candidates who join YIP','हाँ। पीके वाईआईपी में शामिल होने वाले उम्मीदवारों का उल्लेख करने में शामिल होगा','yipupdates','2019-03-18 10:13:02',NULL);
/*!40000 ALTER TABLE `ic_app_faq` ENABLE KEYS */;
UNLOCK TABLES;

--
-- Table structure for table `ic_app_pages`
--

DROP TABLE IF EXISTS `ic_app_pages`;
/*!40101 SET @saved_cs_client     = @@character_set_client */;
/*!40101 SET character_set_client = utf8 */;
CREATE TABLE `ic_app_pages` (
  `page_id` smallint(11) unsigned NOT NULL AUTO_INCREMENT,
  `page_title_en` varchar(255) COLLATE utf8_unicode_ci NOT NULL,
  `page_title_hi` varchar(255) COLLATE utf8_unicode_ci NOT NULL,
  `page_content_en` text COLLATE utf8_unicode_ci NOT NULL,
  `page_content_hi` text COLLATE utf8_unicode_ci,
  `page_media` varchar(255) COLLATE utf8_unicode_ci DEFAULT NULL,
  `page_video_thumbnail` varchar(255) COLLATE utf8_unicode_ci DEFAULT NULL,
  `page_identifier` varchar(50) COLLATE utf8_unicode_ci NOT NULL,
  `created_on` datetime NOT NULL,
  `updated_on` datetime DEFAULT NULL,
  PRIMARY KEY (`page_id`)
) ENGINE=InnoDB AUTO_INCREMENT=8 DEFAULT CHARSET=utf8 COLLATE=utf8_unicode_ci;
/*!40101 SET character_set_client = @saved_cs_client */;

--
-- Dumping data for table `ic_app_pages`
--

LOCK TABLES `ic_app_pages` WRITE;
/*!40000 ALTER TABLE `ic_app_pages` DISABLE KEYS */;
INSERT INTO `ic_app_pages` VALUES (1,'About Youth in Politics','यूथ इन पॉलिटिक्स के बारे में','<p>Youth in Politics (YIP) is a first-of-its-kind pan-India platform for youth between 18 &amp; 35 years of age, to join active politics under the mentorship of Prashant Kishor &amp; I-PAC. Set up with a vision to transform the political landscape into one where youth find a proportionate voice, YIP supports and mentors young leaders as they take the plunge into active electoral politics. Whether you are a professional looking to start from your workplace, a college student stepping into student politics or a youth in a village aspiring to become a Sarpanch, YIP offers an opportunity for you to- -Leverage the political acumen of Prashant Kishor -Receive professional guidance from I-PAC -Receive tailor-made mentorship plans -Connect with like-minded aspirants across India</p>\r\n','<p>यूथ इन पॉलिटिक्स एक ऐसा अनोखा देशव्यापी मंच है, जो 18 से 35 वर्ष के युवाओं को प्रशांत किशोर और I-PAC के मार्गदर्शन में सक्रिय राजनीति में आने का मौका देता है। राजनीतिक परिदृश्य को बदलने और युवाओं की सक्रिय राजनीति में आनुपातिक सहभागिता सुनिश्चित करने के दृष्टिकोण से इसकी शुरुआत की गयी है। YIP उन युवाओं का स्वागत एवं मार्गदर्शन करता है, जो सक्रिय चुनावी राजनीति में आना चाहते हैं। - प्रशांत किशोर के राजनीतिक कौशल का लाभ उठाएं - I-PAC से प्रोफेशनल मार्गदर्शन प्राप्त करें - स्वयं के लिए मार्गदर्शन प्राप्त करें - देशभर के समान विचारधारा वाले लोगों से जुड़े</p>\r\n','pages/pages_1568885054YouthinPolitcs-Finallogo-01.png','','about-yip','2019-02-11 03:00:00','2019-09-19 15:05:50'),(2,'About I-PAC','I-PAC के बारे में','Indian Political Action Committee (I-PAC) is the platform of choice for students and young professionals to participate in and make a meaningful contribution to political affairs and governance of the country, without necessarily being part of a political party.\r\n\r\nSince 2013, I-PAC has brought some of the best minds from diverse academic and professional backgrounds together. I-PAC works with visionary leaders, helps them set a citizen-centric agenda and partners with them to conceptualize & implement effective methods of taking it to the masses.','इंडियन पॉलिटिकल एक्शन कमिटी (I-PAC) उन युवा प्रोफेशनल्स के लिए एक प्लेटफॉर्म है, जो किसी राजनीतिक पार्टी के साथ जुड़े बिना देश की राजनीति एवं प्रशासन में अर्थपूर्ण योगदान देना चाहते है।\r\n\r\n2013 से, I-PAC ने विविध शैक्षणिक एवं पेशेवर पृष्ठभूमि से जुड़े मेधावी युवाओं को एक साथ लाकर, उन्हें चुनावी प्रक्रिया का हिस्सा बनने एक अनूठा अवसर प्रदान किया है। IPAC का लक्ष्य सार्वजनिक कार्यालयों के लिए दूरदर्शी और प्रगतिशील नेताओं के चुनाव का समर्थन करने के प्रयास में, नागरिकों की आकांक्षाओं और आने वाली सरकार की प्राथमिकताओं के बीच के अंतर को जोड़ना है।','pages/pages_1568885342i-paclogo.jpg','','about-ipac','2019-02-11 03:00:00','2019-09-19 14:59:02'),(3,'About Prashant Kishor','प्रशांत किशोर के बारे में','<p>Recognized as India&rsquo;s most sought after political strategist, Prashant Kishor has revolutionized election campaigning in India by providing a platform for young professionals to meaningfully contribute to electoral politics. Mentoring both CAG and I-PAC, he has helped many top leaders including Narendra Modi, Nitish Kumar, and Captain Amarinder Singh attain top public offices. Since 2018, Prashant has joined active politics and has also been appointed as the National Vice President of JD(U). With a string of wins and with successful mentorship of young professionals (first CAG, then I-PAC) to his name, Prashant is now committed to opening up politics for young professionals and leaders.</p>\r\n','<p>देश के सबसे अधिक कुशल राजनीतिक रणनीतिकार के तौर पर पहचाने जाने वाले प्रशांत किशोर, यूनाइटेड नेशन में बतौर पब्लिक हेल्थ एक्सपर्ट काम कर चुके हैं। प्रशांत किशोर को युवा प्रोफेशनल्स को चुनावी प्रक्रिया में महत्वपूर्ण योगदान देने के लिए मंच प्रदान करने एवं चुनावी प्रचार में क्रांतिकारी बदलाव लाने का श्रेय जाता है। वे CAG और I-PAC का मार्गदर्शन करने के साथ ही, नरेंद्र मोदी, नीतीश कुमार और कैप्टन अमरिंदर सिंह जैसे कई बड़े नेताओं को चुनावी सफलता प्राप्त करने में सहायता कर चुके हैं। प्रशांत किशोर स्वयं 2018 में सक्रिय राजनीति में आए एवं वर्तमान में वह जनता दल (यूनाइटेड) के राष्ट्रीय उपाध्यक्ष हैं।पहले CAG, फिर I-PAC के माध्यम से, युवा प्रोफेशनल्स को मार्गदर्शन देने के बाद, अब वह युवाओं की सक्रिय राजनीति में सहभागिता सुनिश्चित करने के लिए प्रतिबद्ध हैं।</p>\r\n','pages/pages_1568885422pk.jpg','','about-pk','2019-02-25 04:00:00','2019-09-20 10:40:40'),(4,'Terms and Condition','नियम व शर्तें','<p dir=\"ltr\"><strong>TERMS AND CONDITIONS FOR ENGAGEMENT AS VOLUNTEERS/FELLOWS</strong></p>\r\n\r\n<p>&nbsp;</p>\r\n\r\n<ol>\r\n	<li dir=\"ltr\">\r\n	<p dir=\"ltr\"><strong>Introduction:</strong></p>\r\n\r\n	<ol>\r\n		<li dir=\"ltr\">\r\n		<p dir=\"ltr\"><strong>These Terms and Conditions constitute an agreement between the Volunteer/Fellow (&ldquo;Volunteer/Fellow&rdquo;, &ldquo;you&rdquo;, &quot;user&quot; and &quot;your&quot;), and Indian PAC Consulting Private Limited, (I-PAC) and its licensors, subsidiaries, associates, affiliates and partners (&ldquo;I-PAC/Company&quot;, &quot;us&quot; and &quot;our&quot;) which govern your use of the online platform &ldquo;Youth In Politics&rdquo; App and associated software (&lsquo;App&rsquo;).</strong></p>\r\n		</li>\r\n	</ol>\r\n	</li>\r\n</ol>\r\n\r\n<p>&nbsp;</p>\r\n\r\n<ol start=\"2\">\r\n	<li>\r\n	<ol start=\"2\">\r\n		<li dir=\"ltr\">\r\n		<p dir=\"ltr\"><strong>These Terms apply to all users who access or use the App. By clicking on the &ldquo;I Agree&rdquo; button provided on registration form and/or using the App, you are undertaking that you have perused the Terms and Conditions, Privacy Policy and the Fair Use Policy contained herein, in its entirety and agree to comply with and bound by the same without any coercion, duress or misrepresentation by I-PAC, any of its employees or any other Third Party. If you disagree with any part of the terms then you shall not access this App.</strong></p>\r\n		</li>\r\n	</ol>\r\n	</li>\r\n</ol>\r\n\r\n<p>&nbsp;</p>\r\n\r\n<ol start=\"2\">\r\n	<li dir=\"ltr\">\r\n	<p dir=\"ltr\"><strong>Purpose:</strong></p>\r\n\r\n	<ol>\r\n		<li dir=\"ltr\">\r\n		<p dir=\"ltr\"><strong>For Volunteers: This App is developed to serve as a platform for the Volunteers who want to spread vision of a strong leader among the people of India. It will help the Volunteers to reach out to widely active population on social media platforms across the Country.</strong></p>\r\n		</li>\r\n	</ol>\r\n	</li>\r\n</ol>\r\n\r\n<p>&nbsp;</p>\r\n\r\n<ol start=\"3\">\r\n	<li>\r\n	<ol start=\"2\">\r\n		<li dir=\"ltr\">\r\n		<p dir=\"ltr\"><strong>For Fellows: This App is developed to serve as a platform for the Fellows to join the Fellowship program that provides a platform for the young and dynamic minds of the nation to attain knowledge and expertise in various processes associated with electioneering. It is designed to draw on and enhance the academic skills and political acumen of early career professionals by creating a unique opportunity to work across a broad range of assignments, helping to forge and execute dynamic political campaigns on the ground.</strong></p>\r\n		</li>\r\n	</ol>\r\n	</li>\r\n</ol>\r\n\r\n<p>&nbsp;</p>\r\n\r\n<ol start=\"3\">\r\n	<li dir=\"ltr\">\r\n	<p dir=\"ltr\"><strong>Agreement:</strong></p>\r\n\r\n	<ol>\r\n		<li dir=\"ltr\">\r\n		<p dir=\"ltr\"><strong>You shall associate yourself with the Company only if you have read and understood the Terms and Conditions and agree to abide by the same. If you have any question about the Terms and Conditions, you can contact the Company.</strong></p>\r\n		</li>\r\n	</ol>\r\n	</li>\r\n</ol>\r\n\r\n<p>&nbsp;</p>\r\n\r\n<ol start=\"4\">\r\n	<li dir=\"ltr\">\r\n	<p dir=\"ltr\"><strong>Definitions:</strong></p>\r\n	</li>\r\n</ol>\r\n\r\n<p dir=\"ltr\"><strong>In these Terms and Conditions (unless the context otherwise requires), capitalized terms shall bear the meanings attributed to them below:</strong></p>\r\n\r\n<p>&nbsp;</p>\r\n\r\n<ol start=\"5\">\r\n	<li>\r\n	<ol>\r\n		<li dir=\"ltr\">\r\n		<p dir=\"ltr\"><strong>&nbsp;&ldquo;Applicable Law&rdquo; shall mean any treaties, statutes, enactments, act of legislature, regulation, ordinance, rule, judgment, order, decree, by-law, approval from the concerned authority, government resolution, order, directive, guideline, policy, requirement, or other governmental restriction or any similar form of decision of, or determination by, or any interpretation or adjudication having the force of law of any of the foregoing, by any concerned, including any amendments issued from time to time;</strong></p>\r\n		</li>\r\n		<li dir=\"ltr\">\r\n		<p dir=\"ltr\"><strong>&ldquo;Approvals&rdquo; shall mean all approvals, licenses, registrations, permits or authorizations which are necessary for carrying out the obligations contemplated under these Terms and Conditions;</strong></p>\r\n		</li>\r\n		<li dir=\"ltr\">\r\n		<p dir=\"ltr\"><strong>&ldquo;Confidential Information&rdquo; shall mean and include but not be limited to the proprietary and confidential data or information of the Company hereto, tangible or intangible and which is not generally known by or available to any other Person and other important, unknown details of your registration and includes Intellectual Property etc. However, it does not include the information, which, a) at the time of disclosure to the Party receiving the information, is in the public domain or thereafter enters the public domain through no wrongful act or omission of that Party; b) is already known by the Party receiving the information, at the time of disclosure by the Party disclosing such information and such information is not otherwise subject to confidentiality obligations of the Party receiving the information; or c) is available to the Party receiving the information, at the time of disclosure by the Party disclosing such information, from a Third Party who, to the knowledge of the Party receiving such information, may disclose such information without violation of any confidentiality obligation;</strong></p>\r\n		</li>\r\n		<li dir=\"ltr\">\r\n		<p dir=\"ltr\"><strong>&nbsp;&ldquo;Intellectual Property&rdquo; shall mean all intellectual property subsisting in the App, and software, owned and developed by the Company, including trademarks, patents, patent applications, inventions (whether or not patentable and whether or not reduced to practice), utility models, service marks, trade names, brand and the goodwill associated therewith, right in designs, copyrights, rights in databases, proprietary rights, moral rights, technical, commercial or financial information of a proprietary or confidential nature, technical and computer data and software, logos, slogans, trade secrets, know-how, license, franchisees, formulations,&nbsp; technology, copyrightable work, original work of authorship, neighboring rights, moral rights and related rights, data base rights and mask work, trade or business names, internet domain names, inventions, processes, geographical indications, integrated circuits, exploitation of any present or future technologies, proprietary information, and other intellectual property rights, in all cases whether or not registered or registrable and including registrations and applications for registration or renewal of any of these, and all rights to apply for the same, rights to receive equitable remuneration in respect of any of these and all rights and forms of protection of a similar nature or having equivalent or similar effect to any of these anywhere in the world;</strong></p>\r\n		</li>\r\n		<li dir=\"ltr\">\r\n		<p dir=\"ltr\"><strong>&ldquo;Party&rdquo; shall mean either the Company or the user and &ldquo;Parties&rdquo; shall mean both the Company and the user collectively;</strong></p>\r\n		</li>\r\n		<li dir=\"ltr\">\r\n		<p dir=\"ltr\"><strong>&ldquo;Person&rdquo; shall mean any natural person, limited or unlimited liability company, body corporate, corporation, general partnership, limited partnership, proprietorship, trust, union, association, or other entity, enterprise, authority or business organizations;</strong></p>\r\n		</li>\r\n		<li dir=\"ltr\">\r\n		<p dir=\"ltr\"><strong>&ldquo;Volunteers&rdquo; means people who provide voluntary support and get associated with I-PAC acting as volunteers and supporters;</strong></p>\r\n		</li>\r\n		<li dir=\"ltr\">\r\n		<p dir=\"ltr\"><strong>&ldquo;Fellows&rdquo; means people who wish to join the Fellowship Program to gain political exposure, knowledge and expertise by engaging in electioneering activities and cross-party advocacy as Fellows.</strong></p>\r\n		</li>\r\n		<li dir=\"ltr\">\r\n		<p dir=\"ltr\"><strong>&ldquo;App&rdquo; means &ldquo;Youth In Politics&rdquo; application developed to serve as an online platform for the Volunteers/Fellows and supporters of I-PAC.</strong></p>\r\n		</li>\r\n		<li dir=\"ltr\">\r\n		<p dir=\"ltr\"><strong>&nbsp;&ldquo;Terms and Conditions&rdquo; shall mean these terms and conditions, all schedules and any annexes, exhibits and amendments made hereto from time to time;</strong></p>\r\n		</li>\r\n		<li dir=\"ltr\">\r\n		<p dir=\"ltr\"><strong>&ldquo;Third Party&rdquo; shall mean any Person other than the Parties.</strong></p>\r\n		</li>\r\n	</ol>\r\n	</li>\r\n</ol>\r\n\r\n<p>&nbsp;</p>\r\n\r\n<ol start=\"5\">\r\n	<li dir=\"ltr\">\r\n	<p dir=\"ltr\"><strong>Ownership:</strong></p>\r\n\r\n	<ol>\r\n		<li dir=\"ltr\">\r\n		<p dir=\"ltr\"><strong>Use of the Company&rsquo;s or App name and any of the other names or marks associated with the App is strictly forbidden, unless it is done so with the prior permission of the Company.&nbsp;</strong></p>\r\n		</li>\r\n	</ol>\r\n	</li>\r\n</ol>\r\n\r\n<p>&nbsp;</p>\r\n\r\n<ol start=\"6\">\r\n	<li>\r\n	<ol start=\"2\">\r\n		<li dir=\"ltr\">\r\n		<p dir=\"ltr\"><strong>App including its code, documentation, appearance, structure, and organization is an exclusive product of the Company, which retains all rights, tangible and intangible, to the App, software, codes, copies, modifications, or merged parts etc.</strong></p>\r\n		</li>\r\n	</ol>\r\n	</li>\r\n</ol>\r\n\r\n<p><br />\r\n&nbsp;</p>\r\n\r\n<ol start=\"6\">\r\n	<li dir=\"ltr\">\r\n	<p dir=\"ltr\"><strong>Registration and Maintenance:</strong></p>\r\n\r\n	<ol>\r\n		<li dir=\"ltr\">\r\n		<p dir=\"ltr\"><strong>You shall register with the App, through the volunteer/fellowship registration form.</strong></p>\r\n		</li>\r\n	</ol>\r\n	</li>\r\n</ol>\r\n\r\n<p>&nbsp;</p>\r\n\r\n<ol start=\"7\">\r\n	<li>\r\n	<ol start=\"2\">\r\n		<li dir=\"ltr\">\r\n		<p dir=\"ltr\"><strong>At the time of completing the registration, you shall provide all the requisite details/information along with valid documents. You undertake that all the information provided by you at the time of registration, or provided by you subsequently upon request by the Company, is true, complete and correct.</strong></p>\r\n		</li>\r\n	</ol>\r\n	</li>\r\n</ol>\r\n\r\n<p>&nbsp;</p>\r\n\r\n<ol start=\"7\">\r\n	<li>\r\n	<ol start=\"3\">\r\n		<li dir=\"ltr\">\r\n		<p dir=\"ltr\"><strong>You further undertake to provide proof relating to your information, including copies of documents such as your address or any other certificate. You understand that the Company may take steps to verify any such information provided by you. Further, you grant the Company the right to use such information provided by you for any purpose connected with the App.&nbsp;</strong></p>\r\n		</li>\r\n	</ol>\r\n	</li>\r\n</ol>\r\n\r\n<p>&nbsp;</p>\r\n\r\n<ol start=\"7\">\r\n	<li>\r\n	<ol start=\"4\">\r\n		<li dir=\"ltr\">\r\n		<p dir=\"ltr\"><strong>In case you wish to cancel your registration, you shall be permitted to do so only upon notifying the Company by sending an email to the Company, post which, your registration will be cancelled.&nbsp;</strong></p>\r\n		</li>\r\n	</ol>\r\n	</li>\r\n</ol>\r\n\r\n<p>&nbsp;</p>\r\n\r\n<ol start=\"7\">\r\n	<li dir=\"ltr\">\r\n	<p dir=\"ltr\"><strong>No Employment:</strong></p>\r\n\r\n	<ol>\r\n		<li dir=\"ltr\">\r\n		<p dir=\"ltr\"><strong>Volunteers/Fellows agree that this is a voluntary association by them and there is no relation of an employer and employee created by this engagement between Volunteers/Fellows and the Company. Volunteers/Fellows further agree not to claim employment or an internship from the Company post the expiry or termination of this engagement, whichever is earlier.</strong></p>\r\n		</li>\r\n	</ol>\r\n	</li>\r\n</ol>\r\n\r\n<p><br />\r\n&nbsp;</p>\r\n\r\n<ol start=\"8\">\r\n	<li dir=\"ltr\">\r\n	<p dir=\"ltr\"><strong>Privacy Policy:</strong></p>\r\n\r\n	<ol>\r\n		<li dir=\"ltr\">\r\n		<p dir=\"ltr\"><strong>You are obligated to review the Privacy Policy and Fair Use Policy, which also governs your visit and usage of the App, to understand our practices. The Information provided to us by you during the course of usage of the App will be treated as confidential and in accordance with the Privacy Policy and Applicable Laws. You agree to use &lsquo;cookies&rsquo; which may be generated by App.</strong></p>\r\n		</li>\r\n	</ol>\r\n	</li>\r\n</ol>\r\n\r\n<p>&nbsp;</p>\r\n\r\n<ol start=\"9\">\r\n	<li dir=\"ltr\">\r\n	<p dir=\"ltr\"><strong>Intellectual Property Rights.&nbsp;</strong></p>\r\n\r\n	<ol>\r\n		<li dir=\"ltr\">\r\n		<p dir=\"ltr\"><strong>All rights, tangible and intangible, including all Intellectual Property Rights, with regard to the App, software, and any content or information displayed or contained therein, belong exclusively to the Company, unless expressly provided otherwise. The Company is merely permitting you to use the App, and no right of any nature whatsoever is being passed on to you by virtue of permitting you to use the App. It does not, expressly or impliedly, give you ownership of any Intellectual Property Rights, on the App, software or the content or information which you access using the App. Any alteration of the content or use of the content contained in the App for any purpose other than what is permitted under these Terms and Conditions shall amount to a violation of the Company&rsquo;s Intellectual Property rights.</strong></p>\r\n		</li>\r\n	</ol>\r\n	</li>\r\n</ol>\r\n\r\n<p>&nbsp;</p>\r\n\r\n<ol start=\"10\">\r\n	<li>\r\n	<ol start=\"2\">\r\n		<li dir=\"ltr\">\r\n		<p dir=\"ltr\"><strong>Any unauthorized reproduction, republication, distribution, display, transmission, sale, or any other use and/or duplication of the App content, without our express and written approval shall be in violation of the relevant intellectual property laws.</strong></p>\r\n		</li>\r\n	</ol>\r\n	</li>\r\n</ol>\r\n\r\n<p><br />\r\n&nbsp;</p>\r\n\r\n<p dir=\"ltr\"><strong>Remedies for Breach:</strong></p>\r\n\r\n<ol start=\"10\">\r\n	<li>\r\n	<ol start=\"3\">\r\n		<li dir=\"ltr\">\r\n		<p dir=\"ltr\"><strong>Upon violation of any of these Terms and Conditions by the Volunteer/Fellow, we reserve the right to take appropriate actions to prevent/control such violation. We shall also investigate occurrences which may involve such violations and may take appropriate legal action, involve and cooperate with law enforcement authorities in prosecuting the Volunteer/Fellow who are involved in such violations.</strong></p>\r\n		</li>\r\n	</ol>\r\n	</li>\r\n</ol>\r\n\r\n<p>&nbsp;</p>\r\n\r\n<ol start=\"10\">\r\n	<li dir=\"ltr\">\r\n	<p dir=\"ltr\"><strong>Disclaimer:</strong></p>\r\n	</li>\r\n</ol>\r\n\r\n<p dir=\"ltr\"><strong>Every Volunteer/Fellow hereby confirms and declares that no bribery such as offering, promising, giving, accepting or soliciting of an advantage as an inducement for action which is illegal, to gain any commercial, contractual, regulatory or personal advantage, has been offered from the Company, its facilitators, agents, managers, operators, representative, underwriters, and/or any other relevant parties in relation to their use of this App. The Volunteer/Fellow further confirms and declares that he does not and shall not hold any position in any of the political parties in India and shall not propagate any false information regarding us or any of our clients.</strong></p>\r\n\r\n<p>&nbsp;</p>\r\n\r\n<ol start=\"11\">\r\n	<li>\r\n	<ol>\r\n		<li dir=\"ltr\">\r\n		<p dir=\"ltr\"><strong>The Company has the right to change/modify the contents of the App, and your continued usage of the App confirms your acceptance of such modification/change.&nbsp;</strong></p>\r\n		</li>\r\n	</ol>\r\n	</li>\r\n</ol>\r\n\r\n<p>&nbsp;</p>\r\n\r\n<ol start=\"11\">\r\n	<li>\r\n	<ol start=\"2\">\r\n		<li dir=\"ltr\">\r\n		<p dir=\"ltr\"><strong>The Company disclaims all warranties, express and implied with regard to the merchantability and fitness for a particular purpose, non-infringement, freedom from computer virus etc. of the App. The Company does not represent or warrant that the functions contained in the App will be uninterrupted or error-free, that defects will be corrected, or that they or the server that makes the App available are free of viruses or other harmful components.</strong></p>\r\n		</li>\r\n	</ol>\r\n	</li>\r\n</ol>\r\n\r\n<p>&nbsp;</p>\r\n\r\n<ol start=\"11\">\r\n	<li dir=\"ltr\">\r\n	<p dir=\"ltr\"><strong>Third Party Sites:</strong></p>\r\n\r\n	<ol>\r\n		<li dir=\"ltr\">\r\n		<p dir=\"ltr\"><strong>The App may provide links to Third-Party website. Third Parties and Third-Party website may have different privacy policies, terms and conditions and business practices than the Company does. Your dealings or communications with any Person other than the Company are solely between you and that Third Party. Reference on the App to any product, process, publication or service of any Third Party by trade name, domain name, trademark, trade identity, service mark, logo, and manufacturer or otherwise does not constitute or imply its endorsement or recommendation by the Company.</strong></p>\r\n		</li>\r\n	</ol>\r\n	</li>\r\n</ol>\r\n\r\n<p>&nbsp;</p>\r\n\r\n<ol start=\"12\">\r\n	<li dir=\"ltr\">\r\n	<p dir=\"ltr\"><strong>Indemnification:</strong></p>\r\n\r\n	<ol>\r\n		<li dir=\"ltr\">\r\n		<p dir=\"ltr\"><strong>Volunteers/Fellows agree to defend, indemnify and hold us, our officers, directors, employees, agents harmless from and against any claims, actions or demands, liabilities and settlements (including without limitation reasonable legal fees), resulting from or alleged to result from the violation of these Terms and conditions.</strong></p>\r\n		</li>\r\n	</ol>\r\n	</li>\r\n</ol>\r\n\r\n<p>&nbsp;</p>\r\n\r\n<ol start=\"13\">\r\n	<li>\r\n	<ol start=\"2\">\r\n		<li dir=\"ltr\">\r\n		<p dir=\"ltr\"><strong>You shall indemnify the Company and its affiliates and its respective directors, officers, employees&rsquo; and agents against all losses, damages, liabilities, claims, actions, proceedings, judgments, settlements, expenses and the like, including reasonable attorneys&rsquo; fees, which may be suffered or incurred directly or indirectly, by the Company from any Third Parties, as a result of any of your (i) misrepresentation or breach of any representation, covenant or warranty; or (ii) non-fulfillment or failure to perform any covenant, obligation, agreement or undertaking contained in these Terms and Conditions; or (iii) resulting from or alleged to result from the violation of these Terms and Conditions.</strong></p>\r\n		</li>\r\n	</ol>\r\n	</li>\r\n</ol>\r\n\r\n<p>&nbsp;</p>\r\n\r\n<ol start=\"13\">\r\n	<li>\r\n	<ol start=\"3\">\r\n		<li dir=\"ltr\">\r\n		<p dir=\"ltr\"><strong>The indemnification rights of the Company under these Terms and Conditions are independent of, and in addition to, such other rights and remedies as the Company may have at law or in equity or otherwise, including the right to seek specific performance or other injunctive relief, none of which rights or remedies shall be affected or diminished thereby.&nbsp;</strong></p>\r\n		</li>\r\n	</ol>\r\n	</li>\r\n</ol>\r\n\r\n<p>&nbsp;</p>\r\n\r\n<ol start=\"13\">\r\n	<li dir=\"ltr\">\r\n	<p dir=\"ltr\"><strong>Non-Disparagement:</strong></p>\r\n	</li>\r\n</ol>\r\n\r\n<p dir=\"ltr\"><strong>The Volunteers/Fellows shall not at any time, in any way publicly disparage, call into disrepute, defame, slander or otherwise criticize us or any of our client.</strong></p>\r\n\r\n<p>&nbsp;</p>\r\n\r\n<ol start=\"14\">\r\n	<li dir=\"ltr\">\r\n	<p dir=\"ltr\"><strong>Force Majeure:</strong></p>\r\n	</li>\r\n</ol>\r\n\r\n<p dir=\"ltr\"><strong>Notwithstanding anything to the contrary contained in these Terms and Conditions, if any Party is unable to carry out its obligations due to a force majeure event, which event shall mean and include events like any civil commotion, tempest, flood, severe weather, sabotage, strikes, lockouts or other industrial disturbances, war, insurrection, terrorist action, earthquake, or any inevitable accident, acts of God or other irresistible force, acts of governmental authorities, laws and regulations, or any circumstance/s including but not limiting to fire/violence/riots etc. or any act beyond either Parties&rsquo; reasonable control and is/are not caused by the acts or omissions/negligence of any of the Parties herein, which affects the performance of the obligations under these Terms and Conditions, and the said Party promptly notifies the other Parties of such occurrence of a force majeure event, then all obligations under these Terms and Conditions that are affected by the force majeure event shall be suspended.&nbsp;</strong></p>\r\n\r\n<p>&nbsp;</p>\r\n\r\n<ol start=\"15\">\r\n	<li dir=\"ltr\">\r\n	<p dir=\"ltr\"><strong>Severability:</strong></p>\r\n	</li>\r\n</ol>\r\n\r\n<p dir=\"ltr\"><strong>If any provision of these Terms and Conditions is found to be unenforceable or invalid under any Applicable Law, such unenforceability or invalidity shall not render these Terms and Conditions unenforceable or invalid as a whole, and such provisions shall be deleted without affecting the remaining provisions herein.</strong></p>\r\n\r\n<p>&nbsp;</p>\r\n\r\n<ol start=\"16\">\r\n	<li dir=\"ltr\">\r\n	<p dir=\"ltr\"><strong>Entire Agreement:</strong></p>\r\n	</li>\r\n</ol>\r\n\r\n<p dir=\"ltr\"><strong>These Terms, including any legal notices and disclaimers contained on this App, constitute the entire agreement between us&nbsp;and the Volunteers/Fellows in relation to their use of this App, and supersede all prior agreements and understandings with respect to the same.</strong></p>\r\n\r\n<p>&nbsp;</p>\r\n\r\n<ol start=\"17\">\r\n	<li dir=\"ltr\">\r\n	<p dir=\"ltr\"><strong>Amendment/Modification:</strong></p>\r\n\r\n	<ol>\r\n		<li dir=\"ltr\">\r\n		<p dir=\"ltr\"><strong>Company may, in its sole discretion, amend, modify, alter or revise these Terms and Conditions from time to time with or without any notification. The Volunteers/Fellows are expected to review these Terms and Conditions periodically to ensure that they are aware of all changes or&nbsp;amendments made thereto.</strong></p>\r\n		</li>\r\n	</ol>\r\n	</li>\r\n</ol>\r\n\r\n<p>&nbsp;</p>\r\n\r\n<ol start=\"18\">\r\n	<li dir=\"ltr\">\r\n	<p dir=\"ltr\"><strong>Assignment:</strong></p>\r\n\r\n	<ol>\r\n		<li dir=\"ltr\">\r\n		<p dir=\"ltr\"><strong>You shall not assign, or grant any encumbrance over, or deal in any way with, any of its rights under these Terms and Conditions or any document referred to in it, or purport to do any of the same, without, in each case, the prior written consent of the Company and any such assignment in violation thereof, shall be null and void ab initio.</strong></p>\r\n		</li>\r\n	</ol>\r\n	</li>\r\n</ol>\r\n\r\n<p>&nbsp;</p>\r\n\r\n<ol start=\"19\">\r\n	<li dir=\"ltr\">\r\n	<p dir=\"ltr\"><strong>Governing Law and Jurisdiction:</strong></p>\r\n	</li>\r\n</ol>\r\n\r\n<p dir=\"ltr\"><strong>These Terms and Conditions shall be governed by the laws of the Republic of India and any dispute arising from or in relation to these Terms and Conditions, Privacy Policy and Fair Use Policy and all other transactions relating to the App, shall be subject to the exclusive jurisdiction of the courts of Hyderabad, Telangana, India.&nbsp;</strong></p>\r\n\r\n<p><br />\r\n<br />\r\n<br />\r\n<br />\r\n<br />\r\n<br />\r\n<br />\r\n&nbsp;</p>\r\n','<p>लोरम इप्सम केवल मुद्रण और टंकण उद्योग का डमी पाठ है। लोरम इप्सम 1500 के दशक के बाद से उद्योग का मानक डमी पाठ रहा है, जब एक अज्ञात प्रिंटर ने एक प्रकार की गैली ली और इसे एक प्रकार की पुस्तक बनाने के लिए तराशा। यह न केवल पाँच शताब्दियों तक जीवित रहा है, बल्कि इलेक्ट्रॉनिक टंकण में भी छलांग लगाता है, शेष अनिवार्य रूप से अपरिवर्तित रहता है। यह 1960 में लोरम इप्सम मार्ग से युक्त लेट्रसेट शीट के विमोचन के साथ लोकप्रिय हुआ था, और हाल ही में एल्दस पेजमेकर जैसे डेस्कटॉप प्रकाशन सॉफ्टवेयर के साथ जिसमें लोरम इप्सम के संस्करण भी शामिल हैं।</p>\r\n',NULL,NULL,'terms','2019-03-06 03:00:00','2019-09-06 12:23:04'),(5,'Privacy Policy','गोपनीयता नीति','<p dir=\"ltr\"><strong>Privacy Policy</strong></p>\r\n\r\n<ol>\r\n	<li dir=\"ltr\">\r\n	<p dir=\"ltr\"><strong>Introduction:</strong></p>\r\n	</li>\r\n</ol>\r\n\r\n<p>&nbsp;</p>\r\n\r\n<ol start=\"2\">\r\n	<li>\r\n	<ol>\r\n		<li dir=\"ltr\">\r\n		<p dir=\"ltr\"><strong>This Privacy Policy document constitutes an agreement between Indian PAC Consulting Private Limited, (I-PAC) its licensors, subsidiaries, associates, affiliates and partners (&ldquo;I-PAC/Company&quot;, &quot;us&quot;, &quot;we&quot; and &quot;our&quot;) and you (&quot;Volunteer/Fellow&quot;, &quot;user&quot;, &quot;you&quot; and &quot;your&quot;). Your privacy is important to us and this Privacy Policy shall govern your engagement as a Volunteer/Fellow with I-PAC. This document describes the Privacy Policy of the online platform &ldquo;Youth In Politics&rdquo; App and associated software (&lsquo;App&rsquo;) and your usage of the App. By visiting the App, you are accepting and consenting to the policy usage as described in this Privacy Policy.&nbsp;</strong></p>\r\n		</li>\r\n	</ol>\r\n	</li>\r\n</ol>\r\n\r\n<p>&nbsp;</p>\r\n\r\n<ol start=\"2\">\r\n	<li>\r\n	<ol start=\"2\">\r\n		<li dir=\"ltr\">\r\n		<p dir=\"ltr\"><strong>Please read this Privacy Policy to learn about our Information (as defined in Clause 3.1 below) gathering and dissemination practices.</strong></p>\r\n		</li>\r\n	</ol>\r\n	</li>\r\n</ol>\r\n\r\n<p>&nbsp;</p>\r\n\r\n<ol start=\"2\">\r\n	<li dir=\"ltr\">\r\n	<p dir=\"ltr\"><strong>Consent:</strong></p>\r\n	</li>\r\n</ol>\r\n\r\n<p>&nbsp;</p>\r\n\r\n<ol start=\"3\">\r\n	<li>\r\n	<ol>\r\n		<li dir=\"ltr\">\r\n		<p dir=\"ltr\"><strong>This Privacy Policy is being framed in view of the Information Technology Act, 2000, read with Regulation 4 of the Information Technology (Reasonable security practices and procedures and sensitive personal data or information) Rules, 2011 and Regulation 3(1) of the Information Technology (Intermediaries Guidelines) Rules, 2011.</strong></p>\r\n		</li>\r\n	</ol>\r\n	</li>\r\n</ol>\r\n\r\n<p>&nbsp;</p>\r\n\r\n<ol start=\"3\">\r\n	<li>\r\n	<ol start=\"2\">\r\n		<li dir=\"ltr\">\r\n		<p dir=\"ltr\"><strong>This Privacy Policy is incorporated into and subject to the Terms and Conditions applicable to you. Capitalized terms that are used and not defined in this privacy policy have the meaning given to them in the Terms and Conditions.</strong></p>\r\n		</li>\r\n	</ol>\r\n	</li>\r\n</ol>\r\n\r\n<p>&nbsp;</p>\r\n\r\n<ol start=\"3\">\r\n	<li>\r\n	<ol start=\"3\">\r\n		<li dir=\"ltr\">\r\n		<p dir=\"ltr\"><strong>Merely by using the App, it is understood that you have read, understood and agreed to the terms outlined in this Privacy Policy and you agree to be bound by this Privacy Policy. You hereby consent to our collection, use, of your Information as described in this Privacy Policy. We reserve the right to change, modify, add or delete clauses from this Privacy Policy, at our absolute discretion, at any time, without any notice whatsoever. In case you wish to be aware of any changes, it is suggested that you review this Privacy Policy periodically. If at any point in time you do not agree with the terms and conditions of this Privacy Policy, refrain from using or accessing the App.&nbsp;</strong></p>\r\n		</li>\r\n	</ol>\r\n	</li>\r\n</ol>\r\n\r\n<p>&nbsp;</p>\r\n\r\n<ol start=\"3\">\r\n	<li>\r\n	<ol start=\"4\">\r\n		<li dir=\"ltr\">\r\n		<p dir=\"ltr\"><strong>If you use the App on behalf of someone else, including but not limited to, using on behalf of your minor child/employer, you represent and warrant that you are authorised by such person to accept this Privacy Policy on such their behalf, and to consent on behalf of such person to our use of such person&rsquo;s Information as described in this Privacy Policy.</strong></p>\r\n		</li>\r\n	</ol>\r\n	</li>\r\n</ol>\r\n\r\n<p>&nbsp;</p>\r\n\r\n<ol start=\"3\">\r\n	<li dir=\"ltr\">\r\n	<p dir=\"ltr\"><strong>Access to your personal information:</strong></p>\r\n\r\n	<ol>\r\n		<li dir=\"ltr\">\r\n		<p dir=\"ltr\"><strong>Company will provide you with the means to ensure that your personal information is correct and current. If you have filled out a user profile, we will provide an obvious way for you to access and change your profile from our App. You may at any time withdraw the consent provided by you, permitting us to collect, store your personal information. However, upon withdrawing your consent, you will no longer be able to access the App.</strong></p>\r\n		</li>\r\n	</ol>\r\n	</li>\r\n</ol>\r\n\r\n<p>&nbsp;</p>\r\n\r\n<ol start=\"4\">\r\n	<li dir=\"ltr\">\r\n	<p dir=\"ltr\"><strong>Collection of Information:&nbsp;</strong></p>\r\n\r\n	<ol>\r\n		<li dir=\"ltr\">\r\n		<p dir=\"ltr\"><strong>&lsquo;Information&rsquo;, for the purposes of this Privacy Policy, shall mean and include, but not be limited to, the following personal information that you provide during registration with the App:</strong></p>\r\n		</li>\r\n	</ol>\r\n	</li>\r\n</ol>\r\n\r\n<ul>\r\n	<li dir=\"ltr\">\r\n	<p dir=\"ltr\"><strong>Name</strong></p>\r\n	</li>\r\n	<li dir=\"ltr\">\r\n	<p dir=\"ltr\"><strong>Gender</strong></p>\r\n	</li>\r\n	<li dir=\"ltr\">\r\n	<p dir=\"ltr\"><strong>Mobile/WhatsAap number</strong></p>\r\n	</li>\r\n	<li dir=\"ltr\">\r\n	<p dir=\"ltr\"><strong>Email address</strong></p>\r\n	</li>\r\n	<li dir=\"ltr\">\r\n	<p dir=\"ltr\"><strong>Age</strong></p>\r\n	</li>\r\n	<li dir=\"ltr\">\r\n	<p dir=\"ltr\"><strong>Educational Qualifications</strong></p>\r\n	</li>\r\n	<li dir=\"ltr\">\r\n	<p dir=\"ltr\"><strong>Professional Information</strong></p>\r\n	</li>\r\n	<li dir=\"ltr\">\r\n	<p dir=\"ltr\"><strong>Constituency Name</strong></p>\r\n	</li>\r\n</ul>\r\n\r\n<p><br />\r\n&nbsp;</p>\r\n\r\n<ol start=\"5\">\r\n	<li>\r\n	<ol start=\"2\">\r\n		<li dir=\"ltr\">\r\n		<p dir=\"ltr\"><strong>The Information collected from you by us may be considered as &lsquo;personal information&rsquo; or &lsquo;sensitive personal data or information&rsquo; under the Information Technology (Reasonable Security Practices and Procedures and Sensitive Personal Information) Rules, 2011. During your usage of the App, personal information which is provided by you is collected and stored by us, mainly, to ensure that you enjoy a safe, effective and customized experience. Collection and storage of your Information also enables us to provide various customised features which meet your particular needs.</strong></p>\r\n		</li>\r\n	</ol>\r\n	</li>\r\n</ol>\r\n\r\n<p>&nbsp;</p>\r\n\r\n<ol start=\"5\">\r\n	<li>\r\n	<ol start=\"3\">\r\n		<li dir=\"ltr\">\r\n		<p dir=\"ltr\"><strong>As a user, you always have the option to not provide Information by choosing not to use a specific feature on the App. Where applicable, we also indicate compulsory and optional fields. Based on your continual behavior on the App, we may automatically track certain Information about you to do internal research on users&rsquo; demographics and particular interests, to serve you in a better manner.&nbsp;</strong></p>\r\n		</li>\r\n	</ol>\r\n	</li>\r\n</ol>\r\n\r\n<p>&nbsp;</p>\r\n\r\n<ol start=\"5\">\r\n	<li>\r\n	<ol start=\"4\">\r\n		<li dir=\"ltr\">\r\n		<p dir=\"ltr\"><strong>To monitor and analyse the usage flow, customise promotional features and promote safety, we use data collection files such as &ldquo;cookies&rdquo; and pixel tags and clear gifs on certain pages of the App. &ldquo;Cookies&rdquo; are small files which are stored on a user&#39;s Device (Device shall mean and include, but not be limited to either a computer or a mobile phone or any other device using which the App is accessed). They are designed to hold a marginal amount of data specific to a particular user and website, and can be accessed either by the web server or the user Device. This allows the server to deliver a page customised to a particular user. Personal Information of the user is not stored by the said cookies.</strong></p>\r\n		</li>\r\n	</ol>\r\n	</li>\r\n</ol>\r\n\r\n<p>&nbsp;</p>\r\n\r\n<ol start=\"5\">\r\n	<li>\r\n	<ol start=\"5\">\r\n		<li dir=\"ltr\">\r\n		<p dir=\"ltr\"><strong>In case your browser permits, you may decline our cookies, however, if you decline our cookies, you may be unable to use certain features on the App and you may be required to re-enter your password frequently. You may opt to leave them turned on.</strong></p>\r\n		</li>\r\n	</ol>\r\n	</li>\r\n</ol>\r\n\r\n<p>&nbsp;</p>\r\n\r\n<ol start=\"5\">\r\n	<li>\r\n	<ol start=\"6\">\r\n		<li dir=\"ltr\">\r\n		<p dir=\"ltr\"><strong>Cookies may be placed on the App by third parties as well, the use of which we do not control</strong></p>\r\n		</li>\r\n	</ol>\r\n	</li>\r\n</ol>\r\n\r\n<p>&nbsp;</p>\r\n\r\n<ol start=\"5\">\r\n	<li>\r\n	<ol start=\"7\">\r\n		<li dir=\"ltr\">\r\n		<p dir=\"ltr\"><strong>Your account registration Information is/are password protected and only you can access your Information. The Company will not be responsible for any activity which is undertaken when your password is used, by anyone other than you. It is highly recommended that you not disclose your password to anyone.&nbsp;</strong></p>\r\n		</li>\r\n	</ol>\r\n	</li>\r\n</ol>\r\n\r\n<p>&nbsp;</p>\r\n\r\n<ol start=\"5\">\r\n	<li>\r\n	<ol start=\"8\">\r\n		<li dir=\"ltr\">\r\n		<p dir=\"ltr\"><strong>This Privacy Policy applies to the App owned and operated by I-PAC. The Company does not exercise control over the website displayed as search results or links from within the App. The Company is not liable for any act of such sites. This Privacy Policy also does not relate to any operating system used by a user to access the App and for any Information which may be stored/collected/used by such operating system, the Company shall in no way be responsible/liable.</strong></p>\r\n		</li>\r\n	</ol>\r\n	</li>\r\n</ol>\r\n\r\n<p>&nbsp;</p>\r\n\r\n<ol start=\"5\">\r\n	<li>\r\n	<ol start=\"9\">\r\n		<li dir=\"ltr\">\r\n		<p dir=\"ltr\"><strong>The Company does not make any representation related to the privacy practices or policies of such third parties or terms of use of such website, and the Company does not guarantee the accuracy, or quality of the Information, software, sound, graphics, videos, messages or other materials available on such websites. Simply by virtue of their inclusion in the App, it must not be understood that the Company is endorsing the website, the website&#39;s provider, or the information contained therein. Visiting a third-party website linked to the App is solely and completely done at your own risk. Kindly read the privacy policy of such third-party website prior to usage of such party website.</strong></p>\r\n		</li>\r\n	</ol>\r\n	</li>\r\n</ol>\r\n\r\n<p><br />\r\n&nbsp;</p>\r\n\r\n<ol start=\"5\">\r\n	<li dir=\"ltr\">\r\n	<p dir=\"ltr\"><strong>Using of Information:</strong></p>\r\n\r\n	<ol>\r\n		<li dir=\"ltr\">\r\n		<p dir=\"ltr\"><strong>Company may use your personal information:</strong></p>\r\n		</li>\r\n	</ol>\r\n	</li>\r\n</ol>\r\n\r\n<ul>\r\n	<li dir=\"ltr\">\r\n	<p dir=\"ltr\"><strong>for communication through Email, SMS, Calls, IVR, WhatsApp and social media platforms.</strong></p>\r\n	</li>\r\n	<li dir=\"ltr\">\r\n	<p dir=\"ltr\"><strong>to display your information (name, photo, college, state and district) on our App and other I-PAC`s social media properties.</strong></p>\r\n	</li>\r\n</ul>\r\n\r\n<p><br />\r\n&nbsp;</p>\r\n\r\n<ol start=\"6\">\r\n	<li>\r\n	<ol start=\"2\">\r\n		<li dir=\"ltr\">\r\n		<p dir=\"ltr\"><strong>This is also to inform you that your information will never be shared with any third party.&nbsp;</strong></p>\r\n		</li>\r\n	</ol>\r\n	</li>\r\n</ol>\r\n\r\n<p>&nbsp;</p>\r\n\r\n<ol start=\"6\">\r\n	<li>\r\n	<ol start=\"3\">\r\n		<li dir=\"ltr\">\r\n		<p dir=\"ltr\"><strong>Other than as specifically stated in this Privacy Policy, the Company will only disclose your Information if it is required to do so by law or similar requirements or when the Company, in its exclusive discretion, finds it necessary to do so, to ensure that its rights or rights of others are protected, to prevent harm to persons or property, to counter fraud and credit related risks, or to enforce the Terms and Conditions.</strong></p>\r\n		</li>\r\n	</ol>\r\n	</li>\r\n</ol>\r\n\r\n<p>&nbsp;</p>\r\n\r\n<ol start=\"6\">\r\n	<li dir=\"ltr\">\r\n	<p dir=\"ltr\"><strong>Securing of your data:</strong></p>\r\n\r\n	<ol>\r\n		<li dir=\"ltr\">\r\n		<p dir=\"ltr\"><strong>The Company has in place, standard security policies and technical measures to store in secured servers protect the Information that it possesses by your use of the App, from unauthorized access, improper collection, use or disclosure, unlawful modification and illegal destruction or inadvertent loss. However, for any loss or theft of Information, due to unauthorized access to the user&rsquo;s Devices through which the user accesses the App, the Company shall not be held liable for any loss whatsoever incurred by the user.</strong></p>\r\n		</li>\r\n	</ol>\r\n	</li>\r\n</ol>\r\n\r\n<p>&nbsp;</p>\r\n\r\n<ol start=\"7\">\r\n	<li>\r\n	<ol start=\"2\">\r\n		<li dir=\"ltr\">\r\n		<p dir=\"ltr\"><strong>The Company has reasonable security practices and has a comprehensive documented Information Security Programme consisting of operational and physical security control measures to safeguard the Information being collected.</strong></p>\r\n		</li>\r\n	</ol>\r\n	</li>\r\n</ol>\r\n\r\n<p>&nbsp;</p>\r\n\r\n<ol start=\"7\">\r\n	<li dir=\"ltr\">\r\n	<p dir=\"ltr\"><strong>Confidentiality:</strong></p>\r\n\r\n	<ol>\r\n		<li dir=\"ltr\">\r\n		<p dir=\"ltr\"><strong>It is important for you to be protected against unauthorized access, your password, your Device. Kindly ensure that you log off from the App, once you finish using the App. The Company does not undertake any liability for any unauthorized use of your account and password. If you suspect any unauthorized use of your account, immediately notify the Company by sending an email to the Company. You shall be liable to indemnify the Company due to any loss suffered by it due to such unauthorized use of your account and password.</strong></p>\r\n		</li>\r\n	</ol>\r\n	</li>\r\n</ol>\r\n\r\n<p>&nbsp;</p>\r\n\r\n<ol start=\"8\">\r\n	<li>\r\n	<ol start=\"2\">\r\n		<li dir=\"ltr\">\r\n		<p dir=\"ltr\"><strong>The Company shall not be responsible for any confidentiality, security or distribution of your Information by the Company outside the scope of our agreement. Further, the Company shall not be responsible for any breach of security or for any actions of any third parties or events that are beyond the reasonable control of the Company including but not limited to, governmental acts, unauthorized access to Device data and storage device, crashes, breach of security/encryption, Internet service or telephone service related issues etc.</strong></p>\r\n		</li>\r\n	</ol>\r\n	</li>\r\n</ol>\r\n\r\n<p>&nbsp;</p>\r\n\r\n<ol start=\"8\">\r\n	<li dir=\"ltr\">\r\n	<p dir=\"ltr\"><strong>Closure of Account:</strong></p>\r\n\r\n	<ol>\r\n		<li dir=\"ltr\">\r\n		<p dir=\"ltr\"><strong>If you choose to cancel your registration, your Information will mostly stop being visible to others using the App.&nbsp;</strong></p>\r\n		</li>\r\n	</ol>\r\n	</li>\r\n</ol>\r\n\r\n<p>&nbsp;</p>\r\n\r\n<ol start=\"9\">\r\n	<li>\r\n	<ol start=\"2\">\r\n		<li dir=\"ltr\">\r\n		<p dir=\"ltr\"><strong>Company shall retain your Information even upon cancelation of your registration, if reasonably necessary to comply with, among others, our legal obligations as per Applicable Laws, resolve disputes if any, maintain security protocols, prevent fraud, enforce Terms and Conditions etc. We will however continue to hold de-personalized Information after your registration has been cancelled.</strong></p>\r\n		</li>\r\n	</ol>\r\n	</li>\r\n</ol>\r\n\r\n<p>&nbsp;</p>\r\n\r\n<p dir=\"ltr\"><strong>&nbsp;</strong></p>\r\n\r\n<ol start=\"9\">\r\n	<li dir=\"ltr\">\r\n	<p dir=\"ltr\"><strong>Compliance with legal, regulatory, and law enforcement requests:</strong></p>\r\n\r\n	<ol>\r\n		<li dir=\"ltr\">\r\n		<p dir=\"ltr\"><strong>Company will cooperate with law enforcement and government officials and private parties to comply with the Applicable Law. Company will, in its sole discretion, disclose any information about you to such parties as necessary to respond to claims and legal processes, to protect our property and rights or the property and rights of a third party, to protect the safety of the public or an individual, or to prevent or stop illegal or unethical activity.</strong></p>\r\n		</li>\r\n	</ol>\r\n	</li>\r\n</ol>\r\n\r\n<p dir=\"ltr\"><strong>&nbsp;</strong></p>\r\n\r\n<ol start=\"10\">\r\n	<li>\r\n	<ol start=\"2\">\r\n		<li dir=\"ltr\">\r\n		<p dir=\"ltr\"><strong>If the Company is legally permitted to do so, we will take reasonable steps to notify you in the event we are required to provide your information to third parties as part of a legal process.</strong></p>\r\n		</li>\r\n	</ol>\r\n	</li>\r\n</ol>\r\n\r\n<p dir=\"ltr\"><strong>&nbsp;</strong></p>\r\n\r\n<ol start=\"10\">\r\n	<li dir=\"ltr\">\r\n	<p dir=\"ltr\"><strong>Grievance Officer:</strong></p>\r\n\r\n	<ol>\r\n		<li dir=\"ltr\">\r\n		<p dir=\"ltr\"><strong>As per the Information Technology Act, 2000 and rules made there under, we are required to maintain a Grievance Officer. Accordingly, the name and contact details of the Grievance Officer are provided herein.</strong></p>\r\n		</li>\r\n		<li dir=\"ltr\">\r\n		<p dir=\"ltr\"><strong>If you find any discrepancies or have any grievances in relation to the collection, storage, use, disclosure and transfer of your Information under this Privacy Policy or Fair Use Policy or Terms and Conditions, please contact the following:</strong></p>\r\n		</li>\r\n	</ol>\r\n	</li>\r\n</ol>\r\n\r\n<p dir=\"ltr\"><strong>For Indian PAC Consulting Private Limited:</strong></p>\r\n\r\n<p dir=\"ltr\"><strong>Address: Carmel Point, 8-2-696 Road No.12, Banjara Hills, Hyd-500034</strong></p>\r\n\r\n<p dir=\"ltr\"><strong>E-mail: info@youthinpolitics.in</strong></p>\r\n\r\n<p dir=\"ltr\"><strong>Working hours: 10:00 am &ndash; 7:30 pm</strong></p>\r\n\r\n<p dir=\"ltr\"><strong>&nbsp;</strong></p>\r\n\r\n<p dir=\"ltr\"><strong>The details of the grievance officer may be changed by us from time to time by updating this Privacy Policy</strong></p>\r\n\r\n<p dir=\"ltr\"><strong>&nbsp;</strong></p>\r\n\r\n<p dir=\"ltr\"><strong>Thank you for using the App!</strong></p>\r\n','<p>लोरम इप्सम केवल मुद्रण और टंकण उद्योग का डमी पाठ है। लोरम इप्सम 1500 के दशक के बाद से उद्योग का मानक डमी पाठ रहा है, जब एक अज्ञात प्रिंटर ने एक प्रकार की गैली ली और इसे एक प्रकार की पुस्तक बनाने के लिए तराशा। यह न केवल पाँच शताब्दियों तक जीवित रहा है, बल्कि इलेक्ट्रॉनिक टंकण में भी छलांग लगाता है, शेष अनिवार्य रूप से अपरिवर्तित रहता है। यह 1960 में लोरम इप्सम मार्ग से युक्त लेट्रसेट शीट के विमोचन के साथ लोकप्रिय हुआ था, और हाल ही में एल्दस पेजमेकर जैसे डेस्कटॉप प्रकाशन सॉफ्टवेयर के साथ जिसमें लोरम इप्सम के संस्करण भी शामिल हैं।</p>\r\n',NULL,NULL,'privacy','2019-03-06 03:00:00','2019-09-06 12:22:10'),(6,'Fair Use Policy','उचित उपयोग नीति','<p dir=\"ltr\"><strong>FAIR USE POLICY</strong></p>\r\n\r\n<p dir=\"ltr\"><strong>Welcome to our App. If you continue to browse and use this App, you are agreeing to comply with and be bound by the terms and conditions of use mentioned herein, together with our Privacy Policy and Terms and Conditions for engagement as Volunteers/Fellows, which will govern this engagement in relation to your usage of this App. If you disagree with any part of the said terms and conditions, please do not use our App.</strong></p>\r\n\r\n<p dir=\"ltr\"><strong>The term &#39;I-PAC&#39; or &#39;us&#39; or &#39;we&#39; refers to the owner of the App whose corporate office is Carmel Point, 8-2-696 Road No.12, Banjara Hills, Hyd-500034. The term &#39;you&#39; refers to the user or viewer of our App.</strong></p>\r\n\r\n<p dir=\"ltr\"><strong>Capitalized terms that are used and not defined in this Fair Use Policy have the meanings given to them in the Terms and Conditions and Privacy Policy.</strong></p>\r\n\r\n<p dir=\"ltr\"><strong>In order to make sure everything is running smoothly, we continuously monitor usage of our App by you and hence this Fair Use Policy.</strong></p>\r\n\r\n<p dir=\"ltr\"><strong>The use of this App is subject to the following terms of use:</strong></p>\r\n\r\n<ul>\r\n	<li dir=\"ltr\">\r\n	<p dir=\"ltr\"><strong>The content of the pages of this App is for your general information and use only. It is subject to change without notice. You are expected to review these terms and conditions periodically to ensure that you are aware of all changes made hereto. In case you wish to be aware of any changes, it is suggested that you review this Privacy Policy periodically. If at any point in time you do not agree with these terms and conditions, refrain from using or accessing the App.</strong></p>\r\n	</li>\r\n	<li dir=\"ltr\">\r\n	<p dir=\"ltr\"><strong>Neither we nor any Third Parties provide any warranty or guarantee as to the accuracy, timeliness, performance, completeness or suitability of the information and materials found or offered on this App for any particular purpose. You acknowledge that such information and materials may contain inaccuracies or errors or cookies and we expressly exclude liability for any such inaccuracies or errors or cookies to the fullest extent permitted by Applicable Law.</strong></p>\r\n	</li>\r\n	<li dir=\"ltr\">\r\n	<p dir=\"ltr\"><strong>Your use of any information or materials on this App is entirely at your own risk, for which we shall not be liable. It shall be your own responsibility to ensure that any information available through this App meet your specific requirements.</strong></p>\r\n	</li>\r\n	<li dir=\"ltr\">\r\n	<p dir=\"ltr\"><strong>This App contains material which is owned by or licensed to us. This material includes, but is not limited to, the design, layout, look, logo, trademark, appearance, copyright and graphics, whether registered or unregistered, licensed or not. Reproduction is prohibited other than in accordance with the copyright notice, which forms part of these terms and conditions.</strong></p>\r\n	</li>\r\n	<li dir=\"ltr\">\r\n	<p dir=\"ltr\"><strong>You shall not transmit any viruses, defects, Trojan horse, adware, spyware, scare ware, or other items/malware of destructive nature or use the App to violate the security of any computer network, crack passwords or security encryption codes, transfer or store illegal material including those that are deemed threatening or obscene.</strong></p>\r\n	</li>\r\n	<li dir=\"ltr\">\r\n	<p dir=\"ltr\"><strong>From time to time this App may also include links to other online properties. These links are provided for your convenience to provide further information. They do not signify that we endorse such online properties. We have no responsibility for the content of the linked online properties</strong></p>\r\n	</li>\r\n	<li dir=\"ltr\">\r\n	<p dir=\"ltr\"><strong>Unauthorized use of this App may give rise to a claim for damages and/or be a criminal offence.</strong></p>\r\n	</li>\r\n	<li dir=\"ltr\">\r\n	<p dir=\"ltr\"><strong>Your use of this App and any dispute arising out of such use of the App is subject to the laws of India and the courts at Hyderabad, Telangana shall have exclusive jurisdiction to adjudicate such disputes.</strong></p>\r\n	</li>\r\n</ul>\r\n','<p>लोरम इप्सम केवल मुद्रण और टंकण उद्योग का डमी पाठ है। लोरम इप्सम 1500 के दशक के बाद से उद्योग का मानक डमी पाठ रहा है, जब एक अज्ञात प्रिंटर ने एक प्रकार की गैली ली और इसे एक प्रकार की पुस्तक बनाने के लिए तराशा। यह न केवल पाँच शताब्दियों तक जीवित रहा है, बल्कि इलेक्ट्रॉनिक टंकण में भी छलांग लगाता है, शेष अनिवार्य रूप से अपरिवर्तित रहता है। यह 1960 में लोरम इप्सम मार्ग से युक्त लेट्रसेट शीट के विमोचन के साथ लोकप्रिय हुआ था, और हाल ही में एल्दस पेजमेकर जैसे डेस्कटॉप प्रकाशन सॉफ्टवेयर के साथ जिसमें लोरम इप्सम के संस्करण भी शामिल हैं।</p>\r\n',NULL,NULL,'fair-policy','2019-09-04 03:00:00','2019-09-06 12:23:43'),(7,'Help','','',NULL,'pages/','','help','2019-09-05 02:00:00','2019-09-19 15:48:35');
/*!40000 ALTER TABLE `ic_app_pages` ENABLE KEYS */;
UNLOCK TABLES;

--
-- Table structure for table `ic_app_post`
--

DROP TABLE IF EXISTS `ic_app_post`;
/*!40101 SET @saved_cs_client     = @@character_set_client */;
/*!40101 SET character_set_client = utf8 */;
CREATE TABLE `ic_app_post` (
  `post_id` smallint(1) unsigned NOT NULL AUTO_INCREMENT,
  `post_title` varchar(255) COLLATE utf8_unicode_ci DEFAULT NULL,
  `post_content` text COLLATE utf8_unicode_ci,
  `post_media` varchar(255) COLLATE utf8_unicode_ci DEFAULT NULL,
  `post_identifier` varchar(10) COLLATE utf8_unicode_ci NOT NULL,
  `created_on` datetime NOT NULL,
  `updated_on` datetime DEFAULT NULL,
  PRIMARY KEY (`post_id`)
) ENGINE=InnoDB AUTO_INCREMENT=13 DEFAULT CHARSET=utf8 COLLATE=utf8_unicode_ci;
/*!40101 SET character_set_client = @saved_cs_client */;

--
-- Dumping data for table `ic_app_post`
--

LOCK TABLES `ic_app_post` WRITE;
/*!40000 ALTER TABLE `ic_app_post` DISABLE KEYS */;
INSERT INTO `ic_app_post` VALUES (1,'First Banner',NULL,'post/post_1565943462quote-02.jpg','mentorship','2019-03-20 03:00:00','2019-08-16 13:47:42'),(2,'Second Banner',NULL,'post/post_1565943503quote-01.jpg','mentorship','2019-03-20 03:00:00','2019-08-16 13:48:23'),(3,'Third Banner',NULL,'post/post_1565943536quote-03.jpg','mentorship','2019-03-20 05:00:00','2019-08-16 13:48:56'),(10,'First Banner',NULL,'post/post_1567570891WELCOME244.jpg','home','0000-00-00 00:00:00','2019-09-04 09:51:31'),(11,'Second Banner',NULL,'post/post_1567570917forapp23.jpg','home','0000-00-00 00:00:00','2019-09-04 09:51:57'),(12,'Third Banner',NULL,'post/post_1567570978i-pac43.jpg','home','0000-00-00 00:00:00','2019-09-04 09:52:58');
/*!40000 ALTER TABLE `ic_app_post` ENABLE KEYS */;
UNLOCK TABLES;

--
-- Table structure for table `ic_app_rating`
--

DROP TABLE IF EXISTS `ic_app_rating`;
/*!40101 SET @saved_cs_client     = @@character_set_client */;
/*!40101 SET character_set_client = utf8 */;
CREATE TABLE `ic_app_rating` (
  `rate_id` int(11) unsigned NOT NULL AUTO_INCREMENT,
  `user_id` int(11) unsigned NOT NULL,
  `rating` tinyint(1) NOT NULL,
  `comment` varchar(255) COLLATE utf8_unicode_ci DEFAULT NULL,
  `created_on` datetime NOT NULL,
  PRIMARY KEY (`rate_id`)
) ENGINE=InnoDB AUTO_INCREMENT=3 DEFAULT CHARSET=utf8 COLLATE=utf8_unicode_ci;
/*!40101 SET character_set_client = @saved_cs_client */;

--
-- Dumping data for table `ic_app_rating`
--

LOCK TABLES `ic_app_rating` WRITE;
/*!40000 ALTER TABLE `ic_app_rating` DISABLE KEYS */;
INSERT INTO `ic_app_rating` VALUES (1,19,3,NULL,'2019-03-27 06:20:03'),(2,23,4,NULL,'2019-03-27 06:38:18');
/*!40000 ALTER TABLE `ic_app_rating` ENABLE KEYS */;
UNLOCK TABLES;

--
-- Table structure for table `ic_ask_pk`
--

DROP TABLE IF EXISTS `ic_ask_pk`;
/*!40101 SET @saved_cs_client     = @@character_set_client */;
/*!40101 SET character_set_client = utf8 */;
CREATE TABLE `ic_ask_pk` (
  `m_id` int(10) unsigned NOT NULL AUTO_INCREMENT,
  `sender` varchar(100) COLLATE utf8_unicode_ci NOT NULL,
  `receiver` varchar(100) COLLATE utf8_unicode_ci NOT NULL,
  `message` text COLLATE utf8_unicode_ci,
  `media` varchar(255) COLLATE utf8_unicode_ci DEFAULT NULL,
  `media_thumb` varchar(255) COLLATE utf8_unicode_ci DEFAULT NULL,
  `type` enum('text','image','video') COLLATE utf8_unicode_ci NOT NULL DEFAULT 'text',
  `status` enum('read','unread') COLLATE utf8_unicode_ci NOT NULL DEFAULT 'unread',
  `created_on` datetime NOT NULL,
  PRIMARY KEY (`m_id`)
) ENGINE=InnoDB AUTO_INCREMENT=355 DEFAULT CHARSET=utf8 COLLATE=utf8_unicode_ci COMMENT='Ask Pk';
/*!40101 SET character_set_client = @saved_cs_client */;

--
-- Dumping data for table `ic_ask_pk`
--

LOCK TABLES `ic_ask_pk` WRITE;
/*!40000 ALTER TABLE `ic_ask_pk` DISABLE KEYS */;
INSERT INTO `ic_ask_pk` VALUES (1,'108','PK',NULL,'chat/pk_1556782398SampleVideo_640x360_2mb.mp4','chat/thumb_1556782398.jpg','video','read','2019-05-02 07:33:18'),(2,'108','PK',NULL,'chat/pk_15567824973.jpg','','image','read','2019-05-02 07:34:57'),(4,'108','PK','this is test','','','text','read','2019-05-02 07:57:00'),(5,'108','PK','this is test dscdacas','','','text','read','2019-05-02 07:59:17'),(6,'PK','108','Good',NULL,NULL,'text','unread','2019-05-02 07:59:17'),(7,'108','PK',NULL,'chat/pk_1556784062dummyvideo.mp4','chat/thumb_1556784062.jpg','video','read','2019-05-02 08:01:02'),(8,'107','PK',NULL,'chat/pk_1556784530dummyvideo.mp4','chat/thumb_1556784530.jpg','video','unread','2019-05-02 08:08:50'),(9,'108','PK','this is test dscdacas','','','text','read','2019-05-02 09:03:19'),(18,'PK','140','hey5','','','text','unread','2019-05-05 16:28:45'),(19,'108','PK','','','','text','read','2019-05-06 06:05:58'),(20,'111','PK','hello','','','text','read','2019-05-06 06:33:33'),(21,'111','PK','how r you ?','','','text','read','2019-05-06 07:41:37'),(22,'111','PK','I am good','','','text','read','2019-05-06 07:49:32'),(24,'PK','109','Hello this is test','','','text','unread','2019-05-06 07:53:40'),(25,'111','PK','hello','','','text','read','2019-05-06 08:45:01'),(26,'111','PK','vsv','','','text','read','2019-05-06 08:56:58'),(27,'111','PK','helloooo','','','text','read','2019-05-06 08:57:08'),(28,'PK','111','Hello, I am good','','','text','unread','2019-05-06 10:04:56'),(29,'PK','111','okay','','','text','unread','2019-05-06 10:10:31'),(30,'111','PK','hello','','','text','read','2019-05-06 10:27:54'),(31,'108','PK','Hi PK..... \n','','','text','read','2019-05-06 11:36:25'),(32,'111','PK','','chat/pk_1557143288profile_pic.jpg','','image','read','2019-05-06 11:48:08'),(33,'111','PK','','chat/pk_1557143666profile_pic.jpg','','image','read','2019-05-06 11:54:26'),(34,'PK','108','mai plk nahi hu','','','text','unread','2019-05-06 12:34:20'),(35,'108','PK','Then who r u?\n','','','text','read','2019-05-06 12:37:25'),(36,'108','PK','Hello pk\n','','','text','read','2019-05-06 12:37:31'),(37,'108','PK','','chat/pk_1557146288file','','image','read','2019-05-06 12:38:08'),(38,'108','PK','','chat/pk_1557146307file','','image','read','2019-05-06 12:38:27'),(39,'PK','108','hey','','','text','unread','2019-05-06 12:56:37'),(40,'108','PK','','chat/pk_1557147872file','','image','read','2019-05-06 13:04:32'),(41,'PK','111','ok','','','text','unread','2019-05-06 13:04:37'),(42,'108','PK','','chat/pk_1557147900file','','image','read','2019-05-06 13:05:00'),(43,'111','PK','','','','video','read','2019-05-06 13:20:45'),(44,'111','PK','','','','video','read','2019-05-06 14:13:40'),(45,'111','PK','','','','video','read','2019-05-06 14:46:08'),(46,'111','PK','','','','video','read','2019-05-06 14:48:20'),(47,'111','PK','hello','','','text','read','2019-05-06 14:52:24'),(48,'111','PK','hi','','','text','read','2019-05-06 14:54:56'),(49,'111','PK','how r you ?','','','text','read','2019-05-06 14:56:01'),(50,'111','PK','','chat/pk_1557154605image.jpg','','image','read','2019-05-06 14:56:45'),(51,'111','PK','','chat/pk_1557154707image.jpg','','image','read','2019-05-06 14:58:27'),(52,'111','PK','','chat/pk_1557155057image.jpg','','image','read','2019-05-06 15:04:17'),(53,'111','PK','','chat/pk_1557155473image.jpg','','image','read','2019-05-06 15:11:13'),(54,'111','PK','','chat/pk_1557155523video.mp4','chat/thumb_1557155523.jpg','video','read','2019-05-06 15:12:03'),(55,'111','PK','xhhxxh','','','text','read','2019-05-06 15:30:41'),(56,'111','PK','hzhxh','','','text','read','2019-05-06 15:30:43'),(57,'111','PK','uxhxh','','','text','read','2019-05-06 15:30:45'),(58,'PK','111','hey','','','text','unread','2019-05-06 15:31:05'),(59,'111','PK','','chat/pk_1557156707image.jpg','','image','read','2019-05-06 15:31:47'),(60,'PK','111','i m good','','','text','unread','2019-05-06 15:38:37'),(63,'121','PK','Hi','','','text','read','2019-05-07 06:07:21'),(64,'111','PK','hello','','','text','read','2019-05-07 06:30:06'),(65,'111','PK','hi','','','text','read','2019-05-07 06:32:29'),(66,'111','PK','heloo','','','text','read','2019-05-07 06:32:38'),(67,'111','PK','no','','','text','read','2019-05-07 06:34:16'),(68,'155','PK','Hey ','','','text','read','2019-05-07 06:43:32'),(69,'152','PK','Nhdjg','','','text','read','2019-05-07 06:45:01'),(70,'PK','111','hello','','','text','unread','2019-05-07 06:53:15'),(71,'111','PK','hi','','','text','read','2019-05-07 06:53:29'),(72,'111','PK','hello','','','text','read','2019-05-07 06:55:23'),(73,'111','PK','i m good','','','text','read','2019-05-07 06:55:29'),(74,'111','PK','all right','','','text','read','2019-05-07 06:55:35'),(75,'PK','111','hi','','','text','unread','2019-05-07 07:40:52'),(76,'111','PK','hello','','','text','read','2019-05-07 07:41:05'),(77,'111','PK','hi','','','text','read','2019-05-07 07:41:09'),(78,'111','PK','hth','','','text','read','2019-05-07 07:41:44'),(79,'111','PK','','chat/pk_1557215106image.jpg','','image','read','2019-05-07 07:45:06'),(80,'PK','111','vvs','','','text','unread','2019-05-07 07:45:57'),(81,'111','PK','hi','','','text','read','2019-05-07 07:46:13'),(82,'111','PK','h ello','','','text','read','2019-05-07 07:46:51'),(83,'111','PK','','chat/pk_1557216125image.jpg','','image','read','2019-05-07 08:02:05'),(84,'111','PK','','chat/pk_1557216157image.jpg','','image','read','2019-05-07 08:02:37'),(85,'145','PK','hi','','','text','read','2019-05-07 11:31:25'),(86,'PK','108','hi','','','text','unread','2019-05-07 13:38:11'),(87,'143','PK','Fjx','','','text','unread','2019-05-07 14:54:02'),(88,'143','PK','Hddd','','','text','unread','2019-05-07 14:54:04'),(89,'143','PK','','chat/pk_1557296537file','','image','unread','2019-05-08 06:22:17'),(90,'141','PK','hxhxyydd','','','text','read','2019-05-08 06:27:53'),(91,'141','PK','ydtdy','','','text','read','2019-05-08 06:27:57'),(92,'141','PK','dhddhdx','','','text','read','2019-05-08 06:28:22'),(93,'141','PK','hdd','','','text','read','2019-05-08 06:28:37'),(94,'143','PK','','chat/pk_1557296954file','','image','unread','2019-05-08 06:29:14'),(95,'PK','141','hey','','','text','unread','2019-05-08 07:07:27'),(96,'PK','143','hey','','','text','unread','2019-05-08 08:23:50'),(97,'143','PK','','chat/pk_1557304012file','','image','unread','2019-05-08 08:26:52'),(98,'143','PK','Xgxhhxc','','','text','unread','2019-05-08 08:28:10'),(99,'141','PK','','chat/pk_1557304212image.jpg','','image','read','2019-05-08 08:30:12'),(100,'141','PK','hfxyhx','','','text','read','2019-05-08 08:30:28'),(101,'141','PK','','chat/pk_1557304243image.jpg','','image','read','2019-05-08 08:30:43'),(102,'141','PK','','chat/pk_1557304274image.jpg','','image','read','2019-05-08 08:31:14'),(103,'141','PK','hxxhxf','','','text','read','2019-05-08 08:31:55'),(104,'PK','141','hi','','','text','unread','2019-05-08 08:35:22'),(105,'141','PK','','','','video','read','2019-05-08 08:36:17'),(106,'143','PK','','chat/pk_1557304589file','','image','unread','2019-05-08 08:36:29'),(107,'143','PK','Qweer','','','text','unread','2019-05-08 08:39:41'),(108,'141','PK','','chat/pk_1557304824image.jpg','','image','read','2019-05-08 08:40:24'),(109,'141','PK','123sfggwrtg','','','text','read','2019-05-08 08:44:05'),(110,'141','PK','gdyfzzdfd','','','text','read','2019-05-08 08:44:08'),(111,'PK','141','test','','','text','unread','2019-05-08 08:52:58'),(112,'PK','109','gfff','','','text','unread','2019-05-08 08:59:26'),(114,'PK','141','hello','','','text','unread','2019-05-08 09:29:09'),(115,'PK','141','dscds','','','text','unread','2019-05-08 09:30:18'),(118,'PK','108','adscda','','','text','unread','2019-05-08 09:39:34'),(120,'PK','143','hu','','','text','unread','2019-05-08 09:41:26'),(122,'PK','143','jgjhg','','','text','unread','2019-05-08 09:41:49'),(124,'PK','143','kgkj','','','text','unread','2019-05-08 09:42:05'),(125,'PK','108','svs','','','text','unread','2019-05-08 09:47:33'),(126,'143','PK','Hi abby','','','text','unread','2019-05-08 09:47:49'),(127,'PK','109','tr','','','text','unread','2019-05-08 09:48:47'),(131,'PK','109','jkhk','','','text','unread','2019-05-08 09:51:19'),(133,'PK','108','xvdfv','','','text','unread','2019-05-08 09:51:42'),(134,'PK','109','nghjngj','','','text','unread','2019-05-08 09:51:44'),(135,'PK','109','jhgjgj','','','text','unread','2019-05-08 09:51:48'),(136,'PK','108','dvfdvd','','','text','unread','2019-05-08 09:51:49'),(137,'PK','108','sfsdsd','','','text','unread','2019-05-08 09:51:55'),(138,'PK','109','jiui','','','text','unread','2019-05-08 09:51:57'),(139,'PK','109','uiyiu','','','text','unread','2019-05-08 09:52:03'),(144,'PK','109','tyhfyhf','','','text','unread','2019-05-08 09:58:23'),(145,'PK','109','ftdt','','','text','unread','2019-05-08 09:59:16'),(148,'PK','109','Yes','','','text','unread','2019-05-08 10:04:04'),(151,'PK','109','ghjjdfh','','','text','unread','2019-05-08 10:08:02'),(152,'PK','109','ghjjdfh','','','text','unread','2019-05-08 10:08:12'),(156,'141','PK','Rg','','','text','read','2019-05-08 10:22:46'),(158,'PK','157','test','','','text','unread','2019-05-08 11:33:57'),(159,'141','PK','hi','','','text','read','2019-05-08 12:51:44'),(160,'158','PK','','chat/pk_1557320026file','','image','unread','2019-05-08 12:53:46'),(161,'158','PK','','chat/pk_1557320034file','','image','unread','2019-05-08 12:53:54'),(162,'141','PK','Bahah','','','text','read','2019-05-08 13:40:00'),(163,'141','PK','','','','video','read','2019-05-08 13:40:48'),(164,'159','PK','Hdhz','','','text','read','2019-05-09 07:02:33'),(165,'159','PK','Hffd','','','text','read','2019-05-09 07:05:02'),(166,'159','PK','','chat/pk_1557385529file','','image','read','2019-05-09 07:05:29'),(167,'145','PK','Bdh','','','text','read','2019-05-09 07:08:07'),(168,'145','PK','Jcch','','','text','read','2019-05-09 07:08:11'),(169,'145','PK','Chc','','','text','read','2019-05-09 07:08:14'),(170,'PK','141','test','','','text','unread','2019-05-09 07:48:30'),(171,'141','PK','hi','','','text','read','2019-05-09 07:49:42'),(172,'141','PK','How are you?','','','text','read','2019-05-09 07:49:52'),(173,'141','PK','','chat/pk_1557388221image.jpg','','image','read','2019-05-09 07:50:21'),(174,'141','PK','','chat/pk_1557388230video.mp4','','video','read','2019-05-09 07:50:30'),(175,'PK','160','123456','','','text','unread','2019-05-09 13:08:38'),(176,'160','PK','','chat/pk_1557408540video.mp4','','video','unread','2019-05-09 13:29:00'),(177,'160','PK','','chat/pk_1557408588image.jpg','','image','unread','2019-05-09 13:29:48'),(178,'160','PK','','chat/pk_1557408662video.mp4','','video','unread','2019-05-09 13:31:02'),(179,'PK','141','qwertyuiop','','','text','unread','2019-05-09 14:04:43'),(180,'141','PK','','chat/pk_1557410779image.jpg','','image','read','2019-05-09 14:06:19'),(181,'141','PK','','chat/pk_1557410832image.jpg','','image','read','2019-05-09 14:07:12'),(182,'141','PK','Bxhxjxcj','','','text','read','2019-05-09 14:08:45'),(183,'141','PK','Xhxhxhx','','','text','read','2019-05-09 14:09:07'),(184,'PK','141','yghhu','','','text','unread','2019-05-09 14:21:46'),(185,'141','PK','Gzhxg','','','text','read','2019-05-09 14:21:56'),(186,'141','PK','Bxbxb','','','text','read','2019-05-09 14:22:00'),(187,'141','PK','','chat/pk_1557411749video.mp4','chat/thumb_1557411749.jpg','video','read','2019-05-09 14:22:29'),(188,'141','PK','','chat/pk_1557411765video.mp4','chat/thumb_1557411765.jpg','video','read','2019-05-09 14:22:45'),(189,'162','PK','Fruits are the means by which angiosperms disseminate seeds. Edible fruits, in particular, have propagated with the movements of humans and animals in a symbiotic relationship as a means for seed dispersal and nutrition; in fact, humans and many anhf','','','text','unread','2019-05-10 07:39:46'),(190,'162','PK','','chat/pk_1557474010image.jpg','','image','unread','2019-05-10 07:40:10'),(191,'162','PK','','chat/pk_1557474043image.jpg','','image','unread','2019-05-10 07:40:43'),(192,'161','PK','Xgxxgxgxhxhxhxhxhxhxhxhxhxhx','','','text','unread','2019-05-10 09:21:15'),(193,'161','PK','','chat/pk_1557480294file','','image','unread','2019-05-10 09:24:54'),(194,'161','PK','','chat/pk_1557480346file','','image','unread','2019-05-10 09:25:46'),(195,'PK','161','qwertyuiop','','','text','unread','2019-05-10 15:04:23'),(196,'PK','161','asdfghjk','','','text','unread','2019-05-10 15:04:42'),(197,'161','PK','Vxxgxgxh','','','text','unread','2019-05-10 15:08:03'),(198,'161','PK','Dydfh','','','text','unread','2019-05-10 15:08:11'),(199,'PK','145','ytrtyryt','','','text','unread','2019-05-10 15:11:20'),(200,'145','PK','Jgzgjzjgzkgzgk,kgzkg','','','text','read','2019-05-10 15:11:35'),(201,'145','PK','','chat/pk_1557481309image.jpg','','image','read','2019-05-10 15:11:49'),(202,'145','PK','','chat/pk_1557481424image.jpg','','image','read','2019-05-10 15:13:44'),(203,'145','PK','Hshshzzjia','','','text','read','2019-05-10 15:15:05'),(204,'166','PK','Jfsjtsjtsstkjts','','','text','read','2019-05-10 15:18:39'),(205,'166','PK','','chat/pk_1557481733image.jpg','','image','read','2019-05-10 15:18:53'),(206,'166','PK','','chat/pk_1557481746image.jpg','','image','read','2019-05-10 15:19:06'),(207,'166','PK','Syjsjysyk','','','text','read','2019-05-10 15:19:16'),(208,'PK','109','trythtyuhjt','','','text','unread','2019-05-10 15:37:13'),(209,'182','PK','Hi PK.','','','text','unread','2019-08-11 14:57:07'),(210,'178','PK','Hey','','','text','read','2019-08-13 18:49:56'),(211,'178','PK','Heyyyyyyyyyy','','','text','read','2019-08-13 18:54:26'),(212,'180','PK','Hii','','','text','unread','2019-08-14 22:31:01'),(213,'110','PK','Hello how are you?','','','text','read','2019-08-20 17:18:06'),(214,'188','PK','Gdx','','','text','read','2019-08-21 11:35:21'),(215,'188','PK','Chcxhx','','','text','read','2019-08-21 11:35:25'),(216,'188','PK',' Bxxgx','','','text','read','2019-08-21 11:35:28'),(217,'188','PK','Hxxhxsydxz','','','text','read','2019-08-21 11:35:32'),(218,'188','PK','Bxxhhxxh','','','text','read','2019-08-21 11:35:35'),(219,'188','PK','Hxxhxhxhx','','','text','read','2019-08-21 11:35:39'),(220,'188','PK','Hdhd','','','text','read','2019-08-21 11:36:04'),(221,'188','PK','','chat/pk_1566377598file','','image','read','2019-08-21 14:23:18'),(222,'188','PK','Chhcxxy','','','text','read','2019-08-21 14:23:24'),(223,'188','PK','Ok','','','text','read','2019-08-21 18:00:03'),(224,'110','PK','Cjci','','','text','read','2019-08-22 10:55:56'),(225,'110','PK','Nxhchj','','','text','read','2019-08-22 10:56:00'),(226,'110','PK','','','','video','read','2019-08-22 10:56:52'),(227,'188','PK','','chat/pk_1566452910file','','image','read','2019-08-22 11:18:30'),(228,'PK','188','hi','','','text','unread','2019-08-22 14:18:20'),(229,'188','PK','Hey','','','text','read','2019-08-22 14:19:40'),(230,'PK','188','1234567','','','text','unread','2019-08-22 14:25:02'),(231,'188','PK','I sent a new message','','','text','read','2019-08-22 14:40:18'),(232,'188','PK','Check again','','','text','read','2019-08-22 16:13:57'),(233,'188','PK','1234567','','','text','read','2019-08-22 16:14:13'),(234,'188','PK','Gthtrh rg r','','','text','read','2019-08-22 16:14:27'),(235,'188','PK','Eve we ','','','text','read','2019-08-22 16:15:00'),(236,'PK','188','new message','','','text','unread','2019-08-22 16:22:04'),(237,'188','PK','Text sent','','','text','read','2019-08-22 16:24:01'),(238,'188','PK','New sent test ','','','text','read','2019-08-22 17:23:25'),(239,'PK','188','Well done','','','text','unread','2019-08-22 17:31:49'),(240,'188','PK','Got ya','','','text','read','2019-08-22 17:32:36'),(241,'188','PK','123','','','text','read','2019-08-22 17:33:08'),(242,'188','PK','Rye ','','','text','read','2019-08-22 17:33:15'),(243,'188','PK','45dw qwe ','','','text','read','2019-08-22 17:33:21'),(244,'PK','188','123444','','','text','unread','2019-08-22 17:33:31'),(245,'188','PK','New','','','text','read','2019-08-22 17:33:42'),(246,'218','PK','Hi','','','text','read','2019-08-23 13:59:10'),(247,'218','PK','what is your aim with this app?','','','text','read','2019-08-23 13:59:47'),(248,'218','PK','','','','video','read','2019-08-23 14:01:09'),(249,'218','PK','Jfjc','','','text','read','2019-08-23 14:03:29'),(250,'238','PK','Hxhxhhxhx','','','text','read','2019-08-23 19:36:04'),(251,'238','PK','Hdhdhdhdh','','','text','read','2019-08-23 19:41:54'),(252,'238','PK','Hxhdhdh','','','text','read','2019-08-23 19:42:01'),(253,'238','PK','Hdhdhdh','','','text','read','2019-08-23 19:42:05'),(254,'239','PK','Hey!wassup','','','text','read','2019-08-24 00:12:19'),(255,'147','PK','Hi','','','text','read','2019-08-24 01:06:23'),(256,'147','PK','Hi','','','text','read','2019-08-24 01:06:29'),(257,'147','PK','','chat/pk_1566589026image.jpg','','image','read','2019-08-24 01:07:06'),(258,'147','PK','','chat/pk_1566589046image.jpg','','image','read','2019-08-24 01:07:26'),(259,'240','PK','Fydydxyx','','','text','read','2019-08-28 14:17:34'),(260,'241','PK','Xgffxgz','','','text','read','2019-08-28 14:17:36'),(261,'240','PK','Fhxgxxy','','','text','read','2019-08-28 14:17:43'),(262,'241','PK','Ft g','','','text','read','2019-08-28 14:17:48'),(263,'240','PK','Tx','','','text','read','2019-08-28 14:17:52'),(264,'240','PK','Txxx','','','text','read','2019-08-28 14:17:56'),(265,'PK','240','hey','','','text','unread','2019-08-28 16:54:44'),(266,'241','PK','Yddhdhx','','','text','read','2019-08-28 18:20:19'),(267,'241','PK','Fuuffhf','','','text','read','2019-08-28 18:20:26'),(268,'PK','110','qwerty','','','text','unread','2019-08-28 18:22:12'),(269,'110','PK','Gdsydg','','','text','read','2019-08-28 18:22:54'),(270,'110','PK','Dgxgxh','','','text','read','2019-08-28 18:23:00'),(271,'PK','241','hgj','','','text','unread','2019-08-28 18:26:46'),(272,'241','PK','Xggxx','','','text','read','2019-08-28 18:27:05'),(273,'241','PK','Xggxx','','','text','read','2019-08-28 18:27:09'),(274,'240','PK','','chat/pk_1566997379file','','image','read','2019-08-28 18:32:59'),(275,'240','PK','','chat/pk_1566997404file','chat/thumb_1566997404.jpg','video','read','2019-08-28 18:33:24'),(276,'240','PK','','chat/pk_1566997432file','','image','read','2019-08-28 18:33:52'),(277,'240','PK','','chat/pk_1566997450file','chat/thumb_1566997450.jpg','video','read','2019-08-28 18:34:10'),(278,'241','PK','','chat/pk_1566999793video.mp4','chat/thumb_1566999793.jpg','video','read','2019-08-28 19:13:14'),(279,'241','PK','','chat/pk_1566999937image.jpg','','image','read','2019-08-28 19:15:37'),(280,'PK','241','jhj','','','text','unread','2019-08-28 19:15:48'),(281,'241','PK','','chat/pk_1566999972image.jpg','','image','read','2019-08-28 19:16:12'),(282,'241','PK','','chat/pk_1566999989image.jpg','','image','read','2019-08-28 19:16:29'),(283,'241','PK','Ydydydh','','','text','read','2019-08-28 19:16:41'),(284,'241','PK','Xhxhx','','','text','read','2019-08-28 19:16:47'),(285,'PK','241','hgh','','','text','unread','2019-08-28 19:17:47'),(286,'PK','110','hytryhututyuj','','','text','unread','2019-08-29 11:25:15'),(287,'PK','110','uyjrujr','','','text','unread','2019-08-29 11:25:22'),(288,'PK','110','gfhh','','','text','unread','2019-08-29 11:57:28'),(289,'PK','110','hfjhjjjg','','','text','unread','2019-08-29 11:57:33'),(290,'PK','240','hguy','','','text','unread','2019-08-29 12:50:01'),(291,'240','PK','','chat/pk_1567063236file','chat/thumb_1567063236.jpg','video','read','2019-08-29 12:50:36'),(292,'240','PK','','chat/pk_1567063247file','chat/thumb_1567063247.jpg','video','read','2019-08-29 12:50:47'),(293,'240','PK','Dgxzg','','','text','read','2019-08-29 12:51:00'),(294,'240','PK','','chat/pk_1567063272file','','image','read','2019-08-29 12:51:12'),(295,'227','PK','Hey','','','text','read','2019-08-29 13:00:53'),(296,'110','PK','','chat/pk_1567063966video.mp4','chat/thumb_1567063966.jpg','video','read','2019-08-29 13:02:46'),(297,'227','PK','','chat/pk_1567066266file','','image','read','2019-08-29 13:41:06'),(298,'242','PK','Qwerty','','','text','read','2019-08-29 18:32:01'),(299,'242','PK','Qwerty','','','text','read','2019-08-29 18:32:06'),(300,'242','PK','','chat/pk_1567084143video.mp4','chat/thumb_1567084143.jpg','video','read','2019-08-29 18:39:03'),(301,'217','PK','Hi','','','text','read','2019-08-30 15:17:53'),(302,'217','PK','Hello','','','text','read','2019-08-30 15:18:00'),(303,'217','PK','Sjjsjs','','','text','read','2019-08-30 15:18:05'),(304,'217','PK','','chat/pk_1567159096video.mp4','chat/thumb_1567159096.jpg','video','read','2019-08-30 15:28:16'),(305,'242','PK','Uff','','','text','read','2019-08-30 17:39:16'),(306,'PK','242','jkbnfg','','','text','unread','2019-08-30 17:42:40'),(307,'242','PK','','chat/pk_1567167188file','chat/thumb_1567167188.jpg','video','read','2019-08-30 17:43:08'),(308,'242','PK','Chxg','','','text','read','2019-08-30 17:44:28'),(309,'242','PK','Chcxh','','','text','read','2019-08-30 17:44:32'),(310,'242','PK','Hccx','','','text','read','2019-08-30 17:44:36'),(311,'170','PK','Hi','','','text','read','2019-08-30 18:04:25'),(312,'170','PK','Hello','','','text','read','2019-08-30 18:04:34'),(313,'170','PK','','chat/pk_1567168499image.jpg','','image','read','2019-08-30 18:04:59'),(314,'170','PK','','chat/pk_1567169737video.mp4','chat/thumb_1567169737.jpg','video','read','2019-08-30 18:25:38'),(316,'243','PK','Hello','','','text','read','2019-08-31 15:28:51'),(317,'PK','121','Hi','','','text','unread','2019-08-31 15:31:04'),(318,'243','PK','Hello Prashant ji','','','text','read','2019-08-31 15:31:09'),(319,'PK','147','Hi','','','text','unread','2019-08-31 15:31:31'),(320,'147','PK','Hiii','','','text','read','2019-08-31 15:31:50'),(321,'147','PK','Hiiiiiiii','','','text','read','2019-08-31 15:31:58'),(322,'110','PK','f9ufufuc','','','text','read','2019-09-02 12:15:32'),(323,'110','PK','ofucuciivuivbi','','','text','read','2019-09-02 12:15:37'),(324,'110','PK','','chat/pk_1567406758image.jpg','','image','read','2019-09-02 12:15:58'),(325,'PK','178','test','','','text','unread','2019-09-02 13:12:02'),(326,'245','PK','Qwerry','','','text','read','2019-09-02 19:27:45'),(327,'245','PK','Qweer','','','text','read','2019-09-02 19:27:50'),(328,'245','PK','','chat/pk_1567432982video.mp4','chat/thumb_1567432982.jpg','video','read','2019-09-02 19:33:03'),(329,'245','PK','','chat/pk_1567433004image.jpg','','image','read','2019-09-02 19:33:24'),(330,'244','PK','Qwee','','','text','read','2019-09-03 11:18:58'),(331,'244','PK','Wwee','','','text','read','2019-09-03 11:19:04'),(332,'244','PK','','chat/pk_1567490803file','chat/thumb_1567490803.jpg','video','read','2019-09-03 11:36:43'),(333,'PK','242','hello','','','text','unread','2019-09-03 12:27:09'),(334,'242','PK','','chat/pk_1567493856file','','image','read','2019-09-03 12:27:36'),(335,'247','PK','','chat/pk_1567501038file','','image','read','2019-09-03 14:27:18'),(336,'247','PK','Hey\n','','','text','read','2019-09-03 14:27:33'),(341,'PK','178','Hey There!!!!!!','','','text','unread','2019-09-03 14:53:34'),(343,'PK','178','yahi act h kya','','','text','unread','2019-09-03 15:00:39'),(344,'178','PK','Han','','','text','read','2019-09-03 15:21:16'),(345,'178','PK','','chat/pk_1567504446file','chat/thumb_1567504446.jpg','video','read','2019-09-03 15:24:06'),(346,'178','PK','','chat/pk_1568115964file','chat/thumb_1568115964.jpg','video','read','2019-09-10 17:16:04'),(347,'178','PK','Hey','','','text','read','2019-09-10 17:16:16'),(348,'PK','178','hey','','','text','unread','2019-09-10 17:18:25'),(349,'178','PK','','chat/pk_1568116154file','chat/thumb_1568116154.jpg','video','read','2019-09-10 17:19:14'),(350,'178','PK','','chat/pk_1568116221file','','image','read','2019-09-10 17:20:21'),(351,'PK','178','hi','','','text','unread','2019-09-12 13:15:35'),(352,'PK','242','mjj','','','text','unread','2020-01-18 14:39:41'),(353,'PK','242','yyyy','','','text','unread','2020-01-18 14:39:47'),(354,'PK','241','k','','','text','unread','2020-01-18 14:39:57');
/*!40000 ALTER TABLE `ic_ask_pk` ENABLE KEYS */;
UNLOCK TABLES;

--
-- Table structure for table `ic_auth`
--

DROP TABLE IF EXISTS `ic_auth`;
/*!40101 SET @saved_cs_client     = @@character_set_client */;
/*!40101 SET character_set_client = utf8 */;
CREATE TABLE `ic_auth` (
  `auth_id` int(11) unsigned NOT NULL AUTO_INCREMENT,
  `user_id` int(11) unsigned NOT NULL,
  `auth_token` varchar(255) COLLATE utf8_unicode_ci NOT NULL,
  `updated_on` datetime NOT NULL,
  PRIMARY KEY (`auth_id`),
  UNIQUE KEY `user_id` (`user_id`),
  CONSTRAINT `ic_auth_ibfk_1` FOREIGN KEY (`user_id`) REFERENCES `ic_user` (`user_id`) ON DELETE CASCADE ON UPDATE CASCADE
) ENGINE=InnoDB AUTO_INCREMENT=136 DEFAULT CHARSET=utf8 COLLATE=utf8_unicode_ci;
/*!40101 SET character_set_client = @saved_cs_client */;

--
-- Dumping data for table `ic_auth`
--

LOCK TABLES `ic_auth` WRITE;
/*!40000 ALTER TABLE `ic_auth` DISABLE KEYS */;
INSERT INTO `ic_auth` VALUES (2,108,'1f30c30ff8d57b359c98a548e3a0e248','2019-05-09 13:09:58'),(3,107,'4a3bf86a1f17a693ce544f0ab2f24f2e','2019-08-09 15:30:17'),(5,110,'3b083ddbaa3af28104db9e7d88630271','2019-09-04 18:51:46'),(6,111,'9701c26398dd9c440b2a657d6e36fc29','2019-05-07 10:29:03'),(12,117,'05b1068bf6d12c4ccf82658cd3288407','2019-04-18 07:38:35'),(13,118,'21852eee0f907e8e3c2b1b7a6299a167','2019-04-12 15:13:02'),(14,119,'05de1f912d74c46e1168d82b2f3f75f5','2019-04-12 15:14:27'),(15,120,'b3e094d68ff9f653cc43a47fad73e09d','2019-04-12 15:20:25'),(16,121,'798f2878540e93f163a178bf3f7a0541','2019-08-10 21:09:43'),(18,123,'ec1434a8a836c061fad7a0f5aab11ef2','2019-04-24 13:21:53'),(19,124,'6931f718dabd7adb5420b0ae7ca62b7e','2019-04-15 13:04:03'),(20,129,'58999faa031355b514aaae7e9fad8d0a','2019-09-25 15:07:19'),(21,130,'c8e33a29caa07b47915a9e350f4e8783','2019-04-19 05:57:49'),(22,131,'6ea558ef83942f965b5cff0cab7a16f8','2019-04-19 05:40:47'),(23,132,'92a7cc2a6de7677e8a3351e8f500e8cf','2019-04-19 05:25:51'),(24,133,'95bce850e92ca7426be399c5a7581e00','2019-04-22 09:52:17'),(25,134,'c6f09648c15b7822f267b30039cf4a07','2019-04-19 07:42:33'),(26,135,'75b11a86646aa6c74291dc5b900f09e1','2019-04-19 12:06:36'),(27,136,'b9c18f0c9884d732a285c875df277706','2019-04-19 10:27:07'),(28,137,'14d1067273eb8c86fe2b3951afdef1d7','2019-04-20 05:28:12'),(29,138,'6916d7756e0b4ac92493963cd939de98','2019-04-20 05:29:38'),(30,139,'e3fa3e50a4060a8f200e3392fff4af79','2019-04-20 12:47:15'),(31,140,'0fa00b3feb8bd504b42499da274a977e','2019-04-24 13:54:44'),(32,141,'83cd7baf3714a7309f233468ed17131f','2019-09-10 13:37:13'),(33,142,'d1123532ab61da82aa66804c8adc857b','2019-04-24 12:47:35'),(34,143,'8af252d4e8ada70bc238215b842526de','2019-05-09 05:29:26'),(35,144,'5e9040bd998e2be45dce24e3c124204b','2019-04-23 14:03:00'),(36,145,'30501c3525dd7ca41eb2cc0fb0a7bd7c','2019-05-10 15:10:48'),(37,146,'9b867f377d387efafa9913a50e66d092','2019-05-01 10:26:04'),(38,147,'af0c67521010975eac48ccb0d888e7fc','2019-09-06 11:03:22'),(39,149,'89b2bf1e028fcabd5d86e5b8fa9d6509','2019-04-24 13:34:37'),(40,150,'5c206ede04930340ab6828b0c2a25a86','2019-04-24 13:59:17'),(41,151,'bc55f12e872b9bb5a87a40aa545883d0','2019-05-01 14:06:15'),(42,152,'038c873ce3a660c1c11b3884bc9e6fae','2019-05-09 10:47:40'),(43,153,'d30c781256f743b796edb894c63b07db','2019-05-07 08:27:15'),(44,154,'6b5ff423a9fd0221043853b29db33c2c','2019-05-08 02:54:05'),(45,155,'3dcba7d4156b111c4a7ee79405a0dd8d','2019-05-10 08:53:30'),(46,156,'7c4b18d42a5eb46145e6c127e7af25ed','2019-05-08 06:52:01'),(47,157,'808396bb4999a058846982887a3d03c0','2019-09-02 11:49:13'),(48,158,'827cb4ea40310ea8bdbd4d92b2ac1769','2019-05-09 07:26:47'),(49,159,'729989f43d88a0438c5171efb1e07727','2019-05-09 05:38:20'),(50,160,'940c483ecee6bc7ff5e574f589922ddf','2019-05-09 12:57:43'),(51,162,'4bd3c1f1a881a477f39b6d7ee20a2954','2019-05-10 06:17:50'),(52,161,'58452b89ea33b2ac54f5e5a1ec44ac0c','2019-05-10 08:42:46'),(53,163,'3521bd06761e7494346463472969b032','2019-05-10 06:38:49'),(54,164,'763244311bbd2c964973cf2d929d26e7','2019-05-10 06:44:41'),(55,165,'055b44218b600f483aca8777770be419','2019-05-10 09:31:11'),(56,166,'a1c76022dcdcc6663607054d0c7725ec','2019-05-10 15:15:59'),(57,167,'b9199b778d4f6f20f095f29ce9cc640d','2019-05-14 16:22:22'),(58,170,'f3237865ece93626121eef80e2d303f9','2019-08-30 18:03:38'),(65,178,'13917f04a6fcfa8086db5a81d4344d23','2019-09-10 16:01:49'),(67,180,'08c50b1358621c126311b09f78b4b26e','2019-09-04 19:51:44'),(68,181,'e301f63a3d3daac0d5ad9d336941b389','2019-08-11 14:51:44'),(69,182,'00d7d6507f8d69caf811d826da52d44c','2019-08-11 13:47:48'),(70,183,'05025953a55ce21bbb1ffff0aa7d9a23','2019-08-11 14:46:05'),(71,184,'d7077c0fabc9aa713631c0c53d282c6e','2019-08-11 14:49:13'),(72,185,'720e31716ad793e76765a64e653746c5','2019-08-12 11:12:08'),(73,186,'c0d294d84aa8439f9a711e492a619345','2019-08-12 17:58:26'),(76,188,'c2683ca7eaadcb2eded462ecddf9336a','2019-08-21 18:16:09'),(78,192,'d33ce3a34a60d90567935d78ca75641f','2019-08-23 00:11:24'),(79,194,'19bb2253d516107df9e033bf751b0ebd','2019-09-03 11:44:35'),(80,193,'a70850090e73f2ee3e5d406e304cbac8','2019-08-15 10:15:04'),(81,195,'47a35e0f1e527edbfa2b7533fda01b3c','2019-08-16 11:06:49'),(82,196,'f7393757d7a20f926fb934f53243d88d','2019-08-16 15:23:32'),(83,197,'d5b19be0390c07d8e5e6b02b98081864','2019-08-17 10:36:42'),(84,198,'638f9f26854a87d513b7ff7ff8c27a0e','2019-08-17 10:56:16'),(85,199,'2b6d89664c5378d0ac514b1da74df0f7','2019-08-17 12:06:49'),(86,200,'09f48b833f014fb46d2b18d381b3761e','2019-08-17 12:24:16'),(87,201,'f3470aca14eccf8374004327d5183562','2019-09-05 11:16:47'),(88,202,'01a16b1564a2d3cde0859f8446c7a405','2019-08-17 18:20:51'),(89,203,'f4e17c347e7a260b61b5cdcd42040c06','2019-09-06 11:20:25'),(90,204,'44adc4f9b020ca7339a5f50707172a67','2019-08-19 11:47:15'),(91,205,'7cbf58ab933886e0fc01f041f4b992d7','2019-08-19 11:12:31'),(92,206,'b0f0d6fa9f78c3aeebcfcdfcea7b42d5','2019-08-19 11:13:52'),(93,207,'ea6e61450436a22591a8f617540f8f69','2019-08-19 11:14:17'),(94,209,'9b517cee8bb27c3b863e91d6b8413082','2019-08-19 11:17:14'),(95,210,'c80307dc7cf555f06b8ed3aa97382d38','2019-08-19 11:19:09'),(96,211,'296f9097043173f3f587a891356c8866','2019-08-19 11:20:25'),(97,212,'f6c767b80853381606e6c5ac425749b8','2019-08-19 11:24:19'),(98,213,'e8f247c013267c9c9a447ecfdd990738','2019-08-19 11:27:35'),(99,214,'bcc955c29da061ebd001e286e2ad3ca2','2019-08-19 11:50:02'),(100,215,'82754894f9707cf4fe3d5b524f6c5329','2019-08-19 15:04:41'),(101,216,'61b07798d3b3a654405e6c9f27f912f0','2019-08-20 13:21:53'),(102,218,'29f6b453fbb864ef0591e60ea107e83a','2019-08-23 13:58:42'),(103,219,'5ccf32eeac2a575b71c8ad7c130720ce','2019-08-21 19:52:05'),(104,222,'ed6c24fe801b10a758f72d83aa43206f','2019-08-22 10:53:16'),(105,223,'b797ce360ef93b8dedc730d4e3848764','2019-08-22 14:16:14'),(107,225,'4a3f82a5e4a6d61d03f4480b5247f2a0','2019-08-23 12:28:24'),(108,226,'ccc7c475650b7bce3fa5193232e81979','2019-08-23 12:41:30'),(109,227,'e1a2ca39fe114d6bbfcaa32ace6fc620','2019-08-29 15:37:41'),(110,231,'9eab00e482b56b063635857187b835fc','2019-08-23 14:38:01'),(112,233,'34c965fe56807fe7c657d13b0eda4807','2019-09-12 18:36:06'),(116,237,'9ea068b7a485207118d8e3ada0017a08','2019-08-23 19:11:57'),(117,238,'fb51ce267195fe04adb01afda52bdc8b','2019-08-23 19:13:08'),(118,239,'d7480b0f433e372e712be5a02e39e9a1','2019-08-24 00:11:42'),(119,240,'8f5e576f0eac1515bc9f47194a869b37','2019-08-31 19:21:39'),(120,241,'a8a4e151d746b5f1c545b534f6bcb312','2019-08-31 22:08:07'),(121,242,'2dd21b78c3ea0facdfed1731cd52f0ce','2019-09-03 12:30:48'),(122,217,'f72c7842b36b4e92e84a7470fd0ac87b','2019-09-02 12:24:39'),(123,243,'5529d23ba53d9f50c249d518c98f0d01','2019-08-30 21:25:44'),(124,244,'d79d971fb8bddfbfe9af8628ca4b6fb9','2019-09-03 11:03:14'),(125,245,'a4ef4c5aa07bb9beb2a7d2615457e5b7','2019-09-05 17:23:28'),(127,247,'e8d59614e9853959e7fab713a1bae125','2019-09-03 13:06:55'),(128,248,'3c1236a910ee03068bf5f3d4e7100583','2019-09-03 13:03:18'),(129,249,'6276825f345aef0a63c913fdb6f5ebfd','2019-09-03 15:16:47'),(130,250,'6a89856363bd3998db0303e9d0f2656a','2019-09-04 12:26:53'),(131,251,'c75c131d776281abe5c9532e34a2fd8e','2019-09-05 11:09:48'),(132,252,'138efc8936e10c2c602e1eb7194416c9','2019-09-04 23:45:46'),(133,253,'d4aff7e2ac98169eb895d90a0b82cc70','2019-09-05 11:30:29'),(134,254,'c97b737d8797a6cfde5b160c12dc4eb9','2019-09-06 11:05:25'),(135,255,'fac2a1a915e1f7bc263928eabb609d97','2019-09-06 11:35:39');
/*!40000 ALTER TABLE `ic_auth` ENABLE KEYS */;
UNLOCK TABLES;

--
-- Table structure for table `ic_cron`
--

DROP TABLE IF EXISTS `ic_cron`;
/*!40101 SET @saved_cs_client     = @@character_set_client */;
/*!40101 SET character_set_client = utf8 */;
CREATE TABLE `ic_cron` (
  `cron_id` int(11) unsigned NOT NULL AUTO_INCREMENT,
  `activity_id` smallint(1) unsigned NOT NULL,
  `action_id` int(10) unsigned DEFAULT NULL,
  `sender` int(1) unsigned NOT NULL,
  `receiver` text COLLATE utf8_unicode_ci,
  `message_en` text COLLATE utf8_unicode_ci,
  `message_hi` text COLLATE utf8_unicode_ci,
  `state_filter` tinyint(3) unsigned DEFAULT NULL,
  `district_filter` mediumint(8) unsigned DEFAULT NULL,
  `ac_filter` int(10) unsigned DEFAULT NULL,
  `group_filter` varchar(50) COLLATE utf8_unicode_ci DEFAULT NULL,
  `push_type` enum('global','local') COLLATE utf8_unicode_ci DEFAULT 'local',
  `created_on` datetime NOT NULL,
  `status` enum('true','false') COLLATE utf8_unicode_ci NOT NULL DEFAULT 'false',
  PRIMARY KEY (`cron_id`)
) ENGINE=InnoDB AUTO_INCREMENT=59 DEFAULT CHARSET=utf8 COLLATE=utf8_unicode_ci;
/*!40101 SET character_set_client = @saved_cs_client */;

--
-- Dumping data for table `ic_cron`
--

LOCK TABLES `ic_cron` WRITE;
/*!40000 ALTER TABLE `ic_cron` DISABLE KEYS */;
INSERT INTO `ic_cron` VALUES (1,6,3,1,'',NULL,NULL,0,0,0,NULL,'global','2019-05-01 09:36:23','true'),(2,5,4,10,'',NULL,NULL,6,0,0,NULL,'global','2019-05-01 10:02:07','true'),(3,6,4,10,'',NULL,NULL,6,0,0,NULL,'global','2019-05-01 10:23:00','true'),(4,2,3,1,'',NULL,NULL,NULL,NULL,0,NULL,'local','2019-05-01 10:31:48','true'),(5,6,5,10,'',NULL,NULL,6,0,0,NULL,'global','2019-05-01 10:39:17','true'),(6,6,6,10,'',NULL,NULL,6,0,0,NULL,'global','2019-05-01 10:43:51','true'),(7,6,7,10,'',NULL,NULL,6,0,0,NULL,'global','2019-05-01 10:52:00','true'),(8,6,8,10,'',NULL,NULL,6,0,0,NULL,'global','2019-05-01 11:08:54','true'),(9,6,9,10,'',NULL,NULL,6,0,0,NULL,'global','2019-05-01 11:20:43','true'),(10,5,9,10,'',NULL,NULL,0,0,0,'3','global','2019-05-01 11:25:09','true'),(11,6,10,10,'',NULL,NULL,6,0,0,NULL,'global','2019-05-01 11:26:12','true'),(12,6,11,10,'',NULL,NULL,6,0,0,NULL,'global','2019-05-01 11:28:46','true'),(13,1,NULL,10,'','test','नमस्ते\r\n',0,0,0,'3','global','2019-05-01 11:38:34','true'),(14,6,12,10,'',NULL,NULL,6,0,0,NULL,'global','2019-05-01 11:39:33','true'),(15,1,NULL,10,'','testing','testing',0,0,0,'3','global','2019-05-01 11:44:03','true'),(16,1,NULL,10,'145,146','qwqwe','eqw',0,0,0,'3','global','2019-05-01 11:47:32','true'),(17,1,NULL,10,'','test','test',0,0,0,'3','global','2019-05-01 11:49:07','true'),(18,6,4,10,'',NULL,NULL,0,0,0,'3','global','2019-05-01 12:57:23','true'),(19,6,5,10,'',NULL,NULL,0,0,0,NULL,'global','2019-05-01 13:44:37','true'),(20,5,12,10,'',NULL,NULL,0,0,0,NULL,'global','2019-05-01 13:46:39','true'),(21,1,NULL,10,'','tew','rre',0,0,0,'3','global','2019-05-01 13:52:03','true'),(22,2,4,10,'',NULL,NULL,0,0,0,'3','local','2019-05-01 13:53:00','true'),(23,2,4,10,'',NULL,NULL,0,0,0,'3','local','2019-05-01 14:24:20','true'),(24,2,11,10,'','test','test',0,0,0,'3','global','2019-05-01 14:26:10','true'),(25,2,12,10,'','test','test',0,0,0,'3','global','2019-05-01 14:29:17','true'),(26,2,13,10,'','test','test',0,0,0,'3','global','2019-05-01 14:37:17','true'),(27,6,6,1,'',NULL,NULL,10,0,0,NULL,'global','2019-05-02 06:45:53','true'),(28,5,20,1,'',NULL,NULL,0,0,0,NULL,'global','2019-05-03 10:20:30','true'),(29,5,21,1,'',NULL,NULL,10,0,0,NULL,'global','2019-05-04 08:03:58','true'),(30,5,23,1,'',NULL,NULL,0,0,0,NULL,'global','2019-05-07 09:26:48','true'),(31,6,7,1,'',NULL,NULL,0,0,0,NULL,'global','2019-05-07 10:02:37','true'),(32,2,3,10,'',NULL,NULL,0,0,0,NULL,'local','2019-05-07 14:34:57','true'),(33,5,39,12,'',NULL,NULL,0,0,0,NULL,'global','2019-05-08 10:40:00','true'),(34,5,40,12,'',NULL,NULL,0,0,0,NULL,'global','2019-05-08 11:28:38','true'),(35,2,3,10,'',NULL,NULL,0,0,0,NULL,'local','2019-05-09 13:22:55','true'),(36,2,3,10,'',NULL,NULL,0,0,0,NULL,'local','2019-05-10 07:19:23','true'),(37,2,3,10,'',NULL,NULL,0,0,0,NULL,'local','2019-05-10 07:33:47','true'),(38,2,3,10,'',NULL,NULL,0,0,0,NULL,'local','2019-05-10 15:17:38','true'),(39,6,8,1,'',NULL,NULL,0,0,0,NULL,'global','2019-05-10 15:29:42','true'),(40,5,70,1,'',NULL,NULL,0,0,0,NULL,'global','2019-08-16 14:19:20','true'),(41,5,71,1,'',NULL,NULL,0,0,0,NULL,'global','2019-08-16 14:37:53','true'),(42,2,14,1,'','Organise 2 \'Youth in Politics Chaupal\' in your region','Organise 2 \'Youth in Politics Chaupal\' in your region',0,0,0,NULL,'global','2019-08-16 16:35:22','true'),(43,2,14,1,'',NULL,NULL,0,0,0,NULL,'local','2019-08-16 16:36:54','true'),(44,6,9,1,'',NULL,NULL,0,0,0,NULL,'global','2019-08-18 12:43:52','true'),(45,2,14,1,'',NULL,NULL,0,0,0,NULL,'local','2019-08-18 12:46:51','true'),(46,2,3,14,'',NULL,NULL,0,0,0,NULL,'local','2019-08-28 16:51:04','true'),(47,2,4,14,'',NULL,NULL,0,0,0,NULL,'local','2019-08-28 16:51:57','true'),(48,2,3,14,'',NULL,NULL,0,0,0,NULL,'local','2019-08-28 18:09:24','true'),(49,2,4,14,'',NULL,NULL,0,0,0,NULL,'local','2019-08-28 18:09:52','true'),(50,2,3,14,'',NULL,NULL,0,0,0,NULL,'local','2019-08-29 12:48:37','true'),(51,2,8,14,'',NULL,NULL,0,0,0,NULL,'local','2019-08-29 12:52:21','true'),(52,2,3,14,'',NULL,NULL,NULL,NULL,0,NULL,'local','2019-08-29 17:18:59','true'),(53,5,115,1,'',NULL,NULL,0,0,0,NULL,'global','2019-08-31 14:17:29','true'),(54,5,127,1,'',NULL,NULL,0,0,0,NULL,'global','2019-09-05 16:36:05','true'),(55,2,3,1,'',NULL,NULL,0,0,0,NULL,'local','2019-09-10 17:21:47','true'),(56,2,10,1,'',NULL,NULL,0,0,0,'2','local','2019-09-10 17:22:08','true'),(57,5,128,1,'',NULL,NULL,0,0,0,NULL,'global','2019-09-27 08:54:05','true'),(58,5,129,1,NULL,NULL,NULL,7,848,563,NULL,'global','2020-01-18 14:40:57','false');
/*!40000 ALTER TABLE `ic_cron` ENABLE KEYS */;
UNLOCK TABLES;

--
-- Table structure for table `ic_district`
--

DROP TABLE IF EXISTS `ic_district`;
/*!40101 SET @saved_cs_client     = @@character_set_client */;
/*!40101 SET character_set_client = utf8 */;
CREATE TABLE `ic_district` (
  `district_id` int(1) unsigned NOT NULL AUTO_INCREMENT,
  `state_id` tinyint(1) unsigned NOT NULL,
  `district_name_en` varchar(100) COLLATE utf8_unicode_ci NOT NULL,
  `district_name_hi` varchar(100) COLLATE utf8_unicode_ci DEFAULT NULL,
  PRIMARY KEY (`district_id`),
  KEY `state_id` (`state_id`),
  CONSTRAINT `ic_district_ibfk_1` FOREIGN KEY (`state_id`) REFERENCES `ic_state` (`state_id`) ON DELETE CASCADE ON UPDATE CASCADE
) ENGINE=InnoDB AUTO_INCREMENT=1405 DEFAULT CHARSET=utf8 COLLATE=utf8_unicode_ci;
/*!40101 SET character_set_client = @saved_cs_client */;

--
-- Dumping data for table `ic_district`
--

LOCK TABLES `ic_district` WRITE;
/*!40000 ALTER TABLE `ic_district` DISABLE KEYS */;
INSERT INTO `ic_district` VALUES (703,29,' - ',NULL),(704,31,'Adilabad',NULL),(705,20,'Agar Malwa',NULL),(706,33,'Agra',NULL),(707,12,'Ahmedabad',NULL),(708,21,'Ahmednagar',NULL),(709,23,'AIZAWL',NULL),(710,28,'AJMER',NULL),(711,21,'Akola',NULL),(712,18,'Alappuzha',NULL),(713,33,'Aligarh',NULL),(714,35,'Alipurduar',NULL),(715,20,'Alirajpur',NULL),(716,33,'Allahabad',NULL),(717,34,'Almora',NULL),(718,28,'ALWAR',NULL),(719,13,'Ambala',NULL),(720,33,'Ambedkar Nagar',NULL),(721,33,'Amethi',NULL),(722,21,'Amravati',NULL),(723,12,'Amreli',NULL),(724,27,'Amritsar',NULL),(725,33,'Amroha',NULL),(726,12,'Anand',NULL),(727,2,'Anantapur',NULL),(728,15,'ANANTNAG',NULL),(729,25,'Angul',NULL),(730,3,'ANJAW',NULL),(731,20,'Anuppur',NULL),(732,5,'Araria',NULL),(733,30,'ARIYALUR',NULL),(734,12,'Arvalli',NULL),(735,5,'Arwal',NULL),(736,20,'Ashok Nagar',NULL),(737,33,'Auraiya',NULL),(738,5,'Aurangabad',NULL),(739,33,'Azamgarh',NULL),(740,17,'B.B.M.P(CENTRAL) ',NULL),(741,17,'B.B.M.P(NORTH) ',NULL),(742,17,'B.B.M.P(SOUTH) ',NULL),(743,17,'BAGALKOT ',NULL),(744,34,'Bageshwar',NULL),(745,33,'Baghpat',NULL),(746,33,'Baharaich',NULL),(747,4,'BAKSA',NULL),(748,20,'Balaghat',NULL),(749,25,'Balasore',NULL),(750,33,'Ballia',NULL),(751,7,'Balod',NULL),(752,7,'Baloda Bazar',NULL),(753,7,'Balrampur',NULL),(754,12,'Banaskantha',NULL),(755,33,'Banda',NULL),(756,15,'BANDIPUR',NULL),(757,17,'BANGALORE RURAL ',NULL),(758,17,'BANGALORE URBAN ',NULL),(759,5,'Banka',NULL),(760,35,'Bankura',NULL),(761,28,'BANSWARA',NULL),(762,33,'Barabanki',NULL),(763,25,'Baragarh',NULL),(764,15,'BARAMULLA',NULL),(765,28,'BARAN',NULL),(766,33,'Bareilly',NULL),(767,28,'BARMER',NULL),(768,27,'Barnala',NULL),(769,4,'BARPETA',NULL),(770,20,'Barwani',NULL),(771,7,'Bastar',NULL),(772,33,'Basti',NULL),(773,27,'Bathinda',NULL),(774,21,'Beed',NULL),(775,5,'Begusarai',NULL),(776,17,'BELGAUM ',NULL),(777,17,'BELLARY ',NULL),(778,7,'Bemetara',NULL),(779,20,'Betul',NULL),(780,31,'Bhadradri',NULL),(781,25,'Bhadrak',NULL),(782,5,'Bhagalpur',NULL),(783,21,'Bhandara',NULL),(784,28,'BHARATPUR',NULL),(785,12,'Bharuch',NULL),(786,12,'Bhavnagar',NULL),(787,28,'BHILWARA',NULL),(788,20,'Bhind',NULL),(789,13,'Bhiwani',NULL),(790,5,'Bhojpur',NULL),(791,20,'Bhopal',NULL),(792,17,'BIDAR ',NULL),(793,7,'Bijapur',NULL),(794,33,'Bijnor',NULL),(795,28,'BIKANER',NULL),(796,7,'Bilaspur',NULL),(797,35,'Birbhum',NULL),(798,4,'BISWANATH',NULL),(799,16,'Bokaro',NULL),(800,25,'Bolangir',NULL),(801,4,'BONGAIGAON',NULL),(802,12,'Botad',NULL),(803,25,'Boudh',NULL),(804,33,'Budaun',NULL),(805,15,'BUDGAM',NULL),(806,33,'Bulandsahar',NULL),(807,21,'Buldhana',NULL),(808,28,'BUNDI',NULL),(809,20,'Burhanpur',NULL),(810,5,'Buxar',NULL),(811,4,'CACHAR',NULL),(812,10,'CENTRAL                       ',NULL),(813,17,'CHAMARAJNAGAR ',NULL),(814,14,'CHAMBA',NULL),(815,34,'Chamoli',NULL),(816,34,'Champawat',NULL),(817,23,'CHAMPHAI',NULL),(818,33,'Chandauli',NULL),(819,6,'CHANDIGARH',NULL),(820,21,'Chandrapur',NULL),(821,3,'CHANGLANG',NULL),(822,4,'CHARAIDEO',NULL),(823,13,'Charkhi Dadri',NULL),(824,16,'Chatra',NULL),(825,30,'CHENNAI',NULL),(826,20,'Chhatarpur',NULL),(827,20,'Chhindwara',NULL),(828,12,'Chhotaudepur',NULL),(829,17,'CHIKKABALLAPUR ',NULL),(830,17,'CHIKMAGALUR ',NULL),(831,4,'CHIRANG',NULL),(832,17,'CHITRADURGA ',NULL),(833,33,'Chitrakoot',NULL),(834,2,'Chittoor',NULL),(835,28,'CHITTORGARH',NULL),(836,28,'CHURU',NULL),(837,30,'COIMBATORE',NULL),(838,35,'Coochbehar',NULL),(839,30,'CUDDALORE',NULL),(840,25,'Cuttack',NULL),(841,8,'Dadra and Nagar Haveli.',NULL),(842,12,'Dahod',NULL),(843,35,'Dakshin Dinajpur',NULL),(844,17,'DAKSHINA KANNADA ',NULL),(845,9,'Daman',NULL),(846,20,'Damoh',NULL),(847,12,'Dangs',NULL),(848,7,'Dantewada (South Bastar)',NULL),(849,5,'Darbhanga',NULL),(850,35,'Darjeeling',NULL),(851,4,'DARRANG',NULL),(852,20,'Datia',NULL),(853,28,'DAUSA',NULL),(854,17,'DAVANGERE ',NULL),(855,34,'Dehradun',NULL),(856,25,'Deogarh',NULL),(857,16,'Deoghar',NULL),(858,33,'Deoria',NULL),(859,12,'Devbhumi Dwarka',NULL),(860,20,'Dewas',NULL),(861,32,'Dhalai',NULL),(862,7,'Dhamtari',NULL),(863,16,'Dhanbad',NULL),(864,20,'Dhar',NULL),(865,30,'DHARMAPURI',NULL),(866,17,'DHARWAD ',NULL),(867,4,'DHEMAJI',NULL),(868,25,'Dhenkanal',NULL),(869,28,'DHOLPUR',NULL),(870,4,'DHUBRI',NULL),(871,21,'Dhule',NULL),(872,4,'DIBRUGARH',NULL),(873,4,'DIMA HASAO',NULL),(874,24,'Dimapur',NULL),(875,30,'DINDIGUL',NULL),(876,20,'Dindori',NULL),(877,9,'Diu',NULL),(878,15,'DODA',NULL),(879,16,'Dumka',NULL),(880,28,'DUNGARPUR',NULL),(881,7,'Durg',NULL),(882,10,'EAST                          ',NULL),(883,29,'EAST DISTRICT',NULL),(884,22,'EAST GARO HILLS',NULL),(885,2,'East Godavari',NULL),(886,22,'EAST JAINTIA HILLS',NULL),(887,3,'EAST KAMENG',NULL),(888,22,'EAST KHASI HILLS',NULL),(889,3,'EAST SIANG',NULL),(890,16,'East Singhbhum',NULL),(891,18,'Ernakulam',NULL),(892,30,'ERODE',NULL),(893,33,'Etah',NULL),(894,33,'Etawah',NULL),(895,33,'Faizabad',NULL),(896,13,'Faridabad',NULL),(897,27,'Faridkot',NULL),(898,33,'Farrukhabad',NULL),(899,13,'Fatehabad',NULL),(900,27,'Fatehgarh Sahib',NULL),(901,33,'Fatehpur',NULL),(902,27,'Fazilka',NULL),(903,33,'Firozabad',NULL),(904,27,'Firozpur',NULL),(905,17,'GADAG',NULL),(906,21,'Gadchiroli',NULL),(907,25,'Gajapati',NULL),(908,15,'GANDERBAL',NULL),(909,12,'Gandhinagar',NULL),(910,28,'GANGANAGAR',NULL),(911,25,'Ganjam',NULL),(912,16,'Garhwa',NULL),(913,7,'Gariyaband',NULL),(914,33,'Gautam Buddha Nagar',NULL),(915,5,'Gaya',NULL),(916,33,'Ghaziabad',NULL),(917,33,'Ghazipur',NULL),(918,12,'Gir Somnath',NULL),(919,16,'Giridih',NULL),(920,4,'GOALPARA',NULL),(921,16,'Godda',NULL),(922,4,'GOLAGHAT',NULL),(923,32,'Gomati',NULL),(924,33,'Gonda',NULL),(925,21,'Gondiya',NULL),(926,5,'Gopalganj',NULL),(927,33,'Gorakhpur',NULL),(928,17,'GULBARGA',NULL),(929,16,'Gumla',NULL),(930,20,'Guna',NULL),(931,2,'Guntur',NULL),(932,27,'Gurdaspur',NULL),(933,13,'Gurgaon',NULL),(934,20,'Gwalior',NULL),(935,4,'HAILAKANDI',NULL),(936,14,'HAMIRPUR',NULL),(937,28,'HANUMANGARH',NULL),(938,33,'Hapur',NULL),(939,20,'Harda',NULL),(940,33,'Hardoi',NULL),(941,34,'Hardwar',NULL),(942,17,'HASSAN ',NULL),(943,33,'Hathras',NULL),(944,17,'HAVERI ',NULL),(945,16,'Hazaribagh',NULL),(946,21,'Hingoli',NULL),(947,13,'Hisar',NULL),(948,4,'HOJAI',NULL),(949,35,'Hooghly',NULL),(950,20,'Hoshangabad',NULL),(951,27,'Hoshiarpur',NULL),(952,35,'Howrah',NULL),(953,31,'Hyderabad',NULL),(954,18,'Idukki',NULL),(955,20,'Indore',NULL),(956,20,'Jabalpur',NULL),(957,25,'Jagatsinghpur',NULL),(958,31,'Jagtial',NULL),(959,28,'JAIPUR',NULL),(960,28,'JAISALMER',NULL),(961,25,'Jajpur',NULL),(962,27,'Jalandhar',NULL),(963,33,'Jalaun',NULL),(964,21,'Jalgaon',NULL),(965,21,'Jalna',NULL),(966,28,'JALORE',NULL),(967,35,'Jalpaiguri',NULL),(968,15,'JAMMU',NULL),(969,12,'Jamnagar',NULL),(970,16,'Jamtara',NULL),(971,5,'Jamui',NULL),(972,31,'Jangaon',NULL),(973,7,'Janjgir-Champa',NULL),(974,7,'Jashpur',NULL),(975,33,'Jaunpur',NULL),(976,31,'Jayashankar Bhupalpalle',NULL),(977,5,'Jehanabad',NULL),(978,20,'Jhabua',NULL),(979,13,'Jhajjar',NULL),(980,28,'JHALAWAR',NULL),(981,33,'Jhansi',NULL),(982,35,'Jhargram',NULL),(983,25,'Jharsuguda',NULL),(984,28,'JHUNJHUNU     ',NULL),(985,13,'Jind',NULL),(986,28,'JODHPUR',NULL),(987,31,'Jogulamba Gadwal',NULL),(988,4,'JORHAT',NULL),(989,12,'Junagadh',NULL),(990,7,'Kabirdham (Kawardha)',NULL),(991,12,'Kachchh',NULL),(992,2,'Kadapa',NULL),(993,5,'Kaimur (Bhabua)',NULL),(994,13,'Kaithal',NULL),(995,25,'Kalahandi',NULL),(996,35,'Kalimpong',NULL),(997,31,'Kamareddy',NULL),(998,3,'Kamle',NULL),(999,4,'KAMRUP',NULL),(1000,4,'KAMRUP (METRO)',NULL),(1001,30,'KANCHEEPURAM',NULL),(1002,25,'Kandhamal',NULL),(1003,14,'KANGRA',NULL),(1004,7,'Kanker (North Bastar)',NULL),(1005,33,'Kannauj',NULL),(1006,30,'KANNIYAKUMARI',NULL),(1007,18,'Kannur',NULL),(1008,33,'Kanpur Dehat',NULL),(1009,33,'Kanpur Nagar',NULL),(1010,27,'Kapurthala',NULL),(1011,26,'Karaikal',NULL),(1012,28,'KARAULI',NULL),(1013,4,'KARBI ANGLONG',NULL),(1014,15,'KARGIL',NULL),(1015,4,'KARIMGANJ',NULL),(1016,31,'Karimnagar',NULL),(1017,13,'Karnal',NULL),(1018,30,'KARUR',NULL),(1019,18,'Kasaragod',NULL),(1020,33,'Kasganj',NULL),(1021,15,'KATHUA',NULL),(1022,5,'Katihar',NULL),(1023,20,'Katni',NULL),(1024,33,'Kaushambi',NULL),(1025,25,'Kendarapara',NULL),(1026,25,'Keonjhar',NULL),(1027,5,'Khagaria',NULL),(1028,31,'Khammam',NULL),(1029,20,'Khandwa',NULL),(1030,20,'Khargone',NULL),(1031,12,'Kheda',NULL),(1032,33,'Kheri',NULL),(1033,32,'Khowai',NULL),(1034,16,'Khunti',NULL),(1035,25,'Khurda',NULL),(1036,14,'KINNAUR',NULL),(1037,24,'Kiphire',NULL),(1038,5,'Kishanganj',NULL),(1039,15,'KISHTWAR',NULL),(1040,17,'KODAGU ',NULL),(1041,16,'Kodarma',NULL),(1042,24,'Kohima',NULL),(1043,4,'KOKRAJHAR',NULL),(1044,17,'KOLAR',NULL),(1045,23,'KOLASIB',NULL),(1046,21,'Kolhapur',NULL),(1047,35,'Kolkata Corporation',NULL),(1048,18,'Kollam',NULL),(1049,7,'Kondagaon',NULL),(1050,17,'KOPPAL ',NULL),(1051,25,'Koraput',NULL),(1052,7,'Korba',NULL),(1053,7,'Korea (Koriya)',NULL),(1054,28,'KOTA',NULL),(1055,18,'Kottayam',NULL),(1056,18,'Kozhikode',NULL),(1057,3,'Kra Daadi',NULL),(1058,2,'Krishna',NULL),(1059,30,'KRISHNAGIRI',NULL),(1060,15,'KULGAM',NULL),(1061,14,'KULLU',NULL),(1062,31,'Kumarambheem Asifabad',NULL),(1063,15,'KUPWARA',NULL),(1064,2,'Kurnool',NULL),(1065,13,'Kurukshetra',NULL),(1066,3,'KURUNG KUMEY',NULL),(1067,33,'Kushinagar',NULL),(1068,14,'LAHAUL & SPITI',NULL),(1069,4,'LAKHIMPUR',NULL),(1070,5,'Lakhisarai',NULL),(1071,19,'Lakshadweep',NULL),(1072,33,'Lalitpur',NULL),(1073,16,'Latehar',NULL),(1074,21,'Latur',NULL),(1075,23,'LAWNGTLAI',NULL),(1076,15,'LEH',NULL),(1077,16,'Lohardaga',NULL),(1078,3,'LOHIT',NULL),(1079,3,'LONGDING',NULL),(1080,24,'Longleng',NULL),(1081,3,'LOWER DIBANG VALLEY',NULL),(1082,3,'LOWER SIANG',NULL),(1083,3,'LOWER SUBANSIRI',NULL),(1084,33,'Lucknow',NULL),(1085,27,'Ludhiana',NULL),(1086,23,'LUNGLEI',NULL),(1087,5,'Madhepura',NULL),(1088,5,'Madhubani',NULL),(1089,30,'MADURAI',NULL),(1090,31,'Mahabubabad',NULL),(1091,31,'Mahabubnagar',NULL),(1092,33,'Maharajganj',NULL),(1093,7,'Mahasamund',NULL),(1094,26,'Mahe',NULL),(1095,13,'Mahendragarh',NULL),(1096,12,'Mahesana',NULL),(1097,12,'Mahisagar',NULL),(1098,33,'Mahoba',NULL),(1099,33,'Mainpuri',NULL),(1100,4,'MAJULI',NULL),(1101,18,'Malappuram',NULL),(1102,35,'Malda',NULL),(1103,25,'Malkangiri',NULL),(1104,23,'MAMIT',NULL),(1105,31,'Mancherial',NULL),(1106,14,'MANDI',NULL),(1107,20,'Mandla',NULL),(1108,20,'Mandsour',NULL),(1109,17,'MANDYA ',NULL),(1110,27,'Mansa',NULL),(1111,33,'Mathura',NULL),(1112,33,'Mau',NULL),(1113,25,'Mayurabhanja',NULL),(1114,31,'Medak',NULL),(1115,31,'Medchal Malkajgiri',NULL),(1116,33,'Meerut',NULL),(1117,13,'Mewat',NULL),(1118,33,'Mirzapur',NULL),(1119,27,'Moga',NULL),(1120,24,'Mokokchung',NULL),(1121,24,'Mon',NULL),(1122,33,'Moradabad',NULL),(1123,12,'Morbi',NULL),(1124,20,'Morena',NULL),(1125,4,'MORIGAON',NULL),(1126,21,'Mumbai City',NULL),(1127,21,'Mumbai Suburban',NULL),(1128,7,'Mungeli',NULL),(1129,5,'Munger',NULL),(1130,35,'Murshidabad',NULL),(1131,33,'Muzaffarnagar',NULL),(1132,5,'Muzaffarpur',NULL),(1133,17,'MYSORE ',NULL),(1134,35,'Nadia',NULL),(1135,4,'NAGAON',NULL),(1136,30,'NAGAPATTINAM',NULL),(1137,31,'Nagarkurnool',NULL),(1138,28,'NAGAUR',NULL),(1139,21,'Nagpur',NULL),(1140,34,'Nainital',NULL),(1141,5,'Nalanda',NULL),(1142,4,'NALBARI',NULL),(1143,31,'Nalgonda',NULL),(1144,30,'NAMAKKAL',NULL),(1145,3,'NAMSAI',NULL),(1146,21,'Nanded',NULL),(1147,21,'Nandurabar',NULL),(1148,7,'Narayanpur',NULL),(1149,12,'Narmada',NULL),(1150,20,'Narsingpur',NULL),(1151,21,'Nashik',NULL),(1152,12,'Navsari',NULL),(1153,5,'Nawada',NULL),(1154,25,'Nayagarh',NULL),(1155,20,'Neemuch',NULL),(1156,2,'Nellore ',NULL),(1157,10,'NEW DELHI                     ',NULL),(1158,1,'Nicobar',NULL),(1159,31,'Nirmal',NULL),(1160,31,'Nizamabad',NULL),(1161,10,'NORTH                         ',NULL),(1162,35,'North 24-Parganas',NULL),(1163,1,'North and Middle Andaman',NULL),(1164,29,'NORTH DISTRICT',NULL),(1165,10,'NORTH EAST                    ',NULL),(1166,22,'NORTH GARO HILLS',NULL),(1167,11,'North Goa',NULL),(1168,32,'North Tripura',NULL),(1169,10,'NORTH WEST                    ',NULL),(1170,25,'Nowrangpur',NULL),(1171,25,'Nuapada',NULL),(1172,21,'Osmanabad',NULL),(1173,16,'Pakur',NULL),(1174,18,'Palakkad',NULL),(1175,16,'Palamu',NULL),(1176,21,'Palghar',NULL),(1177,28,'PALI',NULL),(1178,13,'Palwal',NULL),(1179,13,'Panchkula',NULL),(1180,12,'Panchmahal',NULL),(1181,13,'Panipat',NULL),(1182,20,'Panna',NULL),(1183,3,'PAPUM PARE',NULL),(1184,21,'Parbhani',NULL),(1185,35,'Paschim Bardhaman',NULL),(1186,5,'Paschim Champaran',NULL),(1187,35,'Pashchim Medinipur',NULL),(1188,12,'Patan',NULL),(1189,18,'Pathanamthitta',NULL),(1190,27,'Pathankot',NULL),(1191,27,'Patiala',NULL),(1192,5,'Patna',NULL),(1193,34,'Pauri Garhwal',NULL),(1194,31,'Peddapalli',NULL),(1195,30,'PERAMBALUR',NULL),(1196,24,'Peren',NULL),(1197,24,'Phek',NULL),(1198,33,'PILIBHIT',NULL),(1199,34,'Pithoragarh',NULL),(1200,15,'POONCH',NULL),(1201,12,'Porbandar',NULL),(1202,2,'Prakasam',NULL),(1203,28,'PRATAPGARH',NULL),(1204,26,'Puducherry',NULL),(1205,30,'PUDUKKOTTAI',NULL),(1206,24,'Pughoboto',NULL),(1207,15,'PULWAMA',NULL),(1208,21,'Pune',NULL),(1209,35,'Purba Bardhaman',NULL),(1210,35,'Purbo Medinipur',NULL),(1211,25,'Puri',NULL),(1212,5,'Purnia',NULL),(1213,35,'Purulia',NULL),(1214,5,'Purvi Champaran',NULL),(1215,33,'Rae Bareli',NULL),(1216,17,'RAICHUR ',NULL),(1217,21,'Raigad',NULL),(1218,7,'Raigarh',NULL),(1219,7,'Raipur',NULL),(1220,20,'Raisen',NULL),(1221,31,'Rajanna Sircilla',NULL),(1222,15,'RAJAURI',NULL),(1223,20,'Rajgarh',NULL),(1224,12,'Rajkot',NULL),(1225,7,'Rajnandgaon',NULL),(1226,28,'RAJSAMAND',NULL),(1227,17,'RAMANAGARAM ',NULL),(1228,30,'RAMANATHAPURAM',NULL),(1229,15,'RAMBAN',NULL),(1230,16,'Ramgarh',NULL),(1231,33,'Rampur',NULL),(1232,16,'Ranchi',NULL),(1233,31,'Rangareddy',NULL),(1234,20,'Ratlam',NULL),(1235,21,'Ratnagiri',NULL),(1236,25,'Rayagada',NULL),(1237,15,'REASI',NULL),(1238,20,'Rewa',NULL),(1239,13,'Rewari',NULL),(1240,22,'RI BHOI',NULL),(1241,13,'Rohtak',NULL),(1242,5,'Rohtas',NULL),(1243,34,'Rudraprayag',NULL),(1244,27,'Rupnagar',NULL),(1245,12,'Sabarkantha',NULL),(1246,20,'Sagar',NULL),(1247,33,'Saharanpur',NULL),(1248,5,'Saharsa',NULL),(1249,16,'Sahebganj',NULL),(1250,30,'SALEM',NULL),(1251,5,'Samastipur',NULL),(1252,15,'SAMBA',NULL),(1253,25,'Sambalpur',NULL),(1254,33,'Sambhal',NULL),(1255,31,'Sangareddy',NULL),(1256,21,'Sangli',NULL),(1257,27,'Sangrur',NULL),(1258,33,'Sant Kabir Nagar',NULL),(1259,33,'Sant Ravidas Nagar',NULL),(1260,16,'Saraikela- Kharswan',NULL),(1261,5,'Saran',NULL),(1262,21,'Satara',NULL),(1263,20,'Satna',NULL),(1264,28,'SAWAI MADHOPUR',NULL),(1265,20,'Sehore',NULL),(1266,20,'Seoni',NULL),(1267,32,'Sepahijala',NULL),(1268,23,'SERCHHIP',NULL),(1269,10,'SHAHDARA',NULL),(1270,20,'Shahdol',NULL),(1271,27,'Shahibzada Ajit Singh Nagar',NULL),(1272,27,'Shahid Bhagat Singh Nagar',NULL),(1273,33,'Shahjahanpur',NULL),(1274,20,'Shajapur',NULL),(1275,33,'Shamli',NULL),(1276,5,'Sheikhpura',NULL),(1277,5,'Sheohar',NULL),(1278,20,'Sheopur',NULL),(1279,14,'SHIMLA',NULL),(1280,17,'SHIMOGA ',NULL),(1281,20,'Shivpuri',NULL),(1282,15,'SHOPIAN',NULL),(1283,33,'Shrawasti',NULL),(1284,23,'SIAHA',NULL),(1285,3,'SIANG',NULL),(1286,33,'Siddharthnagar',NULL),(1287,31,'Siddipet',NULL),(1288,20,'Sidhi',NULL),(1289,28,'SIKAR',NULL),(1290,16,'Simdega',NULL),(1291,21,'Sindhudurg',NULL),(1292,20,'Singrauli ',NULL),(1293,14,'SIRMOUR',NULL),(1294,28,'SIROHI',NULL),(1295,13,'Sirsa',NULL),(1296,5,'Sitamarhi',NULL),(1297,33,'Sitapur',NULL),(1298,30,'SIVAGANGA',NULL),(1299,4,'SIVASAGAR',NULL),(1300,5,'Siwan',NULL),(1301,14,'SOLAN',NULL),(1302,21,'Solapur',NULL),(1303,33,'Sonbhadra',NULL),(1304,13,'Sonipat',NULL),(1305,4,'SONITPUR',NULL),(1306,10,'SOUTH                         ',NULL),(1307,35,'South 24-Parganas',NULL),(1308,1,'South Andaman',NULL),(1309,29,'SOUTH DISTRICT',NULL),(1310,22,'SOUTH GARO HILLS',NULL),(1311,11,'South Goa',NULL),(1312,4,'SOUTH SALMARA MANKACHAR',NULL),(1313,32,'South Tripura',NULL),(1314,10,'SOUTH WEST                    ',NULL),(1315,22,'SOUTH WEST GARO HILLS',NULL),(1316,22,'SOUTH WEST KHASI HILLS',NULL),(1317,10,'SOUTH-EAST',NULL),(1318,27,'Sri Muktsar Sahib',NULL),(1319,2,'Srikakulam',NULL),(1320,15,'SRINAGAR',NULL),(1321,25,'Subaranapur',NULL),(1322,7,'Sukma',NULL),(1323,33,'Sultanpur',NULL),(1324,25,'Sundargarh',NULL),(1325,5,'Supaul',NULL),(1326,7,'Surajpur',NULL),(1327,12,'Surat',NULL),(1328,12,'Surendranagar',NULL),(1329,7,'Surguja',NULL),(1330,31,'Suryapet',NULL),(1331,12,'TAPI',NULL),(1332,27,'TarnTaran',NULL),(1333,3,'TAWANG',NULL),(1334,34,'Tehri Garhwal',NULL),(1335,21,'Thane',NULL),(1336,30,'THANJAVUR',NULL),(1337,30,'THE NILGIRIS',NULL),(1338,30,'THENI',NULL),(1339,30,'THIRUVALLUR',NULL),(1340,18,'Thiruvananthapuram',NULL),(1341,30,'THIRUVARUR',NULL),(1342,30,'THOOTHUKKUDI',NULL),(1343,18,'Thrissur',NULL),(1344,20,'Tikamgarh',NULL),(1345,4,'TINSUKIA',NULL),(1346,3,'TIRAP',NULL),(1347,30,'TIRUCHIRAPPALLI',NULL),(1348,30,'TIRUNELVELI',NULL),(1349,30,'TIRUPPUR',NULL),(1350,30,'TIRUVANNAMALAI',NULL),(1351,28,'TONK',NULL),(1352,24,'Tuensang',NULL),(1353,17,'TUMKUR ',NULL),(1354,28,'UDAIPUR',NULL),(1355,4,'UDALGURI',NULL),(1356,15,'UDHAMPUR',NULL),(1357,34,'Udhamsingh Nagar',NULL),(1358,17,'UDUPI',NULL),(1359,20,'Ujjain',NULL),(1360,20,'Umaria',NULL),(1361,14,'UNA',NULL),(1362,32,'Unakoti',NULL),(1363,33,'Unnao',NULL),(1364,3,'UPPER DIBANG VALLEY',NULL),(1365,3,'UPPER SIANG',NULL),(1366,3,'UPPER SUBANSIRI',NULL),(1367,35,'Uttar Dinajpur',NULL),(1368,17,'UTTARA KANNADA ',NULL),(1369,34,'Uttarkashi',NULL),(1370,12,'Vadodara',NULL),(1371,5,'Vaishali',NULL),(1372,12,'Valsad',NULL),(1373,33,'Varanasi',NULL),(1374,30,'VELLORE',NULL),(1375,20,'Vidisha',NULL),(1376,31,'Vikarabad',NULL),(1377,30,'VILLUPURAM',NULL),(1378,30,'VIRDHUNAGAR',NULL),(1379,2,'Visakhapatnam',NULL),(1380,2,'Vizianagaram',NULL),(1381,31,'Wanaparthy',NULL),(1382,31,'Warangal Rural',NULL),(1383,31,'Warangal Urban',NULL),(1384,21,'Wardha',NULL),(1385,21,'Washim',NULL),(1386,18,'Wayanad',NULL),(1387,10,'WEST                          ',NULL),(1388,29,'WEST DISTRICT',NULL),(1389,22,'WEST GARO HILLS',NULL),(1390,2,'West Godavari',NULL),(1391,22,'WEST JAINTIA HILLS',NULL),(1392,3,'WEST KAMENG',NULL),(1393,4,'WEST KARBI ANGLONG',NULL),(1394,22,'WEST KHASI HILLS',NULL),(1395,3,'WEST SIANG',NULL),(1396,16,'West Singhbhum',NULL),(1397,32,'West Tripura',NULL),(1398,24,'Wokha',NULL),(1399,31,'Yadadri Bhongiri',NULL),(1400,17,'YADGIR',NULL),(1401,13,'Yamuna Nagar',NULL),(1402,26,'Yanam',NULL),(1403,21,'Yavatmal',NULL),(1404,24,'Zunheboto',NULL);
/*!40000 ALTER TABLE `ic_district` ENABLE KEYS */;
UNLOCK TABLES;

--
-- Table structure for table `ic_event`
--

DROP TABLE IF EXISTS `ic_event`;
/*!40101 SET @saved_cs_client     = @@character_set_client */;
/*!40101 SET character_set_client = utf8 */;
CREATE TABLE `ic_event` (
  `event_id` int(10) unsigned NOT NULL AUTO_INCREMENT,
  `event_title_en` varchar(255) COLLATE utf8_unicode_ci NOT NULL,
  `event_title_hi` varchar(255) COLLATE utf8_unicode_ci NOT NULL,
  `event_desc_en` text COLLATE utf8_unicode_ci,
  `event_desc_hi` text COLLATE utf8_unicode_ci,
  `event_organizer` varchar(255) COLLATE utf8_unicode_ci NOT NULL,
  `event_added_by` int(10) unsigned NOT NULL,
  `event_image` varchar(255) COLLATE utf8_unicode_ci DEFAULT NULL,
  `event_time` date NOT NULL,
  `event_location` varchar(255) COLLATE utf8_unicode_ci DEFAULT NULL,
  `latitude` varchar(255) COLLATE utf8_unicode_ci DEFAULT NULL,
  `longitude` varchar(255) COLLATE utf8_unicode_ci DEFAULT NULL,
  `city` varchar(100) COLLATE utf8_unicode_ci DEFAULT NULL,
  `state_filter` smallint(5) unsigned DEFAULT NULL,
  `district_filter` int(10) unsigned DEFAULT NULL,
  `event_status` enum('active','inactive') COLLATE utf8_unicode_ci NOT NULL DEFAULT 'active',
  `created_on` datetime NOT NULL,
  `updated_on` datetime DEFAULT NULL,
  PRIMARY KEY (`event_id`)
) ENGINE=InnoDB AUTO_INCREMENT=4 DEFAULT CHARSET=utf8 COLLATE=utf8_unicode_ci;
/*!40101 SET character_set_client = @saved_cs_client */;

--
-- Dumping data for table `ic_event`
--

LOCK TABLES `ic_event` WRITE;
/*!40000 ALTER TABLE `ic_event` DISABLE KEYS */;
INSERT INTO `ic_event` VALUES (2,'YIP at Nalsar','YIP at Nalsar','<p>Mr Prashant Kishor is the National Vice-President of Janata Dal (United). After spending a decade in the United Nations as a Public Health professional, he moved back to India to mentor the political consultancy groups CAG and I-PAC. He was one of the leading strategists of BJP&#39;s 2014 election campaign and since then, has helped many top leaders including Nitish Kumar and Captain Amarinder Singh in attaining top public offices.<br />\r\n<br />\r\nThe Youth in Politics is an initiative by Prashant and IPAC with an objective to provide a pan-India platform for youth between 18 &amp; 35 years of age to join active electoral politics. In this talk, Prashant will talk about the need for youth to enter active politics and how deserving young candidates can be mentored in getting elected to public offices. He will also be taking questions on Elections in India including the upcoming 2019 General Elections.</p>\r\n','<p>Mr Prashant Kishor is the National Vice-President of Janata Dal (United). After spending a decade in the United Nations as a Public Health professional, he moved back to India to mentor the political consultancy groups CAG and I-PAC. He was one of the leading strategists of BJP&#39;s 2014 election campaign and since then, has helped many top leaders including Nitish Kumar and Captain Amarinder Singh in attaining top public offices.<br />\r\n<br />\r\nThe Youth in Politics is an initiative by Prashant and IPAC with an objective to provide a pan-India platform for youth between 18 &amp; 35 years of age to join active electoral politics. In this talk, Prashant will talk about the need for youth to enter active politics and how deserving young candidates can be mentored in getting elected to public offices. He will also be taking questions on Elections in India including the upcoming 2019 General Elections.</p>\r\n','Mr Prashant Kishor',1,'event/ic_1555664026pk.jpg','2019-04-27','Nalsar, Himachal Pradesh, India','31.5862189','76.95710459999998','Himachal Pradesh',0,0,'active','2019-04-19 08:53:46','2019-05-07 08:34:55'),(3,'In Conversation with Saurabh Dwivedi','In Conversation with Saurabh Dwivedi','<p>It is a long established fact that a reader will be distracted by the readable content of a page when looking at its layout. The point of using Lorem Ipsum is that it has a more-or-less normal distribution of letters, as opposed to using &#39;Content here, content here&#39;, making it look like readable English. Many desktop publishing packages and web page editors now use Lorem Ipsum as their default model text, and a search for &#39;lorem ipsum&#39; will uncover many web sites still in their infancy. Various versions have evolved over the years, sometimes by accident, sometimes on purpose (injected humour and the like).</p>\r\n','<p>It is a long established fact that a reader will be distracted by the readable content of a page when looking at its layout. The point of using Lorem Ipsum is that it has a more-or-less normal distribution of letters, as opposed to using &#39;Content here, content here&#39;, making it look like readable English. Many desktop publishing packages and web page editors now use Lorem Ipsum as their default model text, and a search for &#39;lorem ipsum&#39; will uncover many web sites still in their infancy. Various versions have evolved over the years, sometimes by accident, sometimes on purpose (injected humour and the like).</p>\r\n','Test Name',1,'event/ic_1555664177download.jpeg','2019-05-09','Patna, Bihar, India','25.5940947','85.13756450000005','Bihar',0,0,'active','2019-04-19 08:56:17','2019-04-23 11:01:17');
/*!40000 ALTER TABLE `ic_event` ENABLE KEYS */;
UNLOCK TABLES;

--
-- Table structure for table `ic_event_relation`
--

DROP TABLE IF EXISTS `ic_event_relation`;
/*!40101 SET @saved_cs_client     = @@character_set_client */;
/*!40101 SET character_set_client = utf8 */;
CREATE TABLE `ic_event_relation` (
  `relation_id` int(10) unsigned NOT NULL AUTO_INCREMENT,
  `event_id` int(10) unsigned NOT NULL,
  `user_id` int(10) unsigned NOT NULL,
  `status` enum('pending','going','not going') COLLATE utf8_unicode_ci DEFAULT 'pending',
  `created_on` datetime NOT NULL,
  `updated_on` datetime DEFAULT NULL,
  PRIMARY KEY (`relation_id`),
  KEY `event_id` (`event_id`),
  CONSTRAINT `ic_event_relation_ibfk_1` FOREIGN KEY (`event_id`) REFERENCES `ic_event` (`event_id`) ON DELETE CASCADE ON UPDATE CASCADE
) ENGINE=InnoDB AUTO_INCREMENT=73 DEFAULT CHARSET=utf8 COLLATE=utf8_unicode_ci;
/*!40101 SET character_set_client = @saved_cs_client */;

--
-- Dumping data for table `ic_event_relation`
--

LOCK TABLES `ic_event_relation` WRITE;
/*!40000 ALTER TABLE `ic_event_relation` DISABLE KEYS */;
INSERT INTO `ic_event_relation` VALUES (1,2,107,'going','2019-04-19 09:44:50','2019-04-19 10:52:45'),(2,2,108,'pending','2019-04-19 09:44:50',NULL),(3,2,109,'not going','2019-04-19 09:44:50','2019-05-09 10:42:06'),(4,2,110,'going','2019-04-19 09:44:50','2019-05-07 11:16:15'),(5,2,111,'pending','2019-04-19 09:44:50',NULL),(6,2,117,'going','2019-04-19 09:44:51','2019-04-22 08:27:23'),(7,2,118,'pending','2019-04-19 09:44:51',NULL),(8,2,119,'pending','2019-04-19 09:44:51',NULL),(9,2,120,'pending','2019-04-19 09:44:51',NULL),(10,2,121,'pending','2019-04-19 09:44:51',NULL),(11,2,123,'pending','2019-04-19 09:44:51',NULL),(12,2,124,'pending','2019-04-19 09:44:51',NULL),(13,2,125,'pending','2019-04-19 09:44:51',NULL),(14,2,126,'pending','2019-04-19 09:44:51',NULL),(15,2,127,'pending','2019-04-19 09:44:51',NULL),(16,2,128,'pending','2019-04-19 09:44:51',NULL),(17,2,129,'pending','2019-04-19 09:44:51',NULL),(18,2,130,'pending','2019-04-19 09:44:51',NULL),(19,2,131,'pending','2019-04-19 09:44:51',NULL),(20,2,132,'pending','2019-04-19 09:44:51',NULL),(21,2,133,'pending','2019-04-19 09:44:51',NULL),(22,2,134,'pending','2019-04-19 09:44:52',NULL),(23,2,135,'pending','2019-04-19 09:44:52',NULL),(24,3,107,'pending','2019-04-19 09:50:01',NULL),(25,3,108,'pending','2019-04-19 09:50:02',NULL),(26,3,109,'not going','2019-04-19 09:50:02','2019-05-09 10:41:59'),(27,3,110,'going','2019-04-19 09:50:02','2019-08-29 11:01:29'),(28,3,111,'pending','2019-04-19 09:50:02',NULL),(29,3,117,'pending','2019-04-19 09:50:02',NULL),(30,3,118,'pending','2019-04-19 09:50:02',NULL),(31,3,119,'pending','2019-04-19 09:50:02',NULL),(32,3,120,'pending','2019-04-19 09:50:02',NULL),(33,3,121,'going','2019-04-19 09:50:03','2019-05-07 06:07:49'),(34,3,123,'pending','2019-04-19 09:50:03',NULL),(35,3,124,'pending','2019-04-19 09:50:03',NULL),(36,3,125,'pending','2019-04-19 09:50:03',NULL),(37,3,126,'pending','2019-04-19 09:50:03',NULL),(38,3,127,'pending','2019-04-19 09:50:03',NULL),(39,3,128,'pending','2019-04-19 09:50:03',NULL),(40,3,129,'pending','2019-04-19 09:50:03',NULL),(41,3,130,'pending','2019-04-19 09:50:03',NULL),(42,3,131,'pending','2019-04-19 09:50:03',NULL),(43,3,132,'pending','2019-04-19 09:50:03',NULL),(44,3,133,'pending','2019-04-19 09:50:03',NULL),(45,3,134,'pending','2019-04-19 09:50:04',NULL),(46,3,135,'pending','2019-04-19 09:50:04',NULL),(47,3,153,'going','2019-05-06 10:29:01',NULL),(48,3,141,'going','2019-05-06 10:43:48','2019-05-09 14:23:02'),(49,3,152,'not going','2019-05-07 06:36:37','2019-05-07 06:36:57'),(50,3,155,'not going','2019-05-07 06:38:32','2019-05-08 06:07:57'),(51,2,141,'going','2019-05-07 11:17:27',NULL),(52,3,159,'','2019-05-09 06:22:26','2019-05-09 07:20:40'),(53,3,158,'not going','2019-05-09 11:00:25',NULL),(54,3,165,'not going','2019-05-10 15:03:57',NULL),(55,2,165,'going','2019-05-10 15:03:58',NULL),(56,3,161,'pending','2019-05-10 15:14:00',NULL),(57,3,182,'going','2019-08-11 14:03:16','2019-08-11 14:55:17'),(58,2,182,'going','2019-08-11 14:03:20','2019-08-11 14:55:19'),(59,2,181,'not going','2019-08-11 14:52:21',NULL),(60,3,181,'going','2019-08-11 14:52:24',NULL),(61,3,184,'not going','2019-08-16 19:50:12',NULL),(62,2,184,'not going','2019-08-16 19:51:09',NULL),(63,2,204,'going','2019-08-19 11:30:32','2019-08-19 11:37:33'),(64,3,241,'not going','2019-08-28 19:19:45','2019-08-28 19:29:43'),(65,3,227,'not going','2019-08-29 12:46:53','2019-08-29 15:37:50'),(66,3,178,'going','2019-08-29 16:04:33','2019-09-03 15:02:24'),(67,2,227,'not going','2019-08-29 16:18:20',NULL),(68,3,242,'going','2019-08-29 17:43:44','2019-08-30 17:38:55'),(69,3,217,'going','2019-08-30 11:56:34',NULL),(70,2,217,'going','2019-08-30 11:56:40',NULL),(71,2,242,'going','2019-08-30 16:16:03',NULL),(72,3,247,'going','2019-09-04 12:32:29','2019-09-04 12:32:31');
/*!40000 ALTER TABLE `ic_event_relation` ENABLE KEYS */;
UNLOCK TABLES;

--
-- Table structure for table `ic_event_request`
--

DROP TABLE IF EXISTS `ic_event_request`;
/*!40101 SET @saved_cs_client     = @@character_set_client */;
/*!40101 SET character_set_client = utf8 */;
CREATE TABLE `ic_event_request` (
  `request_id` int(10) unsigned NOT NULL AUTO_INCREMENT,
  `user_id` int(10) unsigned NOT NULL,
  `location_name` varchar(255) COLLATE utf8_unicode_ci NOT NULL,
  `city` varchar(100) COLLATE utf8_unicode_ci NOT NULL,
  `expected_attendes` int(10) unsigned NOT NULL,
  `reason` text COLLATE utf8_unicode_ci,
  `detail` text COLLATE utf8_unicode_ci,
  `status` enum('active','inactive') COLLATE utf8_unicode_ci DEFAULT 'active',
  `created_on` datetime NOT NULL,
  `updated_on` datetime DEFAULT NULL,
  PRIMARY KEY (`request_id`)
) ENGINE=InnoDB AUTO_INCREMENT=29 DEFAULT CHARSET=utf8 COLLATE=utf8_unicode_ci COMMENT='Request to Organize event';
/*!40101 SET character_set_client = @saved_cs_client */;

--
-- Dumping data for table `ic_event_request`
--

LOCK TABLES `ic_event_request` WRITE;
/*!40000 ALTER TABLE `ic_event_request` DISABLE KEYS */;
INSERT INTO `ic_event_request` VALUES (1,108,'Techugo','Noida',1000,'Technology ','Dummy text','active','2019-04-26 07:10:32',NULL),(2,109,'techugo','noida',120,'technical event','Details','active','2019-04-26 09:39:36',NULL),(3,143,'gddgdxh','Duffy',34455555,'hddyufydydy','Hchfhxhchchch hdhdhxhchxhxd hch h h h u u u u u u h u u u u u u u u u. I u u u u u u jjj u u u u u u u u u u u u u u u u u u u u u u u u u u u u u u u u u u u u u u u u u u u u u u u uvoud Yuchi hi u u. U. If he was a new new user and he was a new new guy user and did a good guy job guy and I he did just have the guy job he was just a good job he was just a good job he was just a good job he was just a good job really did not have a ','active','2019-05-01 06:48:41',NULL),(4,109,'new','noida',1340,'drr','Bsskw\nWiwowwkw ekejwose ','active','2019-05-02 07:07:08',NULL),(5,110,'Abc','noida',1200,'kchjck','mbxx\n','active','2019-05-06 12:54:55',NULL),(6,155,'ABS Institute','Abottabad',200,'Because why not?','All good people\n\n\n','active','2019-05-07 06:36:20',NULL),(7,155,'ABS ','Lahore',200,'Because why not','all good people ','active','2019-05-07 06:37:36',NULL),(8,152,'fuffuuxud','cucu',0,'djcudu','Fcjjcjcj\nI\'m ','active','2019-05-07 06:42:25',NULL),(9,141,'hxh','xhhx',0,'hxhx','bxbxbxn','active','2019-05-07 14:31:30',NULL),(10,143,'study','dhdhd',45454,'hdgsd','Ruff','active','2019-05-07 14:58:29',NULL),(11,156,'Abc','noida',1200,'xhx','test','active','2019-05-08 08:42:58',NULL),(12,145,'xggx','dgxg',0,'xggx','Sggsugdigxigxgxixgi kchxhixgixc the same day as I the same day I the same day','active','2019-05-09 06:33:34',NULL),(13,159,'hdf','hdxg',58857,'hdf','Jffjxhx','active','2019-05-09 06:35:05',NULL),(14,155,'ABS ','Delhi',200,'JLT','Gsjs','active','2019-05-09 07:00:18',NULL),(15,109,'ibs','noida',5712,'free','No details','active','2019-05-09 09:00:14',NULL),(16,141,'Dsa','noida',12,'HCFH','Gkskjsg','active','2019-05-09 11:45:16',NULL),(17,141,'adfg','zjgxkg',100,'zjg','Zkhkgz','active','2019-05-09 11:49:18',NULL),(18,160,'hcxh','hc',0,'bcc','Dyhf','active','2019-05-09 13:05:52',NULL),(19,141,'bxbx','uxhd',0,'hxhxb','Hxjxbx','active','2019-05-09 14:23:27',NULL),(20,161,'fuffffudgd','hdxgxgx',0,'hchxhc','Hfchchx','active','2019-05-10 06:57:31',NULL),(21,155,'ghj','ghjk',0,'hsodn','Jsbsndk','active','2019-05-10 08:54:24',NULL),(22,204,'test','patna',0,'test','For testing ','active','2019-08-19 11:29:29',NULL),(23,188,'sgstss','dhsgsgs',0,'hddhd','Dhgshshs','active','2019-08-21 14:12:41',NULL),(24,189,'gdgsgzg','dgdxxxzg',0,'chhxxh','Chhxhxhxhxhdhcvhxgxhxhxhxxhxhxxhchchccjcjcchcc','active','2019-08-21 14:12:56',NULL),(25,226,'fudd','dhd',0,'yydxg','Chc','active','2019-08-23 13:29:14',NULL),(26,110,'UPTU','Noida',500,'knowledge','Zyxyxyxhgncjcmvkvkvkv ncjcjcjçcjcjxjxj hxgxj,hf,ztkzkgzgkzjgxyxktxj,v jnzkgzgk,gk,mg,kggkv, xhxkggkkg,mgmvg,kghkb','active','2019-08-29 10:46:21',NULL),(27,242,'College of engineering University of California Berkeley California','Lakhisarai',70,'I want to participate in Indian politics.','23/09/2019, abhay@yum.com','active','2019-08-29 17:57:30',NULL),(28,244,'Iimt college','qwwee',50,'qwrty','Qerttf','active','2019-09-03 11:12:06',NULL);
/*!40000 ALTER TABLE `ic_event_request` ENABLE KEYS */;
UNLOCK TABLES;

--
-- Table structure for table `ic_frontPost`
--

DROP TABLE IF EXISTS `ic_frontPost`;
/*!40101 SET @saved_cs_client     = @@character_set_client */;
/*!40101 SET character_set_client = utf8 */;
CREATE TABLE `ic_frontPost` (
  `post_id` int(11) unsigned NOT NULL AUTO_INCREMENT,
  `added_by` int(1) unsigned NOT NULL,
  `title_en` varchar(255) COLLATE utf8_unicode_ci DEFAULT NULL,
  `title_hi` varchar(255) COLLATE utf8_unicode_ci DEFAULT NULL,
  `content_en` text COLLATE utf8_unicode_ci,
  `content_hi` text COLLATE utf8_unicode_ci,
  `type` enum('image','video') COLLATE utf8_unicode_ci NOT NULL,
  `media` varchar(255) COLLATE utf8_unicode_ci NOT NULL,
  `video_thumbnail` varchar(255) COLLATE utf8_unicode_ci DEFAULT NULL,
  `created_on` datetime NOT NULL,
  `status` enum('published','unpublished') COLLATE utf8_unicode_ci NOT NULL DEFAULT 'published',
  `updated_by` int(1) unsigned DEFAULT NULL,
  `updated_on` datetime DEFAULT NULL,
  PRIMARY KEY (`post_id`)
) ENGINE=InnoDB AUTO_INCREMENT=9 DEFAULT CHARSET=utf8 COLLATE=utf8_unicode_ci;
/*!40101 SET character_set_client = @saved_cs_client */;

--
-- Dumping data for table `ic_frontPost`
--

LOCK TABLES `ic_frontPost` WRITE;
/*!40000 ALTER TABLE `ic_frontPost` DISABLE KEYS */;
INSERT INTO `ic_frontPost` VALUES (5,1,'Highlights from Delhi YIP Meet','दिल्ली YIP मीट की झलकियां ','','','video','front/fr_1565943951YIPDelhiHighlights.mp4','front/thumb_1565943951.jpg','2019-08-16 13:55:51','published',1,'2019-08-31 13:52:13'),(6,1,'Youth in Politics - Introducing Youth to active electoral Politics','सक्रिय चुनावी राजनीति में  युवा','','','video','front/fr_1565944198IntroducingYouthintoPolitics.mp4','front/thumb_1565944198.jpg','2019-08-16 13:59:58','published',1,'2019-08-31 13:52:55'),(7,1,'Need of the hour - Youth in Politics','Need of the hour - Youth in Politics','','','video','front/fr_1565944341WhatsAppVideo2019-05-01at9.09.43PM.mp4','front/thumb_1565944341.jpg','2019-08-16 14:02:21','published',NULL,NULL),(8,1,'Campaign Tales - Bihar 2015','Campaign Tales - Bihar 2015','','','video','front/fr_1565944424Rishivideo1.mp4','front/thumb_1565944424.jpg','2019-08-16 14:03:44','published',NULL,NULL);
/*!40000 ALTER TABLE `ic_frontPost` ENABLE KEYS */;
UNLOCK TABLES;

--
-- Table structure for table `ic_group`
--

DROP TABLE IF EXISTS `ic_group`;
/*!40101 SET @saved_cs_client     = @@character_set_client */;
/*!40101 SET character_set_client = utf8 */;
CREATE TABLE `ic_group` (
  `group_id` int(10) unsigned NOT NULL AUTO_INCREMENT,
  `group_name` varchar(255) COLLATE utf8_unicode_ci DEFAULT NULL,
  `from_age` int(10) unsigned DEFAULT '0',
  `to_age` int(10) unsigned DEFAULT NULL,
  `state_filter` varchar(100) COLLATE utf8_unicode_ci DEFAULT NULL,
  `district_filter` varchar(100) COLLATE utf8_unicode_ci DEFAULT NULL,
  `acname_filter` int(10) unsigned DEFAULT NULL,
  `gender_filter` varchar(100) COLLATE utf8_unicode_ci DEFAULT NULL,
  `region_filter` varchar(100) COLLATE utf8_unicode_ci DEFAULT NULL,
  `group_admin` int(10) unsigned NOT NULL,
  `group_members` text COLLATE utf8_unicode_ci,
  `created_on` datetime NOT NULL,
  `updated_on` datetime DEFAULT NULL,
  `status` enum('active','inactive') COLLATE utf8_unicode_ci DEFAULT 'active',
  PRIMARY KEY (`group_id`)
) ENGINE=InnoDB AUTO_INCREMENT=9 DEFAULT CHARSET=utf8 COLLATE=utf8_unicode_ci;
/*!40101 SET character_set_client = @saved_cs_client */;

--
-- Dumping data for table `ic_group`
--

LOCK TABLES `ic_group` WRITE;
/*!40000 ALTER TABLE `ic_group` DISABLE KEYS */;
INSERT INTO `ic_group` VALUES (1,'Uttar Pradesh Group',0,0,'33','',0,'','',1,'108,110,129','2019-05-01 09:37:36',NULL,'active'),(2,'Test Group',0,0,'','',0,'','',1,'108,109,110,111,117,119,120,121,123,124,129,130,132,136,137,138,139,140,141,144,145,147,149,150','2019-05-01 09:38:17',NULL,'active'),(3,'Testing 2',20,70,'','',0,'female','',10,'145,146','2019-05-01 11:23:44',NULL,'active'),(4,'Testing',0,0,'','',0,'','',10,'108,109,110,111,117','2019-05-01 13:13:31',NULL,'inactive'),(5,'Testing',0,0,'6','',0,'','',10,'109,117,119,138,141,144,146','2019-05-01 13:15:06',NULL,'inactive'),(6,'Testing',0,0,'5','',0,'','',10,'124,137,139,143,150','2019-05-01 13:15:49',NULL,'inactive'),(7,'Testing 22',3,50,'6','',0,'male','rural',10,'119,144','2019-05-01 13:25:08',NULL,'inactive'),(8,'rajpal',78,7,'2','1064',140,'other','rural',1,NULL,'2020-01-18 15:12:39',NULL,'active');
/*!40000 ALTER TABLE `ic_group` ENABLE KEYS */;
UNLOCK TABLES;

--
-- Table structure for table `ic_knowledge`
--

DROP TABLE IF EXISTS `ic_knowledge`;
/*!40101 SET @saved_cs_client     = @@character_set_client */;
/*!40101 SET character_set_client = utf8 */;
CREATE TABLE `ic_knowledge` (
  `kc_id` int(11) unsigned NOT NULL AUTO_INCREMENT,
  `kc_added_by` int(1) unsigned NOT NULL,
  `kc_title_en` varchar(255) COLLATE utf8_unicode_ci DEFAULT NULL,
  `kc_title_hi` varchar(255) COLLATE utf8_unicode_ci DEFAULT NULL,
  `kc_content_en` text COLLATE utf8_unicode_ci,
  `kc_content_hi` text COLLATE utf8_unicode_ci,
  `kc_category_id` smallint(6) NOT NULL,
  `kc_type` enum('text','image','video','document') COLLATE utf8_unicode_ci NOT NULL DEFAULT 'text',
  `kc_media` varchar(255) COLLATE utf8_unicode_ci NOT NULL,
  `kc_video_thumbnail` varchar(255) COLLATE utf8_unicode_ci DEFAULT NULL,
  `task_oriented` enum('yes','no') COLLATE utf8_unicode_ci DEFAULT 'no',
  `kc_created_on` datetime NOT NULL,
  `kc_status` enum('published','unpublished') COLLATE utf8_unicode_ci NOT NULL DEFAULT 'published',
  `kc_updated_by` int(1) unsigned DEFAULT NULL,
  `kc_updated_on` datetime DEFAULT NULL,
  PRIMARY KEY (`kc_id`)
) ENGINE=InnoDB AUTO_INCREMENT=27 DEFAULT CHARSET=utf8 COLLATE=utf8_unicode_ci COMMENT='Knowledge Center';
/*!40101 SET character_set_client = @saved_cs_client */;

--
-- Dumping data for table `ic_knowledge`
--

LOCK TABLES `ic_knowledge` WRITE;
/*!40000 ALTER TABLE `ic_knowledge` DISABLE KEYS */;
INSERT INTO `ic_knowledge` VALUES (23,1,'Introducing \'Youth in Politics\'','\'यूथ इन पॉलिटिक्स\' क्यों? ','<p>Watch Prashant Kishor talk about his vision of&nbsp;&#39;Youth in Politics&#39;&nbsp;</p>\r\n','<p>जानिए आखिर क्या है &#39;यूथ इन पॉलिटिक्स&#39; को लेकर प्रशांत किशोर का विज़न</p>\r\n',7,'video','knowledge/kc_1567238076IntroducingYouthintoPolitics.mp4','knowledge/thumb_1567238076.jpg','yes','2019-08-31 13:24:36','published',NULL,'2020-01-18 14:42:59'),(24,1,'Choosing a constituency to contest','कैसे करें चुनाव लड़ने के लिए निर्वाचन क्षेत्र का चयन ','<p>Watch Prashant Kishor talk on how to choose a constituency to contest&nbsp;</p>\r\n','<p>देखिए प्रशांत किशोर ने निर्वाचन क्षेत्र के चयन के विषय में क्या कहा&nbsp;</p>\r\n',7,'video','knowledge/kc_1567238721Chooseconstituency.mp4','knowledge/thumb_1567238721.jpg','yes','2019-08-31 13:35:21','published',NULL,'2020-01-18 14:42:58'),(25,1,'How to start your Political Journey','अपनी राजनीतिक यात्रा कैसे शुरू करें','<p>Watch Prashant Kishor break several myths around starting your political journey</p>\r\n','<p>प्रशांत किशोर ने लोगों के मन में अपनी राजनीतिक यात्रा शुरू करने से जुड़े कई मिथकों पर बात की&nbsp;</p>\r\n',7,'video','knowledge/kc_1567239033Howtostartpoliticaljourney2.mp4','knowledge/thumb_1567239033.jpg','yes','2019-08-31 13:40:33','published',NULL,'2020-01-18 14:42:57'),(26,1,'How to decide level and year to contest ','चुनाव लड़ने का स्तर और वर्ष कैसे तय करें','<p>Don&#39;t make the mistake of making it too early or too late.&nbsp;</p>\r\n\r\n<p>Watch and Know how to decide level and year to contest&nbsp;</p>\r\n','<p>उत्सुकता में जल्दी या सावधानी में देरी ना करें.&nbsp;<br />\r\nदेखें और जाने, चुनाव लड़ने का स्तर और वर्ष कैसे तय करें</p>\r\n',7,'video','knowledge/kc_1567239375levelofelection,Yeartocontest.mp4','knowledge/thumb_1567239375.jpg','no','2019-08-31 13:46:15','published',1,'2020-01-18 14:43:16');
/*!40000 ALTER TABLE `ic_knowledge` ENABLE KEYS */;
UNLOCK TABLES;

--
-- Table structure for table `ic_knowledge_category`
--

DROP TABLE IF EXISTS `ic_knowledge_category`;
/*!40101 SET @saved_cs_client     = @@character_set_client */;
/*!40101 SET character_set_client = utf8 */;
CREATE TABLE `ic_knowledge_category` (
  `kc_category_id` smallint(11) unsigned NOT NULL AUTO_INCREMENT,
  `category_name_en` varchar(100) COLLATE utf8_unicode_ci NOT NULL,
  `category_name_hi` varchar(100) COLLATE utf8_unicode_ci NOT NULL,
  `order_no` int(10) unsigned DEFAULT NULL,
  `created_on` datetime NOT NULL,
  `created_by` int(1) unsigned NOT NULL,
  `updated_on` datetime DEFAULT NULL,
  `updated_by` int(1) DEFAULT NULL,
  `category_status` enum('active','inactive') COLLATE utf8_unicode_ci NOT NULL DEFAULT 'active',
  PRIMARY KEY (`kc_category_id`)
) ENGINE=InnoDB AUTO_INCREMENT=8 DEFAULT CHARSET=utf8 COLLATE=utf8_unicode_ci COMMENT='Knowledge Center Category';
/*!40101 SET character_set_client = @saved_cs_client */;

--
-- Dumping data for table `ic_knowledge_category`
--

LOCK TABLES `ic_knowledge_category` WRITE;
/*!40000 ALTER TABLE `ic_knowledge_category` DISABLE KEYS */;
INSERT INTO `ic_knowledge_category` VALUES (4,'News','समाचार',3,'2019-02-27 17:18:37',1,'2019-04-29 17:30:02',1,'active'),(5,'I-PAC','I-PAC',2,'2019-03-19 13:48:32',1,'2019-05-07 10:07:20',1,'active'),(7,'PK Answers','PK Answers',1,'2019-05-10 08:56:10',1,NULL,NULL,'active');
/*!40000 ALTER TABLE `ic_knowledge_category` ENABLE KEYS */;
UNLOCK TABLES;

--
-- Table structure for table `ic_knowledge_videoView`
--

DROP TABLE IF EXISTS `ic_knowledge_videoView`;
/*!40101 SET @saved_cs_client     = @@character_set_client */;
/*!40101 SET character_set_client = utf8 */;
CREATE TABLE `ic_knowledge_videoView` (
  `view_id` int(10) unsigned NOT NULL AUTO_INCREMENT,
  `user_id` int(10) unsigned NOT NULL,
  `video_id` int(10) unsigned NOT NULL,
  `viewed_time` time DEFAULT NULL,
  `status` enum('complete','incomplete') COLLATE utf8_unicode_ci NOT NULL DEFAULT 'incomplete',
  `type` enum('text','video') COLLATE utf8_unicode_ci DEFAULT NULL,
  `updated_on` datetime NOT NULL,
  PRIMARY KEY (`view_id`)
) ENGINE=InnoDB AUTO_INCREMENT=116 DEFAULT CHARSET=utf8 COLLATE=utf8_unicode_ci COMMENT='Knowledge  Center video viewed';
/*!40101 SET character_set_client = @saved_cs_client */;

--
-- Dumping data for table `ic_knowledge_videoView`
--

LOCK TABLES `ic_knowledge_videoView` WRITE;
/*!40000 ALTER TABLE `ic_knowledge_videoView` DISABLE KEYS */;
INSERT INTO `ic_knowledge_videoView` VALUES (1,108,11,'00:02:00','incomplete','video','2019-04-17 16:41:07'),(2,108,21,'00:00:02','complete','video','2019-04-18 13:00:53'),(3,111,22,'00:00:01','complete','video','2019-04-18 13:12:24'),(4,108,22,'00:00:00','complete','video','2019-04-18 13:19:01'),(5,131,22,'00:00:11','complete','video','2019-04-18 13:39:16'),(6,131,21,'00:00:13','complete','video','2019-04-18 13:40:40'),(7,117,21,'00:00:00','complete','video','2019-04-18 14:06:26'),(8,117,22,'00:00:00','complete','video','2019-04-18 14:06:27'),(9,117,20,'00:00:00','complete','video','2019-04-18 14:06:30'),(10,117,19,'00:00:00','complete','video','2019-04-18 14:10:36'),(11,132,22,'00:00:02','complete','video','2019-04-19 05:28:14'),(12,134,22,'00:00:15','complete','video','2019-04-19 07:43:44'),(13,111,21,'00:00:13','complete','video','2019-05-06 15:40:36'),(14,121,22,'00:00:10','complete','video','2019-04-20 20:14:10'),(15,138,22,'00:00:26','complete','video','2019-04-20 05:50:55'),(16,138,21,'00:00:00','complete','video','2019-04-20 05:53:24'),(17,133,22,'00:00:01','complete','video','2019-04-23 06:19:09'),(18,133,4,'00:00:00','complete','video','2019-04-23 06:19:45'),(19,109,22,'00:00:00','complete','video','2019-04-23 06:29:55'),(20,139,22,'00:00:00','complete','video','2019-04-23 12:51:32'),(21,110,21,'00:00:13','complete','video','2019-05-06 12:37:57'),(22,110,3,'00:00:00','complete','text','2019-05-06 12:42:42'),(23,111,3,'00:00:00','complete','text','2019-05-06 15:40:54'),(24,111,2,'00:00:00','complete','text','2019-05-06 15:40:57'),(25,155,21,'00:00:00','complete','video','2019-05-07 06:46:54'),(26,141,21,'00:00:00','complete','video','2019-05-07 14:51:47'),(27,141,3,'00:00:00','complete','text','2019-05-07 14:29:21'),(28,141,1,'00:00:00','complete','text','2019-05-09 14:24:05'),(29,155,1,'00:00:00','complete','text','2019-05-08 06:18:13'),(30,155,3,'00:00:00','complete','text','2019-05-08 06:19:40'),(31,152,22,'00:00:32','complete','video','2019-05-10 05:43:18'),(32,152,1,'00:00:00','complete','text','2019-05-10 08:58:30'),(33,181,21,'00:00:13','complete','video','2019-08-11 14:38:43'),(34,181,22,'00:00:20','complete','video','2019-08-11 14:39:29'),(35,181,3,'00:00:00','complete','text','2019-08-11 14:46:46'),(36,170,1,'00:00:00','complete','video','2019-08-14 18:25:41'),(37,170,4,'00:00:00','complete','video','2019-08-14 18:27:32'),(38,170,2,'00:00:00','complete','video','2019-08-14 18:27:37'),(39,180,3,'00:00:00','complete','text','2019-08-14 22:29:36'),(40,180,2,'00:00:13','complete','video','2019-08-14 22:39:34'),(41,195,8,'00:00:00','complete','video','2019-08-16 15:10:03'),(42,195,6,'00:00:00','complete','video','2019-08-16 15:09:52'),(43,180,7,'00:01:46','complete','video','2019-08-21 20:15:23'),(44,194,22,'00:00:00','complete','video','2019-08-17 12:01:25'),(45,200,8,'00:00:18','complete','video','2019-08-17 12:26:59'),(46,203,8,'00:00:03','complete','video','2019-08-17 19:02:41'),(47,204,21,'00:00:13','complete','video','2019-08-19 11:16:19'),(48,204,20,'00:00:11','complete','video','2019-08-19 11:16:42'),(49,204,8,'00:00:38','complete','video','2019-08-19 11:18:08'),(50,204,7,'00:03:51','complete','video','2019-08-19 11:18:46'),(51,204,5,'00:00:53','complete','video','2019-08-19 11:19:18'),(52,204,6,'00:01:42','complete','video','2019-08-19 11:19:45'),(53,212,8,'00:00:07','complete','video','2019-08-19 11:26:23'),(54,211,6,'00:01:51','complete','video','2019-08-19 11:30:10'),(55,211,8,'00:00:51','complete','video','2019-08-19 11:31:13'),(56,211,7,'00:04:19','complete','video','2019-08-19 11:35:39'),(57,209,11,'00:00:13','complete','video','2019-08-19 11:39:20'),(58,211,21,'00:00:13','complete','video','2019-08-19 11:41:02'),(59,206,8,'00:00:08','complete','video','2019-08-19 11:53:35'),(60,214,8,'00:00:00','complete','video','2019-08-19 11:57:22'),(61,213,7,'00:00:00','complete','video','2019-08-19 12:00:12'),(62,189,5,'00:00:00','complete','video','2019-08-19 19:28:46'),(63,189,3,'00:00:00','complete','text','2019-08-19 20:05:10'),(64,189,7,'00:00:00','complete','video','2019-08-21 11:31:54'),(65,189,8,'00:00:23','complete','video','2019-08-21 11:58:51'),(66,110,8,'00:00:00','complete','video','2019-08-23 10:49:41'),(67,147,6,'00:00:45','complete','video','2019-08-22 10:04:02'),(68,222,8,'00:00:00','complete','video','2019-08-22 10:58:37'),(69,222,7,'00:00:00','complete','video','2019-08-22 10:58:43'),(70,223,8,'00:00:00','complete','video','2019-08-22 15:44:13'),(71,196,8,'00:00:00','complete','video','2019-08-22 18:22:48'),(72,110,22,'00:00:02','complete','video','2019-08-23 10:58:44'),(73,218,8,'00:00:00','complete','video','2019-08-27 13:17:45'),(74,239,8,'00:00:05','complete','video','2019-08-24 15:38:25'),(75,242,22,'00:00:05','complete','video','2019-08-29 18:03:28'),(76,242,3,'00:00:00','complete','text','2019-08-29 18:03:37'),(77,242,5,'00:00:15','complete','video','2019-08-29 18:15:03'),(78,217,2,'00:00:00','complete','text','2019-08-30 13:29:31'),(79,217,3,'00:00:00','complete','text','2019-08-30 13:31:17'),(80,242,21,'00:00:00','complete','video','2019-08-30 16:39:48'),(81,242,20,'00:00:02','complete','video','2019-08-30 16:41:14'),(82,242,19,'00:00:00','complete','video','2019-08-30 17:33:42'),(83,170,3,'00:00:00','complete','text','2019-08-30 18:16:34'),(84,170,8,'00:00:00','complete','video','2019-08-30 18:16:24'),(85,147,5,'00:00:23','complete','video','2019-09-03 15:07:00'),(86,147,8,'00:00:17','complete','video','2019-08-30 20:55:32'),(87,193,8,'00:00:03','complete','video','2019-08-31 06:15:18'),(88,193,7,'00:04:04','complete','video','2019-08-31 06:19:30'),(89,243,23,'00:00:15','complete','video','2019-08-31 13:26:01'),(90,243,28,'00:00:00','complete','text','2019-08-31 15:32:20'),(91,192,8,'00:00:03','complete','video','2019-08-31 14:29:45'),(92,147,27,'00:02:33','complete','video','2019-09-11 07:43:19'),(93,243,6,'00:01:34','complete','video','2019-08-31 15:04:30'),(94,243,8,'00:00:01','complete','video','2019-08-31 15:14:30'),(95,243,27,'00:00:33','complete','video','2019-08-31 15:14:47'),(96,242,28,'00:00:00','complete','text','2019-08-31 21:59:31'),(97,240,28,'00:00:00','complete','text','2019-08-31 22:28:44'),(98,240,27,'00:00:49','complete','video','2019-08-31 22:29:18'),(99,178,27,'00:00:00','complete','video','2019-09-02 13:52:09'),(100,245,9,'00:00:21','complete','video','2019-09-02 19:46:35'),(101,194,8,'00:00:51','complete','video','2019-09-03 11:45:57'),(102,178,23,'00:00:00','complete','video','2019-09-03 11:47:41'),(103,242,27,'00:00:00','complete','video','2019-09-03 13:33:47'),(104,245,31,'00:00:13','complete','video','2019-09-03 13:42:46'),(105,242,26,'00:00:00','complete','video','2019-09-03 13:44:02'),(106,147,7,'00:00:00','complete','video','2019-09-03 14:36:19'),(107,250,8,'00:00:00','complete','video','2019-09-04 12:27:43'),(108,201,28,'00:00:00','complete','text','2019-09-05 11:19:43'),(109,245,27,'00:00:02','complete','video','2019-09-05 17:28:06'),(110,255,28,'00:00:00','complete','text','2019-09-06 12:03:16'),(111,255,8,'00:00:04','complete','video','2019-09-06 13:10:39'),(112,255,7,'00:00:02','complete','video','2019-09-06 12:05:19'),(113,255,6,'00:01:47','complete','video','2019-09-06 12:08:42'),(114,209,8,'00:00:23','complete','video','2019-09-10 10:31:58'),(115,147,26,'00:04:12','complete','video','2019-09-11 07:46:06');
/*!40000 ALTER TABLE `ic_knowledge_videoView` ENABLE KEYS */;
UNLOCK TABLES;

--
-- Table structure for table `ic_news_feed`
--

DROP TABLE IF EXISTS `ic_news_feed`;
/*!40101 SET @saved_cs_client     = @@character_set_client */;
/*!40101 SET character_set_client = utf8 */;
CREATE TABLE `ic_news_feed` (
  `feed_id` int(11) unsigned NOT NULL AUTO_INCREMENT,
  `feed_title_en` varchar(255) COLLATE utf8_unicode_ci DEFAULT NULL,
  `feed_title_hi` varchar(255) COLLATE utf8_unicode_ci DEFAULT NULL,
  `feed_content_en` text COLLATE utf8_unicode_ci,
  `feed_content_hi` text COLLATE utf8_unicode_ci,
  `feed_added_by` int(11) unsigned NOT NULL,
  `feed_added_by_admin` enum('true','false') COLLATE utf8_unicode_ci NOT NULL DEFAULT 'false',
  `feed_state` tinyint(1) unsigned DEFAULT NULL,
  `feed_district` smallint(1) unsigned DEFAULT NULL,
  `feed_ac` int(10) unsigned DEFAULT NULL,
  `feed_group` varchar(50) COLLATE utf8_unicode_ci DEFAULT NULL,
  `feed_estimated_time` varchar(255) COLLATE utf8_unicode_ci DEFAULT NULL,
  `feed_status` enum('approved','unapproved','rejected') COLLATE utf8_unicode_ci NOT NULL DEFAULT 'approved',
  `feed_created_on` datetime NOT NULL,
  `feed_updated_on` datetime DEFAULT NULL,
  PRIMARY KEY (`feed_id`)
) ENGINE=InnoDB AUTO_INCREMENT=130 DEFAULT CHARSET=utf8 COLLATE=utf8_unicode_ci COMMENT='News Feed ';
/*!40101 SET character_set_client = @saved_cs_client */;

--
-- Dumping data for table `ic_news_feed`
--

LOCK TABLES `ic_news_feed` WRITE;
/*!40000 ALTER TABLE `ic_news_feed` DISABLE KEYS */;
INSERT INTO `ic_news_feed` VALUES (14,'Rally for equal rights','','<p>200 women bikers rally around the central area of Delhi</p>\r\n','',152,'false',10,1157,NULL,NULL,'','approved','2019-05-02 06:52:51','2019-05-03 10:10:57'),(19,'dyxy','fewfw','<p>e SF s dad da</p>\r\n','<p>ewrwrw</p>\r\n',141,'false',6,819,NULL,NULL,'','approved','2019-05-03 08:06:40','2019-05-09 14:15:57'),(22,'hxhxgx',NULL,'hxhxhxuuz',NULL,141,'false',6,819,NULL,NULL,NULL,'approved','2019-05-05 19:12:31','2019-05-09 14:15:56'),(24,'Bhagalpur map ',NULL,'this is a map of Bhagalpur',NULL,155,'false',5,915,NULL,NULL,NULL,'approved','2019-05-07 09:33:00','2019-05-07 09:38:28'),(25,'Taj Mahal',NULL,'This is the Taj Mahal',NULL,152,'false',10,1157,NULL,NULL,NULL,'unapproved','2019-05-07 09:33:40',NULL),(26,'Cats',NULL,'These are cats ',NULL,152,'false',10,1157,NULL,NULL,NULL,'rejected','2019-05-07 09:35:16','2019-08-29 13:04:37'),(38,'gzgxxg',NULL,'gxhxh',NULL,141,'false',6,819,NULL,NULL,NULL,'approved','2019-05-07 13:53:37','2019-05-09 14:15:58'),(47,'jzfzugudg',NULL,'hkzutzyi',NULL,110,'false',33,914,NULL,NULL,NULL,'approved','2019-05-08 12:29:30','2019-08-29 12:06:23'),(49,'diysiy',NULL,'zkbkhzkxh',NULL,110,'false',33,914,NULL,NULL,NULL,'approved','2019-05-08 12:32:25','2019-08-29 12:07:41'),(50,'ggxgd',NULL,'Hffhxhc',NULL,145,'false',3,821,NULL,NULL,NULL,'unapproved','2019-05-09 06:54:48',NULL),(51,'hcxg',NULL,'Fhc',NULL,145,'false',3,821,NULL,NULL,NULL,'unapproved','2019-05-09 06:57:29',NULL),(52,'Jcxhx',NULL,'Ufcg',NULL,159,'false',4,798,NULL,NULL,NULL,'unapproved','2019-05-09 06:59:27',NULL),(58,'kxhzyi',NULL,'Zhkzjgchzzgjzfj',NULL,141,'false',6,819,NULL,NULL,NULL,'unapproved','2019-05-09 07:31:33',NULL),(59,',jgzit',NULL,'Chor y',NULL,141,'false',6,819,NULL,NULL,NULL,'unapproved','2019-05-09 07:35:02',NULL),(60,'people praying ',NULL,'Prayer season ',NULL,155,'false',5,915,NULL,NULL,NULL,'unapproved','2019-05-10 08:56:52',NULL),(66,'scooter',NULL,'Agmlg',NULL,155,'false',5,915,NULL,NULL,NULL,'unapproved','2019-05-10 09:14:10',NULL),(67,'test',NULL,'Testing',NULL,170,'false',NULL,NULL,NULL,NULL,NULL,'unapproved','2019-08-13 16:41:23',NULL),(68,'test',NULL,'Testing the feature',NULL,170,'false',NULL,NULL,NULL,NULL,NULL,'unapproved','2019-08-14 12:32:32',NULL),(69,'hi',NULL,'Test',NULL,180,'false',NULL,NULL,NULL,NULL,NULL,'approved','2019-08-14 22:18:42','2019-08-16 11:14:26'),(70,'21 Election Slogans That Decided The Fate Of Indian Politics','21 Election Slogans That Decided The Fate Of Indian Politics','<p><br />\r\n&nbsp;</p>\r\n1. Jan Sangh ko vote do, bidi peena chhod do;\r\nBidi mein tambaku hai, Congress-wala daaku hai\r\nBhartiya Jan Sangh, in the elections of 1967, asked the voters to reject both Congress and tobacco with this slogan. \r\n\r\n2. Progress through Congress\r\nCongress represented itself as the face of development and launched Progress through Congress campaign in the 1960s.\r\n\r\n3. Congress or Progress?\r\n Shiv Sena, however, questioned the Congress party\'s campaign like this.\r\n\r\n4. Jai Jawan, Jai Kisan \r\nThis was the slogan given by former Indian Prime Minister Lal Bahadur Shashtri, in 1965, hailing the soldiers and the farmers of the country.\r\n \r\n5. Vote for calf and cow, forget all others now\r\nThe actual symbol of Congress party was the yoked oxen, but when Indira Gandhi and Congress split, she created her own faction and this new party symbol as an offshoot of the original, during the 1960s. It\'s said that people started making fun that the cow and calf is Indira Gandhi and Sanjay Gandhi, after which it was changed. \r\n\r\n6. Yeh dekho Indira ka khel, kha gayi shakkar, pee gayi tel\r\nJan Sangh\'s election campaign highlighted the inflation during Congress government, with this funny slogan.\r\n\r\n7. Garibi hatao, Indira lao, Desh bachao \r\nThe anti-poverty theme took the centre-stage in Indira Gandhi government\'s election campaign in 1971. \r\n\r\n8. Indira hatao, Desh bachao \r\nJayaprakash Narayan\'s Janata Party played spoiler for Indira Gandhi\'s campaign, with this slogan. \r\n\r\n9. Ek Sherni, Sau Langur, Chikmaglur bhai Chikmaglur\r\nThis political one-liner, mocking the opposition, was created by Congressman poet Srikant Verma for Indira Gandhi\'s by-election in 1978 from Chikkmagluru district. \r\n\r\n10. Jab tak sooraj chand rahega, Indira tera naam rahega\r\nAfter Indira Gandhi was assassinated, this election slogan was coined by the Congress for 1984 elections. And the sympathy it generated led to a landslide victory of the party.  \r\n\r\n11. Jab tak rahega samose mein aloo, tab tak rahega Bihar mein Lalu\r\nThis is one of the most entertaining election campaigns projecting Lalu Prasad Yadav as the original leader of Bihar. \r\n\r\n12. Bachcha bachcha Ram ka, Janmabhoomi ke kaam ka\r\nThere have been election campaigns dividing country on communal lines. Sending the message of Hindutva, Vishwa Hindu Parishad (VHP) gave out this slogan.\r\n\r\n13. Mile Mulayam-Kanshiram, hawa ho gaye Jai Shree Ram\r\nThis slogan was given after the disputed structure at Ayodhya was demolished, and Mulayam Singh Yadav and Kanshiram united to form a government.  \r\n\r\n14. Jaat par na pat par, mohar lagegi haath par\r\nWith this slogan by former Prime Minister P V Narsimha Rao, Congress gave a message that its political strategy is not guided by caste, during the 1996 elections.\r\n\r\n15. Bari bari sab ki bari, ab ki bari Atal Bihari\r\nThis was BJP’s slogan at Lucknow election rally, in March 1996. BJP come to power for the first time for a 13-day rule.\r\n\r\n16. Jancha, Parkha, Khara\r\nBJP led a campaign against Congress in 1999, with Atal Bihari Vajpayee as its Prime Ministerial candidate, and used his corruption-free image to attract voters. \r\n\r\n17. Sonia nahi yeh aandhi hai, doosri Indira Gandhi hai\r\nThis slogan coined by Congress attempted to popularize Sonia Gandhi by projecting her as the second Indira Gandhi, in 2009.\r\n\r\n18. UP mein hai dum, kyunki jurm hai yahan kam\r\nAmitabh Bachchan gave a clean chit to Samajwadi Party by suggesting that crime rate was low in the Uttar Pradesh, during 2007 elections. He was served a notice by the Uttar Pradesh Information Commission seeking explanation for this. \r\n\r\n19. UP mein tha dam, lekin kahan pahuch gaye hum\r\nCongress targeted Samajwadi Party and replied to Amitabh Bachchan\'s advertisement with this slogan.\r\n\r\n20. Poori roti khayenge, 100 din kaam karenge, dawai lenge aur Congress ko jitayenge\r\nRahul Gandhi addressed a tribal rally in Udaipur and gave this new poll slogan.\r\n\r\n21. Abki bar Modi sarkar\r\nPromosing achche din, this was one of the most popular election phrases that spread like wild fire, and Narendra Modi was elected as the Prime Minister of India in 2014.\r\n','',1,'true',0,0,0,'','3 Min Read','approved','2019-08-16 14:19:20',NULL),(71,'The grassroots \'guerilla army\' powering Macron\'s French election battle','The grassroots \'guerilla army\' powering Macron\'s French election battle','Alain Garcia, an office worker in an energy company, unlocked his grey hatchback parked on a quiet street. “Welcome to the Macron-mobile,” he said.\r\n\r\nThousands of smiling election pictures of the centrist French presidential favourite beamed out from the backseat. At one point Garcia had 11,000 copies of Emmanuel Macron’s manifesto leaflets crammed into his family car which he uses for his daily commute. “I do sometimes worry a bit about the car’s suspension,” he said, slowing to go over a speedbump in Villeurbanne, a town whose diverse ethnic mix of housing estates and gentrification nudges up against the south-eastern city of Lyon.\r\n\r\nWhile conventional political parties have local offices across France, Macron’s maverick, independent bid for president without a party means his campaign is largely being run from private apartments, family cars and gatherings around bistro tables by thousands of enthusiastic, unpaid volunteers, many of whom have never previously been involved in politics.\r\n\r\nNo one has ever attempted to win a modern French presidential election without a political party structure behind them. Macron, a 39-year-old former investment banker who briefly served as economy minister under the Socialist president François Hollande, has never run for any kind of election before. He claims his “neither left nor right” campaign is a “revolution” to do away with the old political system and its parties.\r\n\r\n\r\nBut in the final few weeks before the 23 April first-round presidential vote, pressure is mounting on Macron’s grassroots volunteers. First they must consolidate a volatile and undecided potential electorate. Although polls show Macron in the lead, a significant number of his potential voters tend to be more wavering than other candidates’ solid base, including the far-right Front National’s Marine Le Pen. Crucially, Macron must prove his fledgling movement of supporters can morph into a major political operation capable of winning enough seats in the parliamentary elections in June to allow him to govern and deliver his manifesto promises.\r\n\r\nMacron’s movement, En Marche! (On the Move), was created less than a year ago, initially as a door-to-door operation in which volunteers asked the public what was wrong with France. Free to join online, it has more than 230,000 members. It is run more like a tech startup than a classic political party and uses sophisticated digital systems to crunch election data and pinpoint target voters. Without the financial pot of a standard political party, the movement is funded by donations – capped by law at €7,500 (£6,370) per person. Over €6.5m has been collected so far – the average donation is €250 or less. Macron has also taken out a personal loan of about €8m.\r\n\r\nFrom the En Marche! headquarters in Paris, where young volunteers known by the English word “helpers” work on laptops, the final campaign push has been set out. Members – ranging from students and the unemployed to retired teachers and business leaders – still meet in committees across France to debate policy. But their focus is now on reaching a maximum of undecided voters in the next few weeks. They have been advised to use every conversation – in the bakery, on trains, with colleagues – and even host dinners at home. They should, as Macron does, always try to smile.\r\n\r\n“There’s a freedom, there’s no hierarchy, it’s about spurring on your team of volunteers, it’s so much more human and we feel like we’re building something together,” said Garcia, 49, who preferred canvassing with En Marche! to his time canvassing for the rightwing Nicolas Sarkozy’s first presidential campaign 10 years ago. Garcia had become disillusioned with politics, but now coordinates 700 Macron volunteers in Villeurbanne.\r\n\r\n“I joined because I don’t want the same old people running politics. We need change, people from civil society,” said Sophie Solmini, 44, a former Socialist party canvasser who had taken time off from her housing association job to volunteer for Macron “seven days a week from 7am to 2am” from her council flat.\r\n\r\nNearby, the city of Lyon has been described as the birthplace of “Macron mania”. Lyon’s mayor, Gérard Collomb, was one of the first major Socialist party figures to jump ship to Macron’s camp and campaign for him. But Macron faces a delicate balancing act. Although key political figures have rallied to him from the left and right, he has to ensure his movement is not swamped by politicians. He wants to avoid accusations that he is recycling the old political class.\r\n\r\n“Classic political parties are solid, they have a structure, like the Prussian army,” said Bruno Bonnell, the tech entrepreneur and robot developer who coordinates En Marche! in Lyon. “We’re much more guerilla style. We’re fluid, we’re about fast action and a swift decision-making process. We’re surprisingly organised for what is essentially a huge magma of emotion.”\r\n\r\nBonnell, 58, who calls himself a “robot revolutionary”, has not worked on an election campaign before. He is symbolic of Macron’s promise to modernise and champion digital innovation. “Enough of cynicism and despair,” Bonnell said. “Macron embodies the new positive mindset to take France into the 21st century, because he’s young enough to understand what it’s all about.” Refuting criticism from political opponents that Macron is the candidate of the “happily globalised” elites of major cities, Bonnell, who described his roots as “working-class left”, had been out canvassing in small peripheral areas of the Rhône where Le Pen’s far-right vote is growing. “We’re living a digital revolution. There is no reason for that to scare us,” he told a rally of largely over-50s in Villeurbanne.\r\n\r\nMacron’s test is to convince voters that En Marche! can transform itself into a parliamentary force. All recent French presidential elections have been followed directly by parliamentary elections that delivered the winner’s party a majority of MPs. Without that majority, the president’s hands would be tied. Macron’s opponents are attacking him by warning he could usher in an uncertain period of messy coalition. The Socialist candidate Benoît Hamon said Macron would mean an “ungovernable” France.\r\n\r\nMacron said French voters would “logically” have given him a parliamentary majority if he won the presidency. He wants to field En Marche! candidates in all 577 seats in the June legislative elections. He insists half his candidates will be women – in winnable seats – and half must be newcomers from civil society. The others, politicians, must run under a single Macron ticket, not for their previous parties.\r\n\r\nOn Lyon’s shopping streets, the high rate of undecided voters was clear. “I’m hesitating between [the rightwing] François Fillon and Macron,” said Colette, 69, a retired accountant. “The scandals around Fillon are putting me off, but it’s the manifesto that counts. I’ll end up writing out a list of pros and cons ...”\r\n\r\nEric, 41, worked in a department store and felt security was the most important election issue. He took a Macron leaflet from a volunteer but shrugged. “I’m fed up with the lot of them, I don’t think any of them can be trusted. I do want to vote, but I’ll decide at the last minute.”','<p>Alain Garcia, an office worker in an energy company, unlocked his grey hatchback parked on a quiet street. &ldquo;Welcome to the Macron-mobile,&rdquo; he said.</p>\r\n\r\n<p>Thousands of smiling election pictures of the centrist French presidential favourite beamed out from the backseat. At one point Garcia had 11,000 copies of Emmanuel Macron&rsquo;s manifesto leaflets crammed into his family car which he uses for his daily commute. &ldquo;I do sometimes worry a bit about the car&rsquo;s suspension,&rdquo; he said, slowing to go over a speedbump in Villeurbanne, a town whose diverse ethnic mix of housing estates and gentrification nudges up against the south-eastern city of Lyon.</p>\r\n\r\n<p>While conventional political parties have local offices across France, Macron&rsquo;s maverick, independent bid for president without a party means his campaign is largely being run from private apartments, family cars and gatherings around bistro tables by thousands of enthusiastic, unpaid volunteers, many of whom have never previously been involved in politics.</p>\r\n\r\n<p>No one has ever attempted to win a modern French presidential election without a political party structure behind them. Macron, a 39-year-old former investment banker who briefly served as economy minister under the Socialist president Fran&ccedil;ois Hollande, has never run for any kind of election before. He claims his &ldquo;neither left nor right&rdquo; campaign is a &ldquo;revolution&rdquo; to do away with the old political system and its parties.</p>\r\n\r\n<p><br />\r\nBut in the final few weeks before the 23 April first-round presidential vote, pressure is mounting on Macron&rsquo;s grassroots volunteers. First they must consolidate a volatile and undecided potential electorate. Although polls show Macron in the lead, a significant number of his potential voters tend to be more wavering than other candidates&rsquo; solid base, including the far-right Front National&rsquo;s Marine Le Pen. Crucially, Macron must prove his fledgling movement of supporters can morph into a major political operation capable of winning enough seats in the parliamentary elections in June to allow him to govern and deliver his manifesto promises.</p>\r\n\r\n<p>Macron&rsquo;s movement, En Marche! (On the Move), was created less than a year ago, initially as a door-to-door operation in which volunteers asked the public what was wrong with France. Free to join online, it has more than 230,000 members. It is run more like a tech startup than a classic political party and uses sophisticated digital systems to crunch election data and pinpoint target voters. Without the financial pot of a standard political party, the movement is funded by donations &ndash; capped by law at &euro;7,500 (&pound;6,370) per person. Over &euro;6.5m has been collected so far &ndash; the average donation is &euro;250 or less. Macron has also taken out a personal loan of about &euro;8m.</p>\r\n\r\n<p>From the En Marche! headquarters in Paris, where young volunteers known by the English word &ldquo;helpers&rdquo; work on laptops, the final campaign push has been set out. Members &ndash; ranging from students and the unemployed to retired teachers and business leaders &ndash; still meet in committees across France to debate policy. But their focus is now on reaching a maximum of undecided voters in the next few weeks. They have been advised to use every conversation &ndash; in the bakery, on trains, with colleagues &ndash; and even host dinners at home. They should, as Macron does, always try to smile.</p>\r\n\r\n<p>&ldquo;There&rsquo;s a freedom, there&rsquo;s no hierarchy, it&rsquo;s about spurring on your team of volunteers, it&rsquo;s so much more human and we feel like we&rsquo;re building something together,&rdquo; said Garcia, 49, who preferred canvassing with En Marche! to his time canvassing for the rightwing Nicolas Sarkozy&rsquo;s first presidential campaign 10 years ago. Garcia had become disillusioned with politics, but now coordinates 700 Macron volunteers in Villeurbanne.</p>\r\n\r\n<p>&ldquo;I joined because I don&rsquo;t want the same old people running politics. We need change, people from civil society,&rdquo; said Sophie Solmini, 44, a former Socialist party canvasser who had taken time off from her housing association job to volunteer for Macron &ldquo;seven days a week from 7am to 2am&rdquo; from her council flat.</p>\r\n\r\n<p>Nearby, the city of Lyon has been described as the birthplace of &ldquo;Macron mania&rdquo;. Lyon&rsquo;s mayor, G&eacute;rard Collomb, was one of the first major Socialist party figures to jump ship to Macron&rsquo;s camp and campaign for him. But Macron faces a delicate balancing act. Although key political figures have rallied to him from the left and right, he has to ensure his movement is not swamped by politicians. He wants to avoid accusations that he is recycling the old political class.</p>\r\n\r\n<p>&ldquo;Classic political parties are solid, they have a structure, like the Prussian army,&rdquo; said Bruno Bonnell, the tech entrepreneur and robot developer who coordinates En Marche! in Lyon. &ldquo;We&rsquo;re much more guerilla style. We&rsquo;re fluid, we&rsquo;re about fast action and a swift decision-making process. We&rsquo;re surprisingly organised for what is essentially a huge magma of emotion.&rdquo;</p>\r\n\r\n<p>Bonnell, 58, who calls himself a &ldquo;robot revolutionary&rdquo;, has not worked on an election campaign before. He is symbolic of Macron&rsquo;s promise to modernise and champion digital innovation. &ldquo;Enough of cynicism and despair,&rdquo; Bonnell said. &ldquo;Macron embodies the new positive mindset to take France into the 21st century, because he&rsquo;s young enough to understand what it&rsquo;s all about.&rdquo; Refuting criticism from political opponents that Macron is the candidate of the &ldquo;happily globalised&rdquo; elites of major cities, Bonnell, who described his roots as &ldquo;working-class left&rdquo;, had been out canvassing in small peripheral areas of the Rh&ocirc;ne where Le Pen&rsquo;s far-right vote is growing. &ldquo;We&rsquo;re living a digital revolution. There is no reason for that to scare us,&rdquo; he told a rally of largely over-50s in Villeurbanne.</p>\r\n\r\n<p>Macron&rsquo;s test is to convince voters that En Marche! can transform itself into a parliamentary force. All recent French presidential elections have been followed directly by parliamentary elections that delivered the winner&rsquo;s party a majority of MPs. Without that majority, the president&rsquo;s hands would be tied. Macron&rsquo;s opponents are attacking him by warning he could usher in an uncertain period of messy coalition. The Socialist candidate Beno&icirc;t Hamon said Macron would mean an &ldquo;ungovernable&rdquo; France.</p>\r\n\r\n<p>Macron said French voters would &ldquo;logically&rdquo; have given him a parliamentary majority if he won the presidency. He wants to field En Marche! candidates in all 577 seats in the June legislative elections. He insists half his candidates will be women &ndash; in winnable seats &ndash; and half must be newcomers from civil society. The others, politicians, must run under a single Macron ticket, not for their previous parties.</p>\r\n\r\n<p>On Lyon&rsquo;s shopping streets, the high rate of undecided voters was clear. &ldquo;I&rsquo;m hesitating between [the rightwing] Fran&ccedil;ois Fillon and Macron,&rdquo; said Colette, 69, a retired accountant. &ldquo;The scandals around Fillon are putting me off, but it&rsquo;s the manifesto that counts. I&rsquo;ll end up writing out a list of pros and cons ...&rdquo;</p>\r\n\r\n<p>Eric, 41, worked in a department store and felt security was the most important election issue. He took a Macron leaflet from a volunteer but shrugged. &ldquo;I&rsquo;m fed up with the lot of them, I don&rsquo;t think any of them can be trusted. I do want to vote, but I&rsquo;ll decide at the last minute.&rdquo;</p>\r\n',1,'true',0,0,0,'','4 Min Read','approved','2019-08-16 14:37:53',NULL),(72,'tets',NULL,'Test',NULL,194,'false',NULL,NULL,NULL,NULL,NULL,'unapproved','2019-08-17 12:00:18',NULL),(73,'Testing',NULL,'Creating post for testing',NULL,204,'false',NULL,NULL,NULL,NULL,NULL,'unapproved','2019-08-19 11:20:35',NULL),(74,'gxxgxgx',NULL,'Dggxxgxggx',NULL,189,'false',NULL,NULL,NULL,NULL,NULL,'unapproved','2019-08-21 12:06:57',NULL),(75,'Dgggg',NULL,'Hdxgxs',NULL,188,'false',NULL,NULL,NULL,NULL,NULL,'unapproved','2019-08-21 12:07:16',NULL),(76,'sada','','<p>DystdhzhzydydydydydzyzzyzhzgRATAtsxydydyduxhxhxhxhxhxhxhxgzgzgzyducjv j j u j u u u u u u i i j jvjvuvu j h u h. J hh u u u h h h h u u h h h</p>\r\n','',188,'false',NULL,NULL,NULL,NULL,'','unapproved','2019-08-21 12:10:24','2019-08-29 13:01:44'),(77,'gxgxgcg gcyg ch h hcycycy hh. hh h h h y y y y y u u u. u y y y y y u u y y. y y y h h h y y h h h h. h h h h h h h h h h h ',NULL,'Yxg ycycgg gc h h h y y y y h g hh u h. H y y u u yvu h h j h h h hu u h h ',NULL,189,'false',NULL,NULL,NULL,NULL,NULL,'unapproved','2019-08-21 12:10:26',NULL),(78,'gcgcyxx',NULL,'Fycycyc yc hcychcyc',NULL,189,'false',NULL,NULL,NULL,NULL,NULL,'unapproved','2019-08-21 12:11:11',NULL),(79,'Dtxtxtdy',NULL,'Dtsdyxy',NULL,188,'false',NULL,NULL,NULL,NULL,NULL,'unapproved','2019-08-21 12:11:29',NULL),(80,'uhchcuccyc',NULL,'Cychcycyccyf by',NULL,189,'false',NULL,NULL,NULL,NULL,NULL,'unapproved','2019-08-21 12:12:02',NULL),(81,'Ugfufdyyddydyd',NULL,'Dyydydydydyydyd',NULL,188,'false',NULL,NULL,NULL,NULL,NULL,'unapproved','2019-08-21 12:12:40',NULL),(82,'New Task ',NULL,'Just a demo',NULL,178,'false',NULL,NULL,NULL,NULL,NULL,'unapproved','2019-08-21 13:03:55',NULL),(83,'Chxgxhs',NULL,'Xghxydysyd',NULL,188,'false',NULL,NULL,NULL,NULL,NULL,'unapproved','2019-08-21 18:08:18',NULL),(84,'Fucxhxhz',NULL,'Dudddyd',NULL,188,'false',NULL,NULL,NULL,NULL,NULL,'unapproved','2019-08-21 18:09:19',NULL),(85,'Protocol',NULL,'This is to test',NULL,188,'false',NULL,NULL,NULL,NULL,NULL,'unapproved','2019-08-21 18:22:31',NULL),(86,'Event In nOida',NULL,'New event ',NULL,188,'false',NULL,NULL,NULL,NULL,NULL,'unapproved','2019-08-21 18:48:58',NULL),(87,'Dystd',NULL,'Dydydydydyxyx',NULL,226,'false',NULL,NULL,NULL,NULL,NULL,'unapproved','2019-08-23 12:46:55',NULL),(88,'hxxhx',NULL,'Hchhhchffyyu',NULL,227,'false',NULL,NULL,NULL,NULL,NULL,'unapproved','2019-08-23 13:03:48',NULL),(89,'Xgxtx',NULL,'Cuuccx',NULL,226,'false',NULL,NULL,NULL,NULL,NULL,'unapproved','2019-08-23 13:11:24',NULL),(90,'gdfayfstu tsuigydiyd yddtttsisgu sfusugsugsu','','<p>Tuttuxihccihc h ih ih ihh hi ihh hi hih ih the the build we are looking for Facebook today and tomorrow I have received the build quality the latest in technology to remove it from there the whole time in last week&#39;s time has passed the exam in the morning of the day and I am a very nice meeting you can it&#39;s a great time in my window and add them to the same day I am not able to test for Facebook the build as well as the latest flash and a half day on Friday I am a little bit and see if I can it&#39;s been awhile since I&#39;ve seen the build quality the build we have a nice to meet you can mark it down to remove it from there is a great day today I have a great day today I have a great day today I have a good at all times the build quality the build we are looking to get the best way for Facebook to see if you can mark the right direction the company and I didn&#39;t know about to be in the build we are looking to remove the right direction and I am not a good at this point I think I am sending you can mark it on the build as a safe trip back to you and we are delivered to your time and money by valentine&#39;s gift card to you and I am not able to get the build as a result of the build as sign up is not a big red barn door to remove the build as a result of right to remove the build we are going to email you the best regards the happy to help with the build as a safe sender and delete the email</p>\r\n','',227,'false',NULL,NULL,NULL,NULL,'','approved','2019-08-23 13:22:06','2019-08-29 12:59:01'),(91,'Hey',NULL,'Ohh',NULL,187,'false',NULL,NULL,NULL,NULL,NULL,'approved','2019-08-23 16:49:10','2019-08-29 12:58:03'),(92,'Xbhxhxhx',NULL,'Hxhhxhx',NULL,238,'false',NULL,NULL,NULL,NULL,NULL,'approved','2019-08-23 19:38:03','2019-08-29 12:59:16'),(93,'Meeting with 10 members',NULL,'Meeting with 10 members',NULL,239,'false',NULL,NULL,NULL,NULL,NULL,'unapproved','2019-08-24 15:59:09',NULL),(95,'gjfi',NULL,'Fifi',NULL,218,'false',NULL,NULL,NULL,NULL,NULL,'unapproved','2019-08-26 11:06:49',NULL),(96,'Qwweer',NULL,'Qwerrsgsdydhd',NULL,240,'false',NULL,NULL,NULL,NULL,NULL,'unapproved','2019-08-28 14:14:52',NULL),(97,'Truffyd',NULL,'Xxhchccu',NULL,240,'false',NULL,NULL,NULL,NULL,NULL,'approved','2019-08-28 14:15:16','2019-08-29 13:02:32'),(98,'fhdhdh',NULL,'Ggdxhdhd',NULL,241,'false',5,775,NULL,NULL,NULL,'unapproved','2019-08-28 14:27:02',NULL),(99,'dggdgdgdxgz',NULL,'Dydtdydyddgxgxhxgxgxg',NULL,241,'false',5,775,NULL,NULL,NULL,'approved','2019-08-28 19:07:26','2019-08-29 12:54:16'),(100,'hddxgx',NULL,'Xhhxbxhxh',NULL,241,'false',5,775,NULL,NULL,NULL,'rejected','2019-08-28 19:11:29','2019-08-29 12:52:08'),(101,'tdtdtstdttxyxgxgggx',NULL,'Hdhgsyshxhxhdhddhgshhdhdhdh',NULL,242,'false',NULL,NULL,NULL,NULL,NULL,'unapproved','2019-08-29 17:06:45',NULL),(102,'dgidhddydududyx',NULL,'Gxdgzs',NULL,242,'false',5,1070,NULL,NULL,NULL,'unapproved','2019-08-29 17:58:58',NULL),(103,'hchchdydgx',NULL,'Dydhxyxuchc',NULL,242,'false',5,1070,NULL,NULL,NULL,'unapproved','2019-08-29 17:59:04',NULL),(104,'yddyxyyx',NULL,'Dgxxgxgxgc',NULL,242,'false',5,1070,NULL,NULL,NULL,'unapproved','2019-08-29 17:59:16',NULL),(105,'we have to be in the future and hopefully we will be able to make sure that you have',NULL,'The build as well and I am not able to make sure that you have any other questions please let me a copy of the latest flash the firmware version and I  a  chance to look to get not at it again and we will email ever  a day ahead great else and I am more expensive and I am  get thetonot able latest version if I am a little  th  life I am myan  of my life I have a good time for  version of this latest email and I will send you thewe the latest flash e the end end with iOS app web we were wondering what we will email earlier we have a good time  t the buildh flashe build we are going through the latest in technology co Ltd registered in the future we will have  the needful at your earliest reply to your account can it\'s a great day ahead to remove and I will be in a few things I am writing to you as soon the build quality of our games to play',NULL,242,'false',5,1070,NULL,NULL,NULL,'approved','2019-08-29 18:00:11','2019-08-29 18:10:00'),(106,'for Facebook today and tomorrow I have been a bit and then we can do it for a long way to get to see you then the build quality assurance that we have a nice day best regards John',NULL,'Good morning please find my attached resume of my favourite the build quality of our products are delivered to you and your time and money by selling a car and I will have to remove the right to use the same day delivery the stated addressee and may not be found in your country or region in the morning to you as soon I hope you have received this communication is not available for Facebook today the latest flash player installed on my way back to the build quality of our products that they told me that you can see that the right to ask about the HTML5 player to view this time the to and then they are not filtered into a new message from my side the build quality of the day of work and we take to travel the to and try the build quality of our games to play a role for video that they are not filtered into I am writing to express my sincere apology and then we are going to the build quality of our games to play a role in to resume watching and I have a nice day ahead to test the latest flash and I have a nice day ahead and get back in the morning and then we are going through the build quality of our games to play a role for me I am writing to',NULL,242,'false',5,1070,NULL,NULL,NULL,'approved','2019-08-29 18:02:12','2019-08-29 18:09:29'),(107,'for Facebook to get a new job is not a good day please find the attached file is scanned image in fcchchdhdgd',NULL,'Hd car in for a while ago I had a good time in my life and death and I am a little while ago the build quality assurance that we expect a delay of the build',NULL,242,'false',5,1070,NULL,NULL,NULL,'approved','2019-08-29 18:02:53','2019-08-29 18:09:04'),(108,'test',NULL,'New text',NULL,217,'false',NULL,NULL,NULL,NULL,NULL,'unapproved','2019-08-30 11:53:46',NULL),(110,'test',NULL,'New test',NULL,217,'false',NULL,NULL,NULL,NULL,NULL,'unapproved','2019-08-30 11:55:47',NULL),(111,'test',NULL,'Test',NULL,217,'false',NULL,NULL,NULL,NULL,NULL,'unapproved','2019-08-30 15:06:26',NULL),(112,'Hdxxg',NULL,'Hxxhxx',NULL,242,'false',5,1070,NULL,NULL,NULL,'unapproved','2019-08-30 16:14:35',NULL),(113,'Gddd',NULL,'Hdddy',NULL,242,'false',5,1070,NULL,NULL,NULL,'unapproved','2019-08-30 16:15:17',NULL),(114,'Hey',NULL,'Uvyyvo k I',NULL,178,'false',17,942,NULL,NULL,NULL,'unapproved','2019-08-30 18:25:00',NULL),(115,'India’s WhatsApp election: political parties risk undermining democracy with technology','India’s WhatsApp election: political parties risk undermining democracy with technology','India’s 2019 national elections were widely anticipated to be the “WhatsApp elections”. Against a backdrop of rapidly improving internet connectivity and rising smartphone use, the number of people using private messaging service WhatsApp has soared since its India launch in mid-2010 to more than 200m – more users than in any other democracy. And now the country’s political parties are moving to capitalise on this mass communication channel.\r\n\r\nBut given WhatsApp has already been used to misinform voters in other elections and spread damaging “fake news” that has led to serious violence in India, there’s a danger this could also pose a threat to the democratic process.\r\n\r\nKeen to extend the power of social media mobilised in the 2014 election, India’s ruling Bharatiya Janata Party (BJP) is trying to target smartphone-owning voters at the grass roots. More than 900,000 volunteer “cell phone pramukhs” are creating neighbourhood-based WhatsApp groups to disseminate information about the BJP’s development achievements and prime minister Narendra Modi’s campaign activities. Meanwhile, the opposition Indian National Congress party is playing catch up with the launch of its “Digital Sathi” app and the appointment of their own volunteers to coordinate local digital campaigns.\r\n\r\nBut there’s good reason to think the widespread popularity of WhatsApp in India could have a damaging effect on the election. For one thing, the 2018 Brazilian elections and recent state-level elections in India exposed how WhatsApp is being used to rapidly share messages intended to misinform voters for political gain.\r\n\r\nBut India also has specific conditions related to the use of WhatsApp. While parties across India’s political spectrum – as well as globally – increasingly seek to gain from fake news by manipulating public opinion, the Hindu right has been far more successful at mobilising a common socio-political identity through media like WhatsApp. In particular, invitation-only groups have spread virulent and vitriolic messages that have played a role in cultivating a strong nationalist identity.\r\n\r\nThe recent conflict with Pakistan over Kashmir, which is likely to play an influential role in the election, has led to the spread of viral content that has stoked public tension, as well as a reported flood of misinformation.\r\n\r\nUltimately, the role of WhatsApp in Indian politics needs to be understood through the interaction of technology with wider social and cultural issues. WhatsApp is a tool that amplifies certain tendencies that already exist in Indian society. For example, incidents of lynching might have much more to do with incitement to violence in a divided society than with an app that potentially facilitates the spread of rumours. Similarly, messages that promote hatred on religious, caste and gender lines rely on prevailing social cleavages.\r\n\r\nWe need a more well-rounded understanding of the emerging links between digital politics and the public sphere. How is (mis)information circulated by messaging apps related to more traditional forms of political campaigns, such as door to door canvassing, rallies and speeches? And how do these different spheres influence political participation and allegiance in different ways? This knowledge needs to be the starting point of any intervention to address WhatsApp’s role in misinformation during elections.','India’s 2019 national elections were widely anticipated to be the “WhatsApp elections”. Against a backdrop of rapidly improving internet connectivity and rising smartphone use, the number of people using private messaging service WhatsApp has soared since its India launch in mid-2010 to more than 200m – more users than in any other democracy. And now the country’s political parties are moving to capitalise on this mass communication channel.\r\n\r\nBut given WhatsApp has already been used to misinform voters in other elections and spread damaging “fake news” that has led to serious violence in India, there’s a danger this could also pose a threat to the democratic process.\r\n\r\nKeen to extend the power of social media mobilised in the 2014 election, India’s ruling Bharatiya Janata Party (BJP) is trying to target smartphone-owning voters at the grass roots. More than 900,000 volunteer “cell phone pramukhs” are creating neighbourhood-based WhatsApp groups to disseminate information about the BJP’s development achievements and prime minister Narendra Modi’s campaign activities. Meanwhile, the opposition Indian National Congress party is playing catch up with the launch of its “Digital Sathi” app and the appointment of their own volunteers to coordinate local digital campaigns.\r\n\r\nBut there’s good reason to think the widespread popularity of WhatsApp in India could have a damaging effect on the election. For one thing, the 2018 Brazilian elections and recent state-level elections in India exposed how WhatsApp is being used to rapidly share messages intended to misinform voters for political gain.\r\n\r\nBut India also has specific conditions related to the use of WhatsApp. While parties across India’s political spectrum – as well as globally – increasingly seek to gain from fake news by manipulating public opinion, the Hindu right has been far more successful at mobilising a common socio-political identity through media like WhatsApp. In particular, invitation-only groups have spread virulent and vitriolic messages that have played a role in cultivating a strong nationalist identity.\r\n\r\nThe recent conflict with Pakistan over Kashmir, which is likely to play an influential role in the election, has led to the spread of viral content that has stoked public tension, as well as a reported flood of misinformation.\r\n\r\nUltimately, the role of WhatsApp in Indian politics needs to be understood through the interaction of technology with wider social and cultural issues. WhatsApp is a tool that amplifies certain tendencies that already exist in Indian society. For example, incidents of lynching might have much more to do with incitement to violence in a divided society than with an app that potentially facilitates the spread of rumours. Similarly, messages that promote hatred on religious, caste and gender lines rely on prevailing social cleavages.\r\n\r\nWe need a more well-rounded understanding of the emerging links between digital politics and the public sphere. How is (mis)information circulated by messaging apps related to more traditional forms of political campaigns, such as door to door canvassing, rallies and speeches? And how do these different spheres influence political participation and allegiance in different ways? This knowledge needs to be the starting point of any intervention to address WhatsApp’s role in misinformation during elections.',1,'true',0,0,0,'','6 Min Read','approved','2019-08-31 14:17:29',NULL),(116,'qwwee',NULL,'Xgxgddxgx',NULL,245,'false',NULL,NULL,NULL,NULL,NULL,'unapproved','2019-09-02 18:23:31',NULL),(117,'Dxtvtvyctvt',NULL,'Grtgtbybyb',NULL,244,'false',NULL,NULL,NULL,NULL,NULL,'unapproved','2019-09-02 18:23:32',NULL),(118,'AstraZeneca I have a great weekend and I didn\'t know',NULL,'Dear the build as sign R Opostcreate',NULL,245,'false',4,831,NULL,NULL,NULL,'unapproved','2019-09-02 19:37:26',NULL),(119,'hdddgs',NULL,'Hddydhxgxh',NULL,245,'false',4,831,NULL,NULL,NULL,'unapproved','2019-09-02 19:41:51',NULL),(120,'Qetu',NULL,'Dysdydydyd',NULL,244,'false',NULL,NULL,NULL,NULL,NULL,'unapproved','2019-09-03 11:09:37',NULL),(121,'Sep 3',NULL,'New post to be tested today ',NULL,178,'false',17,942,NULL,NULL,NULL,'unapproved','2019-09-03 11:13:04',NULL),(122,'DPS',NULL,'Hey how are you doing today ',NULL,178,'false',17,942,NULL,NULL,NULL,'unapproved','2019-09-03 11:37:48',NULL),(123,'testing',NULL,'Testing',NULL,194,'false',NULL,NULL,NULL,NULL,NULL,'unapproved','2019-09-03 11:56:08',NULL),(124,'  1',NULL,'   ',NULL,194,'false',NULL,NULL,NULL,NULL,NULL,'unapproved','2019-09-03 11:56:36',NULL),(125,'      ',NULL,'  ',NULL,194,'false',NULL,NULL,NULL,NULL,NULL,'unapproved','2019-09-03 11:57:22',NULL),(126,'haisks',NULL,'snsksksk',NULL,252,'false',NULL,NULL,NULL,NULL,NULL,'rejected','2019-09-04 23:48:57','2019-09-05 16:38:29'),(127,'yii5ueyidufuoffoigfjfojfiyxuudyff7ftufi9fo7fofoyoyodudufoufou7ofouffouuofifofoufyid8ydi5dyxkfifufjfjdjdysjfougouvuigoiufifucofofioxoufoufuofofojfojfifpififoigifoffifff7f8ydidyiydyydudiydufyiidiydyd',NULL,'je78',NULL,233,'false',NULL,NULL,NULL,NULL,NULL,'unapproved','2019-09-12 18:38:30',NULL),(128,'ssdfd','d','<p>sdsasas</p>\r\n','<p>sdsd</p>\r\n',1,'true',0,0,0,'','3','approved','2019-09-27 08:54:05',NULL),(129,'mm',',,,,,,,,,,,,,','<h2><q>mmmmmmmmmmmmmmmmmmmmmmmmmmm</q></h2>\r\n','<h1>nnnnnnnnnn</h1>\r\n',1,'true',7,848,563,'','m','approved','2020-01-18 14:40:57',NULL);
/*!40000 ALTER TABLE `ic_news_feed` ENABLE KEYS */;
UNLOCK TABLES;

--
-- Table structure for table `ic_news_media`
--

DROP TABLE IF EXISTS `ic_news_media`;
/*!40101 SET @saved_cs_client     = @@character_set_client */;
/*!40101 SET character_set_client = utf8 */;
CREATE TABLE `ic_news_media` (
  `media_id` int(11) unsigned NOT NULL AUTO_INCREMENT,
  `feed_id` int(11) unsigned NOT NULL,
  `media_name` varchar(255) COLLATE utf8_unicode_ci NOT NULL,
  `media_type` enum('image','video','audio') COLLATE utf8_unicode_ci NOT NULL,
  `media_thumbnail` varchar(255) COLLATE utf8_unicode_ci DEFAULT NULL,
  `added_on` datetime NOT NULL,
  PRIMARY KEY (`media_id`),
  KEY `feed_id` (`feed_id`),
  CONSTRAINT `ic_news_media_ibfk_1` FOREIGN KEY (`feed_id`) REFERENCES `ic_news_feed` (`feed_id`) ON DELETE CASCADE ON UPDATE CASCADE
) ENGINE=InnoDB AUTO_INCREMENT=124 DEFAULT CHARSET=utf8 COLLATE=utf8_unicode_ci COMMENT='News Feed Media';
/*!40101 SET character_set_client = @saved_cs_client */;

--
-- Dumping data for table `ic_news_media`
--

LOCK TABLES `ic_news_media` WRITE;
/*!40000 ALTER TABLE `ic_news_media` DISABLE KEYS */;
INSERT INTO `ic_news_media` VALUES (5,14,'news/14615fa448.jpeg','image',NULL,'2019-05-02 07:09:58'),(12,22,'news/220c114a9e.jpeg','image',NULL,'2019-05-05 19:12:31'),(13,22,'news/2212ff9a2d.jpeg','image',NULL,'2019-05-05 19:12:31'),(18,24,'news/241b9f97a2.jpeg','image',NULL,'2019-05-07 09:33:00'),(19,25,'news/25bc61e56a.jpeg','image',NULL,'2019-05-07 09:33:40'),(20,26,'news/2646d1980e.mp4','video','news/thumbnail/thumb_1557221716.jpg','2019-05-07 09:35:16'),(31,47,'news/47b9039145.mp4','video','news/thumbnail/thumb_1557318570.jpg','2019-05-08 12:29:30'),(33,49,'news/491e488851.jpeg','image',NULL,'2019-05-08 12:32:25'),(34,49,'news/499717b5c8.mp4','video','news/thumbnail/thumb_1557318745.jpg','2019-05-08 12:32:25'),(35,51,'news/5190db27fa.jpeg','image',NULL,'2019-05-09 06:57:29'),(36,52,'news/5217463ec4.png','image',NULL,'2019-05-09 06:59:27'),(42,58,'news/58523df5a6.jpeg','image',NULL,'2019-05-09 07:31:33'),(43,59,'news/59934307c5.jpeg','image',NULL,'2019-05-09 07:35:02'),(44,59,'news/5901bbd8f9.mp4','video','news/thumbnail/thumb_1557387302.jpg','2019-05-09 07:35:02'),(45,60,'news/6030380a80.jpeg','image',NULL,'2019-05-10 08:56:52'),(50,66,'news/661d103fb5.jpeg','image',NULL,'2019-05-10 09:14:10'),(51,68,'news/6800b8e765.jpeg','image',NULL,'2019-08-14 12:32:32'),(52,70,'news/700a16b097.jpeg','image',NULL,'2019-08-16 14:19:20'),(53,71,'news/71622fac66.jpeg','image',NULL,'2019-08-16 14:37:53'),(54,72,'news/72caac0fd1.jpeg','image',NULL,'2019-08-17 12:00:18'),(55,74,'news/741f89885d.jpeg','image',NULL,'2019-08-21 12:06:57'),(56,75,'news/75bd9f3e61.png','image',NULL,'2019-08-21 12:07:16'),(57,76,'news/7618fb6c9e.mp4','video','news/thumbnail/thumb_1566369624.jpg','2019-08-21 12:10:24'),(58,76,'news/7632364276.png','image',NULL,'2019-08-21 12:10:24'),(59,76,'news/76856b1cac.mp4','video','news/thumbnail/thumb_1566369624.jpg','2019-08-21 12:10:24'),(60,77,'news/77439e5d78.mp4','video','news/thumbnail/thumb_1566369626.jpg','2019-08-21 12:10:26'),(61,77,'news/776d378c1d.jpeg','image',NULL,'2019-08-21 12:10:26'),(62,77,'news/774c24085b.jpeg','image',NULL,'2019-08-21 12:10:26'),(63,78,'news/7801dbb59d.jpeg','image',NULL,'2019-08-21 12:11:11'),(64,79,'news/7968c1f25d.png','image',NULL,'2019-08-21 12:11:29'),(65,80,'news/80c5577d92.mp4','video','news/thumbnail/thumb_1566369722.jpg','2019-08-21 12:12:02'),(66,81,'news/810c8fc7ad.mp4','video','news/thumbnail/thumb_1566369760.jpg','2019-08-21 12:12:40'),(67,82,'news/82addc2ba6.png','image',NULL,'2019-08-21 13:03:55'),(68,83,'news/83d6153eb9.png','image',NULL,'2019-08-21 18:08:18'),(69,84,'news/8413833902.png','image',NULL,'2019-08-21 18:09:19'),(70,85,'news/855934fb29.png','image',NULL,'2019-08-21 18:22:31'),(71,86,'news/86659815cc.png','image',NULL,'2019-08-21 18:48:58'),(72,87,'news/875f1a7454.png','image',NULL,'2019-08-23 12:46:55'),(73,87,'news/873c42555a.mp4','video','news/thumbnail/thumb_1566544615.jpg','2019-08-23 12:46:55'),(74,87,'news/877669978d.png','image',NULL,'2019-08-23 12:46:55'),(75,87,'news/8717b276ec.mp4','video','news/thumbnail/thumb_1566544616.jpg','2019-08-23 12:46:55'),(76,88,'news/88b2aa90f8.jpeg','image',NULL,'2019-08-23 13:03:48'),(77,88,'news/8887217503.jpeg','image',NULL,'2019-08-23 13:03:48'),(78,88,'news/880b7d6a00.mp4','video','news/thumbnail/thumb_1566545628.jpg','2019-08-23 13:03:48'),(79,89,'news/89954f36b8.png','image',NULL,'2019-08-23 13:11:24'),(80,90,'news/903aa5bcc5.jpeg','image',NULL,'2019-08-23 13:22:06'),(81,91,'news/91aff2f2fc.png','image',NULL,'2019-08-23 16:49:10'),(82,93,'news/93ceba9dbb.jpeg','image',NULL,'2019-08-24 15:59:09'),(84,95,'news/95818e9df1.jpeg','image',NULL,'2019-08-26 11:06:49'),(85,95,'news/95c1dc18e5.jpeg','image',NULL,'2019-08-26 11:06:49'),(86,95,'news/95d219a74f.jpeg','image',NULL,'2019-08-26 11:06:49'),(87,96,'news/9616a1f844.png','image',NULL,'2019-08-28 14:14:52'),(88,97,'news/97ca8f6ca9.png','image',NULL,'2019-08-28 14:15:16'),(89,98,'news/982c624626.jpeg','image',NULL,'2019-08-28 14:27:02'),(90,99,'news/9977f52c94.jpeg','image',NULL,'2019-08-28 19:07:26'),(91,99,'news/9904ad4a14.jpeg','image',NULL,'2019-08-28 19:07:26'),(92,99,'news/993f258712.mp4','video','news/thumbnail/thumb_1566999446.jpg','2019-08-28 19:07:26'),(93,99,'news/99480b6351.mp4','video','news/thumbnail/thumb_1566999447.jpg','2019-08-28 19:07:26'),(94,99,'news/99338791ea.jpeg','image',NULL,'2019-08-28 19:07:26'),(95,100,'news/1001309167c.jpeg','image',NULL,'2019-08-28 19:11:29'),(96,100,'news/10018ebf96a.jpeg','image',NULL,'2019-08-28 19:11:29'),(97,100,'news/1004c37107b.mp4','video','news/thumbnail/thumb_1566999689.jpg','2019-08-28 19:11:29'),(98,101,'news/101f339e178.jpeg','image',NULL,'2019-08-29 17:06:45'),(99,101,'news/101a56af13f.mp4','video','news/thumbnail/thumb_1567078605.jpg','2019-08-29 17:06:45'),(100,101,'news/1010a493462.mp4','video','news/thumbnail/thumb_1567078606.jpg','2019-08-29 17:06:45'),(101,101,'news/101868a5437.jpeg','image',NULL,'2019-08-29 17:06:45'),(102,106,'news/106533b878d.jpeg','image',NULL,'2019-08-29 18:02:12'),(103,106,'news/106238c150a.mp4','video','news/thumbnail/thumb_1567081932.jpg','2019-08-29 18:02:12'),(104,106,'news/10648e2b728.jpeg','image',NULL,'2019-08-29 18:02:12'),(106,111,'news/11146068977.jpeg','image',NULL,'2019-08-30 15:06:26'),(107,113,'news/113cd2473ee.png','image',NULL,'2019-08-30 16:15:17'),(108,114,'news/114d8b2d48e.png','image',NULL,'2019-08-30 18:25:00'),(109,115,'news/11503931ca4.png','image',NULL,'2019-08-31 14:17:29'),(110,116,'news/11690c66a47.jpeg','image',NULL,'2019-09-02 18:23:31'),(111,117,'news/117a4a7d4cd.png','image',NULL,'2019-09-02 18:23:32'),(112,118,'news/118dc0a565d.jpeg','image',NULL,'2019-09-02 19:37:26'),(113,118,'news/11804fe3a85.mp4','video','news/thumbnail/thumb_1567433246.jpg','2019-09-02 19:37:26'),(114,118,'news/11847f17aa9.jpeg','image',NULL,'2019-09-02 19:37:26'),(115,120,'news/12017373c33.png','image',NULL,'2019-09-03 11:09:37'),(116,120,'news/120af38aca9.mp4','video','news/thumbnail/thumb_1567489177.jpg','2019-09-03 11:09:37'),(117,120,'news/120376d0d62.png','image',NULL,'2019-09-03 11:09:37'),(118,120,'news/120e3a88c11.mp4','video','news/thumbnail/thumb_1567489177.jpg','2019-09-03 11:09:37'),(119,121,'news/1215257226a.png','image',NULL,'2019-09-03 11:13:04'),(120,122,'news/122b0957672.png','image',NULL,'2019-09-03 11:37:48'),(121,123,'news/123df139a4a.jpeg','image',NULL,'2019-09-03 11:56:08'),(122,126,'news/126b219918b.jpeg','image',NULL,'2019-09-04 23:48:57'),(123,128,'news/128a552e1db.mp4','video','news/thumbnail/thumb_1569554645.jpg','2019-09-27 08:54:05');
/*!40000 ALTER TABLE `ic_news_media` ENABLE KEYS */;
UNLOCK TABLES;

--
-- Table structure for table `ic_notification`
--

DROP TABLE IF EXISTS `ic_notification`;
/*!40101 SET @saved_cs_client     = @@character_set_client */;
/*!40101 SET character_set_client = utf8 */;
CREATE TABLE `ic_notification` (
  `notification_id` int(11) unsigned NOT NULL AUTO_INCREMENT,
  `activity_id` smallint(1) unsigned NOT NULL,
  `action_id` int(1) DEFAULT NULL,
  `user_id` int(1) DEFAULT NULL,
  `receiver_id` int(1) DEFAULT NULL,
  `message_en` text COLLATE utf8_unicode_ci,
  `message_hi` text COLLATE utf8_unicode_ci,
  `state_filter` tinyint(3) unsigned DEFAULT NULL,
  `district_filter` smallint(5) unsigned DEFAULT NULL,
  `ac_filter` int(10) unsigned DEFAULT NULL,
  `group_filter` varchar(50) COLLATE utf8_unicode_ci DEFAULT NULL,
  `created_on` datetime NOT NULL,
  `status` enum('read','unread') COLLATE utf8_unicode_ci NOT NULL DEFAULT 'unread',
  `read_user` text COLLATE utf8_unicode_ci,
  `type` enum('global','local') COLLATE utf8_unicode_ci DEFAULT 'local',
  PRIMARY KEY (`notification_id`)
) ENGINE=InnoDB AUTO_INCREMENT=201 DEFAULT CHARSET=utf8 COLLATE=utf8_unicode_ci;
/*!40101 SET character_set_client = @saved_cs_client */;

--
-- Dumping data for table `ic_notification`
--

LOCK TABLES `ic_notification` WRITE;
/*!40000 ALTER TABLE `ic_notification` DISABLE KEYS */;
INSERT INTO `ic_notification` VALUES (1,6,3,1,0,'Rate the performance of your MP','Rate the performance of your MP',0,0,0,'','2019-05-01 09:43:00','unread','141,147','global'),(2,2,2,0,146,'English','Hindi',NULL,NULL,NULL,NULL,'2019-05-01 09:44:28','unread','141,110,145,160,162,166,121,147,183,181','local'),(3,2,2,0,145,'Test','Test hindi',NULL,NULL,NULL,NULL,'2019-05-01 09:45:33','read','141,110,145,160,162,166,121,147,183,181','local'),(4,2,1,0,109,'Check','Check',NULL,NULL,NULL,NULL,'2019-05-01 10:18:18','unread','181','local'),(5,2,1,0,109,'gfhjg','ghjghj',NULL,NULL,NULL,NULL,'2019-05-01 10:21:22','unread','181','local'),(6,2,1,0,109,'Complete your task','Complete your task',NULL,NULL,NULL,NULL,'2019-05-01 10:24:05','unread','181','local'),(7,2,3,1,120,'Profile building: Political aspirations section','प्रोफ़ाइल निर्माण: राजनीतिक आकांक्षाएं अनुभाग',NULL,NULL,NULL,NULL,'2019-05-01 10:32:38','unread','141,145,160,162,166','local'),(8,2,3,1,121,'Profile building: Political aspirations section','प्रोफ़ाइल निर्माण: राजनीतिक आकांक्षाएं अनुभाग',NULL,NULL,NULL,NULL,'2019-05-01 10:32:39','unread','141,145,160,162,166','local'),(9,2,3,1,129,'Profile building: Political aspirations section','प्रोफ़ाइल निर्माण: राजनीतिक आकांक्षाएं अनुभाग',NULL,NULL,NULL,NULL,'2019-05-01 10:32:39','unread','141,145,160,162,166','local'),(10,2,3,1,140,'Profile building: Political aspirations section','प्रोफ़ाइल निर्माण: राजनीतिक आकांक्षाएं अनुभाग',NULL,NULL,NULL,NULL,'2019-05-01 10:32:39','unread','141,145,160,162,166','local'),(11,2,3,1,146,'Profile building: Political aspirations section','प्रोफ़ाइल निर्माण: राजनीतिक आकांक्षाएं अनुभाग',NULL,NULL,NULL,NULL,'2019-05-01 10:32:39','unread','141,145,160,162,166','local'),(12,2,3,1,150,'Profile building: Political aspirations section','प्रोफ़ाइल निर्माण: राजनीतिक आकांक्षाएं अनुभाग',NULL,NULL,NULL,NULL,'2019-05-01 10:32:39','unread','141,145,160,162,166','local'),(13,2,3,1,109,'Profile building: Political aspirations section','प्रोफ़ाइल निर्माण: राजनीतिक आकांक्षाएं अनुभाग',NULL,NULL,NULL,NULL,'2019-05-01 10:40:00','unread','141,145,160,162,166','local'),(14,2,3,1,110,'Profile building: Political aspirations section','प्रोफ़ाइल निर्माण: राजनीतिक आकांक्षाएं अनुभाग',NULL,NULL,NULL,NULL,'2019-05-01 10:40:00','read','141,145,160,162,166','local'),(15,2,3,1,117,'Profile building: Political aspirations section','प्रोफ़ाइल निर्माण: राजनीतिक आकांक्षाएं अनुभाग',NULL,NULL,NULL,NULL,'2019-05-01 10:40:00','unread','141,145,160,162,166','local'),(16,2,3,1,120,'Profile building: Political aspirations section','प्रोफ़ाइल निर्माण: राजनीतिक आकांक्षाएं अनुभाग',NULL,NULL,NULL,NULL,'2019-05-01 10:40:00','unread','141,145,160,162,166','local'),(17,2,3,1,121,'Profile building: Political aspirations section','प्रोफ़ाइल निर्माण: राजनीतिक आकांक्षाएं अनुभाग',NULL,NULL,NULL,NULL,'2019-05-01 10:40:01','unread','141,145,160,162,166','local'),(18,2,3,1,129,'Profile building: Political aspirations section','प्रोफ़ाइल निर्माण: राजनीतिक आकांक्षाएं अनुभाग',NULL,NULL,NULL,NULL,'2019-05-01 10:40:01','unread','141,145,160,162,166','local'),(19,2,3,1,130,'Profile building: Political aspirations section','प्रोफ़ाइल निर्माण: राजनीतिक आकांक्षाएं अनुभाग',NULL,NULL,NULL,NULL,'2019-05-01 10:40:01','unread','141,145,160,162,166','local'),(20,2,3,1,139,'Profile building: Political aspirations section','प्रोफ़ाइल निर्माण: राजनीतिक आकांक्षाएं अनुभाग',NULL,NULL,NULL,NULL,'2019-05-01 10:40:01','unread','141,145,160,162,166','local'),(21,2,3,1,140,'Profile building: Political aspirations section','प्रोफ़ाइल निर्माण: राजनीतिक आकांक्षाएं अनुभाग',NULL,NULL,NULL,NULL,'2019-05-01 10:40:01','unread','141,145,160,162,166','local'),(22,2,3,1,141,'Profile building: Political aspirations section','प्रोफ़ाइल निर्माण: राजनीतिक आकांक्षाएं अनुभाग',NULL,NULL,NULL,NULL,'2019-05-01 10:40:01','read','141,145,160,162,166','local'),(23,2,3,1,143,'Profile building: Political aspirations section','प्रोफ़ाइल निर्माण: राजनीतिक आकांक्षाएं अनुभाग',NULL,NULL,NULL,NULL,'2019-05-01 10:40:01','unread','162,166','local'),(24,2,3,1,146,'Profile building: Political aspirations section','प्रोफ़ाइल निर्माण: राजनीतिक आकांक्षाएं अनुभाग',NULL,NULL,NULL,NULL,'2019-05-01 10:40:01','unread','146,145,160,162,166','local'),(25,2,3,1,109,'Profile building: Political aspirations section','प्रोफ़ाइल निर्माण: राजनीतिक आकांक्षाएं अनुभाग',NULL,NULL,NULL,NULL,'2019-05-01 10:40:01','unread','162,166','local'),(26,2,3,1,150,'Profile building: Political aspirations section','प्रोफ़ाइल निर्माण: राजनीतिक आकांक्षाएं अनुभाग',NULL,NULL,NULL,NULL,'2019-05-01 10:40:01','unread','162,166','local'),(27,2,3,1,110,'Profile building: Political aspirations section','प्रोफ़ाइल निर्माण: राजनीतिक आकांक्षाएं अनुभाग',NULL,NULL,NULL,NULL,'2019-05-01 10:40:01','read','110,145,160,162,166','local'),(28,2,3,1,117,'Profile building: Political aspirations section','प्रोफ़ाइल निर्माण: राजनीतिक आकांक्षाएं अनुभाग',NULL,NULL,NULL,NULL,'2019-05-01 10:40:01','unread','162,166','local'),(29,2,3,1,120,'Profile building: Political aspirations section','प्रोफ़ाइल निर्माण: राजनीतिक आकांक्षाएं अनुभाग',NULL,NULL,NULL,NULL,'2019-05-01 10:40:01','unread','162,166','local'),(30,2,3,1,121,'Profile building: Political aspirations section','प्रोफ़ाइल निर्माण: राजनीतिक आकांक्षाएं अनुभाग',NULL,NULL,NULL,NULL,'2019-05-01 10:40:02','unread','162,166','local'),(31,2,3,1,129,'Profile building: Political aspirations section','प्रोफ़ाइल निर्माण: राजनीतिक आकांक्षाएं अनुभाग',NULL,NULL,NULL,NULL,'2019-05-01 10:40:02','unread','162,166','local'),(32,2,3,1,130,'Profile building: Political aspirations section','प्रोफ़ाइल निर्माण: राजनीतिक आकांक्षाएं अनुभाग',NULL,NULL,NULL,NULL,'2019-05-01 10:40:02','unread','162,166','local'),(33,2,3,1,139,'Profile building: Political aspirations section','प्रोफ़ाइल निर्माण: राजनीतिक आकांक्षाएं अनुभाग',NULL,NULL,NULL,NULL,'2019-05-01 10:40:02','unread','162,166','local'),(34,2,3,1,140,'Profile building: Political aspirations section','प्रोफ़ाइल निर्माण: राजनीतिक आकांक्षाएं अनुभाग',NULL,NULL,NULL,NULL,'2019-05-01 10:40:02','unread','162,166','local'),(35,2,3,1,141,'Profile building: Political aspirations section','प्रोफ़ाइल निर्माण: राजनीतिक आकांक्षाएं अनुभाग',NULL,NULL,NULL,NULL,'2019-05-01 10:40:02','read','141,145,160,162,166','local'),(36,2,3,1,143,'Profile building: Political aspirations section','प्रोफ़ाइल निर्माण: राजनीतिक आकांक्षाएं अनुभाग',NULL,NULL,NULL,NULL,'2019-05-01 10:40:02','unread','162,166','local'),(37,2,3,1,146,'Profile building: Political aspirations section','प्रोफ़ाइल निर्माण: राजनीतिक आकांक्षाएं अनुभाग',NULL,NULL,NULL,NULL,'2019-05-01 10:40:02','unread','146,145,160,162,166','local'),(38,2,3,1,150,'Profile building: Political aspirations section','प्रोफ़ाइल निर्माण: राजनीतिक आकांक्षाएं अनुभाग',NULL,NULL,NULL,NULL,'2019-05-01 10:40:02','unread','162,166','local'),(39,2,1,0,109,'yt','yer',NULL,NULL,NULL,NULL,'2019-05-01 10:41:15','unread','181','local'),(40,2,1,0,109,'fghfr','hsr',NULL,NULL,NULL,NULL,'2019-05-01 10:42:01','unread','181','local'),(41,2,1,0,145,'fgh','gr',NULL,NULL,NULL,NULL,'2019-05-01 10:43:03','read','181','local'),(42,2,1,0,109,'rgtr','try',NULL,NULL,NULL,NULL,'2019-05-01 10:44:09','unread','181','local'),(43,2,3,1,145,'Profile building: Political aspirations section','प्रोफ़ाइल निर्माण: राजनीतिक आकांक्षाएं अनुभाग',NULL,NULL,NULL,NULL,'2019-05-01 10:46:55','read','162,166','local'),(44,2,3,1,146,'Profile building: Political aspirations section','प्रोफ़ाइल निर्माण: राजनीतिक आकांक्षाएं अनुभाग',NULL,NULL,NULL,NULL,'2019-05-01 10:46:55','unread','162,166','local'),(45,2,1,0,109,'vbgfhfghgfh','hfhfhf',NULL,NULL,NULL,NULL,'2019-05-01 10:50:53','unread','181','local'),(46,2,1,0,144,'tryh','yrtyrt',NULL,NULL,NULL,NULL,'2019-05-01 10:52:15','unread','181','local'),(47,3,10,10,146,'DVD',NULL,NULL,NULL,NULL,NULL,'2019-05-01 11:34:57','unread','146','local'),(48,3,11,10,145,'dydhd',NULL,NULL,NULL,NULL,NULL,'2019-05-01 11:35:07','read','145','local'),(49,1,NULL,10,0,'test','test',0,0,0,'3','2019-05-01 11:49:12','unread','146','global'),(50,6,4,10,0,'testing text ','testing text ',0,0,0,'3','2019-05-01 12:57:29','unread','146','global'),(51,6,5,10,0,'Final testing of poll','Notification testing.',0,0,0,'','2019-05-01 13:45:01','unread','141,147','global'),(52,3,8,10,145,'etstst',NULL,NULL,NULL,NULL,NULL,'2019-05-01 13:45:43','read','145','local'),(53,5,12,10,0,'wedfwf','erw',0,0,0,'','2019-05-01 13:48:01','unread','147','global'),(54,2,4,10,145,'Profile building: Personal section','प्रोफ़ाइल निर्माण: व्यक्तिगत अनुभाग',NULL,NULL,NULL,NULL,'2019-05-01 13:54:01','read','145','local'),(55,1,NULL,10,0,'tew','rre',0,0,0,'3','2019-05-01 13:54:01','unread','145','global'),(56,1,11,10,0,'test','test',0,0,0,'3','2019-05-01 14:27:02','unread','145','global'),(57,1,12,10,0,'test','test',0,0,0,'3','2019-05-01 14:30:02','unread','145','global'),(58,1,13,10,0,'test','test',0,0,0,'3','2019-05-01 14:39:02','unread','145','global'),(59,6,6,1,0,'Who will win the 2019 elections?','Who will win the 2019 elections?',10,0,0,'','2019-05-02 06:48:01','unread',NULL,'global'),(60,3,14,1,152,'Rally for equal rights',NULL,NULL,NULL,NULL,NULL,'2019-05-02 07:02:32','read','152','local'),(61,3,19,1,141,'dyxy',NULL,NULL,NULL,NULL,NULL,'2019-05-03 10:11:00','read','141','local'),(62,5,20,1,0,'Game Changer','Game Changer',0,0,0,'','2019-05-03 10:21:01','unread','146,145,141,110,152,109,161,178,188,147,226,187,238,240,242','global'),(63,5,21,1,0,'Get started','Get started',10,0,0,'','2019-05-04 08:06:01','unread','178,188,226,187,238,240','global'),(64,3,22,10,141,'hxhxgx',NULL,NULL,NULL,NULL,NULL,'2019-05-05 19:12:47','unread','141','local'),(66,7,24,12,109,'Hello this is test','Hello this is test',NULL,NULL,NULL,NULL,'2019-05-06 07:53:40','unread','109','local'),(67,7,28,1,111,'Hello, I am good','Hello, I am good',NULL,NULL,NULL,NULL,'2019-05-06 10:04:56','unread','111','local'),(68,7,29,1,111,'okay','okay',NULL,NULL,NULL,NULL,'2019-05-06 10:10:31','unread','111','local'),(69,7,34,10,108,'mai plk nahi hu','mai plk nahi hu',NULL,NULL,NULL,NULL,'2019-05-06 12:34:20','unread',NULL,'local'),(70,7,39,10,108,'hey','hey',NULL,NULL,NULL,NULL,'2019-05-06 12:56:37','unread',NULL,'local'),(71,7,41,1,111,'ok','ok',NULL,NULL,NULL,NULL,'2019-05-06 13:04:37','unread','111','local'),(72,7,58,10,111,'hey','hey',NULL,NULL,NULL,NULL,'2019-05-06 15:31:05','unread','111','local'),(73,7,60,1,111,'i m good','i m good',NULL,NULL,NULL,NULL,'2019-05-06 15:38:37','unread',NULL,'local'),(74,7,70,1,111,'hello','hello',NULL,NULL,NULL,NULL,'2019-05-07 06:53:15','unread',NULL,'local'),(75,7,75,1,111,'hi','hi',NULL,NULL,NULL,NULL,'2019-05-07 07:40:52','unread',NULL,'local'),(76,7,80,1,111,'vvs','vvs',NULL,NULL,NULL,NULL,'2019-05-07 07:45:57','unread',NULL,'local'),(77,5,23,1,0,'Nitish Kumar does ground meetings to discuss local issues','Nitish Kumar does ground meetings to discuss local issues',0,0,0,'','2019-05-07 09:27:01','unread','146,145,155,141,110,152,109,161,178,188,147,226,187,238,240,242','global'),(78,3,24,1,155,'Bhagalpur map ',NULL,NULL,NULL,NULL,NULL,'2019-05-07 09:38:28','unread','155','local'),(79,6,7,1,0,'Rate your Local body representative ','Rate your Local body representative ',0,0,0,'','2019-05-07 10:03:02','unread','146,145,155,141,152,147','global'),(80,7,86,12,108,'hi','hi',NULL,NULL,NULL,NULL,'2019-05-07 13:38:11','unread',NULL,'local'),(81,2,3,10,141,'Profile building: Political aspirations section','प्रोफ़ाइल निर्माण: राजनीतिक आकांक्षाएं अनुभाग',NULL,NULL,NULL,NULL,'2019-05-07 14:35:01','unread','162,166','local'),(82,7,95,10,141,'hey','hey',NULL,NULL,NULL,NULL,'2019-05-08 07:07:27','unread','141','local'),(83,7,96,10,143,'hey','hey',NULL,NULL,NULL,NULL,'2019-05-08 08:23:50','unread',NULL,'local'),(84,7,104,10,141,'hi','hi',NULL,NULL,NULL,NULL,'2019-05-08 08:35:22','unread','141','local'),(85,7,111,12,141,'test','test',NULL,NULL,NULL,NULL,'2019-05-08 08:52:58','unread','141','local'),(86,7,112,10,109,'gfff','gfff',NULL,NULL,NULL,NULL,'2019-05-08 08:59:26','unread','109','local'),(87,7,114,12,141,'hello','hello',NULL,NULL,NULL,NULL,'2019-05-08 09:29:09','unread','141','local'),(88,7,115,12,141,'dscds','dscds',NULL,NULL,NULL,NULL,'2019-05-08 09:30:18','unread','1,141','local'),(90,7,118,12,108,'adscda','adscda',NULL,NULL,NULL,NULL,'2019-05-08 09:39:34','unread',NULL,'local'),(92,7,120,10,143,'hu','hu',NULL,NULL,NULL,NULL,'2019-05-08 09:41:26','unread',NULL,'local'),(93,7,121,10,0,'hgfhfgh','hgfhfgh',NULL,NULL,NULL,NULL,'2019-05-08 09:41:37','unread',NULL,'local'),(94,7,122,10,143,'jgjhg','jgjhg',NULL,NULL,NULL,NULL,'2019-05-08 09:41:49','unread',NULL,'local'),(95,7,123,10,0,'jgj','jgj',NULL,NULL,NULL,NULL,'2019-05-08 09:41:55','unread',NULL,'local'),(96,7,124,10,143,'kgkj','kgkj',NULL,NULL,NULL,NULL,'2019-05-08 09:42:05','unread',NULL,'local'),(97,7,125,12,108,'svs','svs',NULL,NULL,NULL,NULL,'2019-05-08 09:47:33','unread',NULL,'local'),(98,7,127,10,109,'tr','tr',NULL,NULL,NULL,NULL,'2019-05-08 09:48:47','unread','109','local'),(100,7,131,10,109,'jkhk','jkhk',NULL,NULL,NULL,NULL,'2019-05-08 09:51:19','unread','109','local'),(102,7,133,12,108,'xvdfv','xvdfv',NULL,NULL,NULL,NULL,'2019-05-08 09:51:42','unread',NULL,'local'),(103,7,134,10,109,'nghjngj','nghjngj',NULL,NULL,NULL,NULL,'2019-05-08 09:51:44','unread','109','local'),(104,7,135,10,109,'jhgjgj','jhgjgj',NULL,NULL,NULL,NULL,'2019-05-08 09:51:48','unread','109','local'),(105,7,136,12,108,'dvfdvd','dvfdvd',NULL,NULL,NULL,NULL,'2019-05-08 09:51:49','unread',NULL,'local'),(106,7,137,12,108,'sfsdsd','sfsdsd',NULL,NULL,NULL,NULL,'2019-05-08 09:51:55','unread','PK','local'),(107,7,138,10,109,'jiui','jiui',NULL,NULL,NULL,NULL,'2019-05-08 09:51:57','unread','PK,109','local'),(108,7,139,10,109,'uiyiu','uiyiu',NULL,NULL,NULL,NULL,'2019-05-08 09:52:03','unread','PK,109','local'),(109,7,144,10,109,'tyhfyhf','tyhfyhf',NULL,NULL,NULL,NULL,'2019-05-08 09:58:23','unread','PK,109','local'),(110,7,145,10,109,'ftdt','ftdt',NULL,NULL,NULL,NULL,'2019-05-08 09:59:16','unread','109','local'),(111,7,148,10,109,'Yes','Yes',NULL,NULL,NULL,NULL,'2019-05-08 10:04:04','unread','109','local'),(112,7,151,10,109,'ghjjdfh','ghjjdfh',NULL,NULL,NULL,NULL,'2019-05-08 10:08:02','unread','109','local'),(113,7,152,10,109,'ghjjdfh','ghjjdfh',NULL,NULL,NULL,NULL,'2019-05-08 10:08:12','unread','109','local'),(114,5,39,12,0,'Lok Sabha Election 2019','Lok Sabha Election 2019',0,0,0,'','2019-05-08 10:42:01','unread','110,141,155,145,152,109,161,178,188,147,226,187,238,240,242','global'),(115,5,40,12,0,'Over 62 per cent overall voter turnout recorded in Phase 5','Over 62 per cent overall voter turnout recorded in Phase 5',0,0,0,'','2019-05-08 11:30:02','unread','157,110,141,155,145,152,109,161,178,188,147,226,187,238,240,242','global'),(116,7,158,12,157,'test','test',NULL,NULL,NULL,NULL,'2019-05-08 11:33:57','unread','157','local'),(117,7,170,12,141,'test','test',NULL,NULL,NULL,NULL,'2019-05-09 07:48:30','unread','141','local'),(118,7,175,10,160,'123456','123456',NULL,NULL,NULL,NULL,'2019-05-09 13:08:38','unread','160','local'),(119,2,3,10,160,'Profile building: Political aspirations section','प्रोफ़ाइल निर्माण: राजनीतिक आकांक्षाएं अनुभाग',NULL,NULL,NULL,NULL,'2019-05-09 13:24:01','unread','162,166','local'),(120,7,179,10,141,'qwertyuiop','qwertyuiop',NULL,NULL,NULL,NULL,'2019-05-09 14:04:43','unread','141','local'),(121,3,38,10,141,'gzgxxg',NULL,NULL,NULL,NULL,NULL,'2019-05-09 14:15:58','unread','141','local'),(122,7,184,10,141,'yghhu','yghhu',NULL,NULL,NULL,NULL,'2019-05-09 14:21:46','unread','141','local'),(123,2,3,10,162,'Profile building: Political aspirations section','प्रोफ़ाइल निर्माण: राजनीतिक आकांक्षाएं अनुभाग',NULL,NULL,NULL,NULL,'2019-05-10 07:35:01','unread','162,166','local'),(124,7,195,10,161,'qwertyuiop','qwertyuiop',NULL,NULL,NULL,NULL,'2019-05-10 15:04:23','unread','161','local'),(125,7,196,10,161,'asdfghjk','asdfghjk',NULL,NULL,NULL,NULL,'2019-05-10 15:04:42','unread','161','local'),(126,7,199,10,145,'ytrtyryt','ytrtyryt',NULL,NULL,NULL,NULL,'2019-05-10 15:11:20','unread','145','local'),(127,2,3,10,166,'Profile building: Political aspirations section','प्रोफ़ाइल निर्माण: राजनीतिक आकांक्षाएं अनुभाग',NULL,NULL,NULL,NULL,'2019-05-10 15:18:01','unread','166','local'),(128,6,8,1,0,'Rate your Local MLA on a scale of 5 ','Rate your Local MLA on a scale of 5 ',0,0,0,'','2019-05-10 15:30:01','unread','147,110,157','global'),(129,7,208,10,109,'trythtyuhjt','trythtyuhjt',NULL,NULL,NULL,NULL,'2019-05-10 15:37:13','unread','109','local'),(130,3,69,1,180,'hi',NULL,NULL,NULL,NULL,NULL,'2019-08-16 11:14:11','unread','180','local'),(131,5,70,1,0,'21 Election Slogans That Decided The Fate Of Indian Politics','21 Election Slogans That Decided The Fate Of Indian Politics',0,0,0,'','2019-08-16 14:21:02','unread','178,188,170,147,226,110,187,238,240,242,241,157,233,180,194,184,245','global'),(132,5,71,1,0,'The grassroots \'guerilla army\' powering Macron\'s French election battle','The grassroots \'guerilla army\' powering Macron\'s French election battle',0,0,0,'','2019-08-16 14:39:01','unread','178,188,170,147,226,110,187,238,240,242,241,157,233,180,194,184,245','global'),(133,1,14,1,0,'Organise 2 \'Youth in Politics Chaupal\' in your region','Organise 2 \'Youth in Politics Chaupal\' in your region',0,0,0,NULL,'2019-08-16 16:36:02','unread','170,147,110,178,157,180,194,184','global'),(134,2,14,1,107,'Organise 2 \'Youth in Politics Chaupal\' in your region','Organise 2 \'Youth in Politics Chaupal\' in your region',NULL,NULL,NULL,NULL,'2019-08-16 16:39:01','unread','181','local'),(135,2,14,1,110,'Organise 2 \'Youth in Politics Chaupal\' in your region','Organise 2 \'Youth in Politics Chaupal\' in your region',NULL,NULL,NULL,NULL,'2019-08-16 16:39:01','unread','181,110','local'),(136,2,14,1,121,'Organise 2 \'Youth in Politics Chaupal\' in your region','Organise 2 \'Youth in Politics Chaupal\' in your region',NULL,NULL,NULL,NULL,'2019-08-16 16:39:01','unread','181','local'),(137,2,14,1,129,'Organise 2 \'Youth in Politics Chaupal\' in your region','Organise 2 \'Youth in Politics Chaupal\' in your region',NULL,NULL,NULL,NULL,'2019-08-16 16:39:01','unread','181','local'),(138,2,14,1,139,'Organise 2 \'Youth in Politics Chaupal\' in your region','Organise 2 \'Youth in Politics Chaupal\' in your region',NULL,NULL,NULL,NULL,'2019-08-16 16:39:01','unread','181','local'),(139,2,14,1,140,'Organise 2 \'Youth in Politics Chaupal\' in your region','Organise 2 \'Youth in Politics Chaupal\' in your region',NULL,NULL,NULL,NULL,'2019-08-16 16:39:01','unread','181','local'),(140,2,14,1,141,'Organise 2 \'Youth in Politics Chaupal\' in your region','Organise 2 \'Youth in Politics Chaupal\' in your region',NULL,NULL,NULL,NULL,'2019-08-16 16:39:02','unread','181','local'),(141,2,14,1,143,'Organise 2 \'Youth in Politics Chaupal\' in your region','Organise 2 \'Youth in Politics Chaupal\' in your region',NULL,NULL,NULL,NULL,'2019-08-16 16:39:02','unread','181','local'),(142,2,14,1,150,'Organise 2 \'Youth in Politics Chaupal\' in your region','Organise 2 \'Youth in Politics Chaupal\' in your region',NULL,NULL,NULL,NULL,'2019-08-16 16:39:02','unread','181','local'),(143,2,14,1,160,'Organise 2 \'Youth in Politics Chaupal\' in your region','Organise 2 \'Youth in Politics Chaupal\' in your region',NULL,NULL,NULL,NULL,'2019-08-16 16:39:02','unread','181','local'),(144,2,14,1,161,'Organise 2 \'Youth in Politics Chaupal\' in your region','Organise 2 \'Youth in Politics Chaupal\' in your region',NULL,NULL,NULL,NULL,'2019-08-16 16:39:02','unread','181','local'),(145,2,14,1,162,'Organise 2 \'Youth in Politics Chaupal\' in your region','Organise 2 \'Youth in Politics Chaupal\' in your region',NULL,NULL,NULL,NULL,'2019-08-16 16:39:02','unread','181','local'),(146,2,14,1,166,'Organise 2 \'Youth in Politics Chaupal\' in your region','Organise 2 \'Youth in Politics Chaupal\' in your region',NULL,NULL,NULL,NULL,'2019-08-16 16:39:02','unread','181','local'),(147,2,14,1,167,'Organise 2 \'Youth in Politics Chaupal\' in your region','Organise 2 \'Youth in Politics Chaupal\' in your region',NULL,NULL,NULL,NULL,'2019-08-16 16:39:03','unread','181','local'),(148,2,14,1,180,'Organise 2 \'Youth in Politics Chaupal\' in your region','Organise 2 \'Youth in Politics Chaupal\' in your region',NULL,NULL,NULL,NULL,'2019-08-16 16:39:03','unread','181,180','local'),(149,2,14,1,181,'Organise 2 \'Youth in Politics Chaupal\' in your region','Organise 2 \'Youth in Politics Chaupal\' in your region',NULL,NULL,NULL,NULL,'2019-08-16 16:39:03','unread','181','local'),(150,2,14,1,182,'Organise 2 \'Youth in Politics Chaupal\' in your region','Organise 2 \'Youth in Politics Chaupal\' in your region',NULL,NULL,NULL,NULL,'2019-08-16 16:39:03','unread','181','local'),(151,2,14,1,183,'Organise 2 \'Youth in Politics Chaupal\' in your region','Organise 2 \'Youth in Politics Chaupal\' in your region',NULL,NULL,NULL,NULL,'2019-08-16 16:39:03','unread','181','local'),(152,2,14,1,184,'Organise 2 \'Youth in Politics Chaupal\' in your region','Organise 2 \'Youth in Politics Chaupal\' in your region',NULL,NULL,NULL,NULL,'2019-08-16 16:39:03','unread','181,184','local'),(153,6,9,1,0,'Rate your current MP','Rate your current MP',0,0,0,'','2019-08-18 12:45:01','unread','170,147,110,178,157,180,194,203,184','global'),(154,7,228,1,188,'hi','hi',NULL,NULL,NULL,NULL,'2019-08-22 14:18:20','unread','188','local'),(155,7,230,1,188,'1234567','1234567',NULL,NULL,NULL,NULL,'2019-08-22 14:25:02','unread','188','local'),(156,7,236,1,188,'new message','new message',NULL,NULL,NULL,NULL,'2019-08-22 16:22:04','unread','188','local'),(157,7,239,1,188,'Well done','Well done',NULL,NULL,NULL,NULL,'2019-08-22 17:31:49','unread','188','local'),(158,7,244,1,188,'123444','123444',NULL,NULL,NULL,NULL,'2019-08-22 17:33:31','unread','188','local'),(159,7,265,14,240,'hey','hey',NULL,NULL,NULL,NULL,'2019-08-28 16:54:44','unread','240','local'),(160,7,268,14,110,'qwerty','qwerty',NULL,NULL,NULL,NULL,'2019-08-28 18:22:12','unread','110','local'),(161,7,271,14,241,'hgj','hgj',NULL,NULL,NULL,NULL,'2019-08-28 18:26:46','unread','241','local'),(162,7,280,14,241,'jhj','jhj',NULL,NULL,NULL,NULL,'2019-08-28 19:15:48','unread','0','local'),(163,7,285,14,241,'hgh','hgh',NULL,NULL,NULL,NULL,'2019-08-28 19:17:47','unread','0','local'),(164,7,286,14,110,'hytryhututyuj','hytryhututyuj',NULL,NULL,NULL,NULL,'2019-08-29 11:25:15','unread','110','local'),(165,7,287,14,110,'uyjrujr','uyjrujr',NULL,NULL,NULL,NULL,'2019-08-29 11:25:22','unread','110','local'),(166,7,288,14,110,'gfhh','gfhh',NULL,NULL,NULL,NULL,'2019-08-29 11:57:28','unread','110','local'),(167,7,289,14,110,'hfjhjjjg','hfjhjjjg',NULL,NULL,NULL,NULL,'2019-08-29 11:57:33','unread','110','local'),(168,3,49,14,110,'diysiy',NULL,NULL,NULL,NULL,NULL,'2019-08-29 12:05:41','unread','110','local'),(169,3,47,14,110,'jzfzugudg',NULL,NULL,NULL,NULL,NULL,'2019-08-29 12:05:47','unread','110','local'),(170,3,100,1,241,'hddxgx',NULL,NULL,NULL,NULL,NULL,'2019-08-29 12:34:23','unread',NULL,'local'),(171,7,290,14,240,'hguy','hguy',NULL,NULL,NULL,NULL,'2019-08-29 12:50:01','unread','240','local'),(172,3,99,1,241,'dggdgdgdxgz',NULL,NULL,NULL,NULL,NULL,'2019-08-29 12:52:14','unread',NULL,'local'),(173,3,92,1,238,'Xbhxhxhx',NULL,NULL,NULL,NULL,NULL,'2019-08-29 12:56:44','unread',NULL,'local'),(174,3,91,1,NULL,NULL,NULL,NULL,NULL,NULL,NULL,'2019-08-29 12:58:03','unread',NULL,'local'),(175,3,90,1,227,'gdfayfstu tsuigydiyd yddtttsisgu sfusugsugsu',NULL,NULL,NULL,NULL,NULL,'2019-08-29 12:59:01','unread',NULL,'local'),(176,3,97,14,240,'Truffyd',NULL,NULL,NULL,NULL,NULL,'2019-08-29 13:02:30','unread',NULL,'local'),(177,3,26,14,152,'Cats',NULL,NULL,NULL,NULL,NULL,'2019-08-29 13:04:34','unread',NULL,'local'),(178,3,107,14,242,'for Facebook to get a new job is not a good day please find the attached file is scanned image in fcchchdhdgd',NULL,NULL,NULL,NULL,NULL,'2019-08-29 18:09:04','unread','242','local'),(179,3,106,14,242,'for Facebook today and tomorrow I have been a bit and then we can do it for a long way to get to see you then the build quality assurance that we have a nice day best regards John',NULL,NULL,NULL,NULL,NULL,'2019-08-29 18:09:29','unread','242','local'),(180,3,105,14,242,'we have to be in the future and hopefully we will be able to make sure that you have',NULL,NULL,NULL,NULL,NULL,'2019-08-29 18:10:00','unread','242','local'),(181,7,306,14,242,'jkbnfg','jkbnfg',NULL,NULL,NULL,NULL,'2019-08-30 17:42:40','unread','242','local'),(182,5,115,1,0,'India’s WhatsApp election: political parties risk undermining democracy with technology','India’s WhatsApp election: political parties risk undermining democracy with technology',0,0,0,'','2019-08-31 14:18:01','unread','243,241,110,147,157,178,242,233,180,194,203,184,245','global'),(183,7,317,1,121,'Hi','Hi',NULL,NULL,NULL,NULL,'2019-08-31 15:31:04','unread','0','local'),(184,7,319,1,147,'Hi','Hi',NULL,NULL,NULL,NULL,'2019-08-31 15:31:31','unread','147','local'),(185,7,325,1,178,'test','test',NULL,NULL,NULL,NULL,'2019-09-02 13:12:02','unread','178','local'),(186,7,333,1,242,'hello','hello',NULL,NULL,NULL,NULL,'2019-09-03 12:27:09','unread','242','local'),(187,7,341,1,178,'Hey There!!!!!!','Hey There!!!!!!',NULL,NULL,NULL,NULL,'2019-09-03 14:53:34','unread','178','local'),(188,7,343,1,178,'yahi act h kya','yahi act h kya',NULL,NULL,NULL,NULL,'2019-09-03 15:00:39','unread','178','local'),(189,3,126,1,252,'haisks',NULL,NULL,NULL,NULL,NULL,'2019-09-05 16:38:04','unread',NULL,'local'),(190,5,127,1,0,NULL,NULL,NULL,NULL,NULL,NULL,'2019-09-05 16:39:01','unread',NULL,'global'),(191,7,348,1,178,'hey','hey',NULL,NULL,NULL,NULL,'2019-09-10 17:18:25','unread','178','local'),(192,2,10,1,109,'test','test',NULL,NULL,NULL,NULL,'2019-09-10 17:24:01','unread','0','local'),(193,2,10,1,117,'test','test',NULL,NULL,NULL,NULL,'2019-09-10 17:24:01','unread','0','local'),(194,2,10,1,120,'test','test',NULL,NULL,NULL,NULL,'2019-09-10 17:24:01','unread','0','local'),(195,2,10,1,130,'test','test',NULL,NULL,NULL,NULL,'2019-09-10 17:24:01','unread','0','local'),(196,7,351,1,178,'hi','hi',NULL,NULL,NULL,NULL,'2019-09-12 13:15:35','unread','0','local'),(197,5,128,1,0,'ssdfd','d',0,0,0,'','2019-09-27 08:57:01','unread',NULL,'global'),(198,7,352,1,242,'mjj','mjj',NULL,NULL,NULL,NULL,'2020-01-18 14:39:41','unread','0','local'),(199,7,353,1,242,'yyyy','yyyy',NULL,NULL,NULL,NULL,'2020-01-18 14:39:47','unread','0','local'),(200,7,354,1,241,'k','k',NULL,NULL,NULL,NULL,'2020-01-18 14:39:57','unread','0','local');
/*!40000 ALTER TABLE `ic_notification` ENABLE KEYS */;
UNLOCK TABLES;

--
-- Table structure for table `ic_notification_type`
--

DROP TABLE IF EXISTS `ic_notification_type`;
/*!40101 SET @saved_cs_client     = @@character_set_client */;
/*!40101 SET character_set_client = utf8 */;
CREATE TABLE `ic_notification_type` (
  `id` smallint(1) unsigned NOT NULL AUTO_INCREMENT,
  `activity_name` varchar(100) COLLATE utf8_unicode_ci NOT NULL,
  `activity_string_en` varchar(255) COLLATE utf8_unicode_ci NOT NULL,
  `activity_string_hi` varchar(255) COLLATE utf8_unicode_ci NOT NULL,
  PRIMARY KEY (`id`)
) ENGINE=InnoDB AUTO_INCREMENT=8 DEFAULT CHARSET=utf8 COLLATE=utf8_unicode_ci;
/*!40101 SET character_set_client = @saved_cs_client */;

--
-- Dumping data for table `ic_notification_type`
--

LOCK TABLES `ic_notification_type` WRITE;
/*!40000 ALTER TABLE `ic_notification_type` DISABLE KEYS */;
INSERT INTO `ic_notification_type` VALUES (1,'YIP Team','Admin Message','व्यवस्थापक संदेश'),(2,'Mentorship','New task is up! Head over to the YIP app','आपके मेंटरशिप का नया कार्य आ चूका हैं '),(3,'My Activity','Your activity has been approved!','आपकी गतिविधि स्वीकृत हो गई है'),(4,'Event','YIP event details','आपके अगले YIP इवेंट की जानकारी देखें'),(5,'News Feed','New post up on your newsfeed!','अपने न्यूज़फ़ीड पर नई पोस्ट देखें'),(6,'New Poll','New Poll up on your newsfeed!','अपने न्यूज़फ़ीड पर नई चुनाव देखें'),(7,'Ask PK','Prashant Kishor has a message for you!','देखें प्रशांत किशोर का संदेश');
/*!40000 ALTER TABLE `ic_notification_type` ENABLE KEYS */;
UNLOCK TABLES;

--
-- Table structure for table `ic_party_name`
--

DROP TABLE IF EXISTS `ic_party_name`;
/*!40101 SET @saved_cs_client     = @@character_set_client */;
/*!40101 SET character_set_client = utf8 */;
CREATE TABLE `ic_party_name` (
  `party_id` smallint(5) unsigned NOT NULL AUTO_INCREMENT,
  `party_name_en` varchar(100) COLLATE utf8_unicode_ci NOT NULL,
  `party_name_hi` varchar(100) COLLATE utf8_unicode_ci DEFAULT NULL,
  `created_on` datetime NOT NULL,
  PRIMARY KEY (`party_id`)
) ENGINE=InnoDB AUTO_INCREMENT=33 DEFAULT CHARSET=utf8 COLLATE=utf8_unicode_ci COMMENT='Party Name';
/*!40101 SET character_set_client = @saved_cs_client */;

--
-- Dumping data for table `ic_party_name`
--

LOCK TABLES `ic_party_name` WRITE;
/*!40000 ALTER TABLE `ic_party_name` DISABLE KEYS */;
INSERT INTO `ic_party_name` VALUES (1,'AITC',NULL,'2019-05-07 03:00:00'),(2,'BJP',NULL,'2019-05-07 03:00:00'),(3,'BSP',NULL,'2019-05-07 03:00:00'),(4,'CPI',NULL,'2019-05-07 03:00:00'),(5,'CPM',NULL,'2019-05-07 02:00:00'),(6,'INC',NULL,'2019-05-07 03:09:00'),(7,'NCP',NULL,'2019-05-07 02:00:00'),(8,'AAP',NULL,'2019-05-07 03:09:00'),(9,'AIADMK','','2019-05-07 05:00:00'),(10,'AGP',NULL,'2019-05-07 05:00:00'),(11,'AIMIM',NULL,'2019-05-07 02:10:00'),(12,'BJD',NULL,'2019-05-07 03:00:00'),(13,'DMK',NULL,'2019-05-07 03:00:00'),(14,'INLD','','2019-05-07 05:00:00'),(15,'JD(S)',NULL,'2019-05-07 05:00:00'),(16,'JD(U)',NULL,'2019-05-07 02:10:00'),(17,'JKN',NULL,'2019-05-07 03:00:00'),(18,'JMM',NULL,'2019-05-07 03:00:00'),(19,'JVM',NULL,'2019-03-29 04:12:00'),(20,'MNF',NULL,'2019-03-29 04:12:00'),(21,'MNS',NULL,'2019-03-29 04:12:00'),(22,'NPF',NULL,'2019-03-29 04:12:00'),(23,'PDF',NULL,'2019-03-29 04:12:00'),(24,'RJD',NULL,'2019-03-29 04:12:00'),(25,'RLD',NULL,'2019-03-29 04:12:00'),(26,'SAD',NULL,'2019-03-29 04:12:00'),(27,'SHS',NULL,'2019-03-29 04:12:00'),(28,'SP',NULL,'2019-03-29 04:12:00'),(29,'TDP',NULL,'2019-05-07 06:00:00'),(30,'TRS',NULL,'2019-05-07 06:00:00'),(31,'YSRCP',NULL,'2019-05-07 09:00:00'),(32,'others',NULL,'2019-05-07 09:00:00');
/*!40000 ALTER TABLE `ic_party_name` ENABLE KEYS */;
UNLOCK TABLES;

--
-- Table structure for table `ic_party_position`
--

DROP TABLE IF EXISTS `ic_party_position`;
/*!40101 SET @saved_cs_client     = @@character_set_client */;
/*!40101 SET character_set_client = utf8 */;
CREATE TABLE `ic_party_position` (
  `position_id` tinyint(1) unsigned NOT NULL AUTO_INCREMENT,
  `position_name_en` varchar(255) COLLATE utf8_unicode_ci DEFAULT NULL,
  `position_name_hi` varchar(255) COLLATE utf8_unicode_ci DEFAULT NULL,
  `created_on` datetime NOT NULL,
  PRIMARY KEY (`position_id`)
) ENGINE=InnoDB AUTO_INCREMENT=15 DEFAULT CHARSET=utf8 COLLATE=utf8_unicode_ci;
/*!40101 SET character_set_client = @saved_cs_client */;

--
-- Dumping data for table `ic_party_position`
--

LOCK TABLES `ic_party_position` WRITE;
/*!40000 ALTER TABLE `ic_party_position` DISABLE KEYS */;
INSERT INTO `ic_party_position` VALUES (1,'District President','जिला अध्यक्ष','2019-03-08 03:00:00'),(2,'District Vice President','जिला उपाध्यक्ष','2019-03-08 11:00:00'),(3,'District Secretary','जिला सचिव','2019-03-08 03:00:00'),(4,'District General Secretary','जिला महासचिव','2019-03-08 11:00:00'),(5,'Block President','ब्लॉक/खंड/प्रखंड अध्यक्ष','2019-03-08 02:00:00'),(6,'Block Vice President','ब्लॉक/खंड/प्रखंड उपाध्यक्ष','2019-03-08 00:00:20'),(7,'Block Secretary','ब्लॉक/खंड/प्रखंड सचिव','2019-03-08 02:00:00'),(8,'Block General Secretary','ब्लॉक/खंड/प्रखंड महासचिव','2019-03-08 00:00:20'),(9,'District President - Frontals','ब्लॉक/खंड/प्रखंड अध्यक्ष - प्रकोष्ट','2019-03-08 05:00:00'),(10,'District Vice President - Frontals','ब्लॉक/खंड/प्रखंड उपाध्यक्ष - प्रकोष्ट','2019-03-08 00:19:00'),(11,'District Secretary - Frontals','ब्लॉक/खंड/प्रखंड सचिव - प्रकोष्ट','2019-03-08 05:00:00'),(12,'Media Cell','मीडिया सेल','2019-03-08 00:19:00'),(13,'Booth Worker','बूथ कार्यकर्ता','2019-03-08 02:00:00'),(14,'Others','अन्य','2019-03-08 03:00:00');
/*!40000 ALTER TABLE `ic_party_position` ENABLE KEYS */;
UNLOCK TABLES;

--
-- Table structure for table `ic_poll`
--

DROP TABLE IF EXISTS `ic_poll`;
/*!40101 SET @saved_cs_client     = @@character_set_client */;
/*!40101 SET character_set_client = utf8 */;
CREATE TABLE `ic_poll` (
  `poll_id` int(11) unsigned NOT NULL AUTO_INCREMENT,
  `poll_heading_en` varchar(255) COLLATE utf8_unicode_ci DEFAULT NULL,
  `poll_heading_hi` varchar(255) COLLATE utf8_unicode_ci DEFAULT NULL,
  `poll_question_en` varchar(255) COLLATE utf8_unicode_ci NOT NULL,
  `poll_question_hi` varchar(255) COLLATE utf8_unicode_ci DEFAULT NULL,
  `poll_type` enum('radio','selectlist','textarea','linear') COLLATE utf8_unicode_ci NOT NULL,
  `poll_state` tinyint(1) unsigned DEFAULT NULL,
  `poll_district` smallint(1) unsigned DEFAULT NULL,
  `poll_ac` int(10) unsigned DEFAULT NULL,
  `poll_group` varchar(50) COLLATE utf8_unicode_ci DEFAULT NULL,
  `status` enum('active','inactive') COLLATE utf8_unicode_ci DEFAULT 'active',
  `created_by` smallint(11) unsigned NOT NULL,
  `created_on` datetime NOT NULL,
  `updated_by` mediumint(1) unsigned DEFAULT NULL,
  `updated_on` datetime DEFAULT NULL,
  `valid_till` date DEFAULT NULL,
  `valid_till_time` time DEFAULT NULL,
  PRIMARY KEY (`poll_id`)
) ENGINE=InnoDB AUTO_INCREMENT=10 DEFAULT CHARSET=utf8 COLLATE=utf8_unicode_ci COMMENT='Polls table';
/*!40101 SET character_set_client = @saved_cs_client */;

--
-- Dumping data for table `ic_poll`
--

LOCK TABLES `ic_poll` WRITE;
/*!40000 ALTER TABLE `ic_poll` DISABLE KEYS */;
INSERT INTO `ic_poll` VALUES (9,'Rate your current MP','Rate your current MP','Rate your current MP','Rate your current MP','linear',0,0,0,'','active',1,'2019-08-18 12:43:52',NULL,NULL,'2019-08-31','12:43:41');
/*!40000 ALTER TABLE `ic_poll` ENABLE KEYS */;
UNLOCK TABLES;

--
-- Table structure for table `ic_poll_answer`
--

DROP TABLE IF EXISTS `ic_poll_answer`;
/*!40101 SET @saved_cs_client     = @@character_set_client */;
/*!40101 SET character_set_client = utf8 */;
CREATE TABLE `ic_poll_answer` (
  `poll_id` int(11) unsigned NOT NULL AUTO_INCREMENT,
  `user_id` int(11) unsigned NOT NULL,
  `option_id` int(11) unsigned NOT NULL,
  `option_name` text COLLATE utf8_unicode_ci,
  `created_on` datetime NOT NULL,
  UNIQUE KEY `poll_id` (`poll_id`,`user_id`,`option_id`),
  KEY `user_id` (`user_id`),
  CONSTRAINT `ic_poll_answer_ibfk_2` FOREIGN KEY (`user_id`) REFERENCES `ic_user` (`user_id`) ON DELETE CASCADE ON UPDATE CASCADE,
  CONSTRAINT `ic_poll_answer_ibfk_3` FOREIGN KEY (`poll_id`) REFERENCES `ic_poll` (`poll_id`) ON DELETE CASCADE ON UPDATE CASCADE
) ENGINE=InnoDB AUTO_INCREMENT=10 DEFAULT CHARSET=utf8 COLLATE=utf8_unicode_ci COMMENT='Poll answer by user';
/*!40101 SET character_set_client = @saved_cs_client */;

--
-- Dumping data for table `ic_poll_answer`
--

LOCK TABLES `ic_poll_answer` WRITE;
/*!40000 ALTER TABLE `ic_poll_answer` DISABLE KEYS */;
INSERT INTO `ic_poll_answer` VALUES (9,110,30,'2','2019-08-21 18:47:15'),(9,147,32,'4','2019-08-30 20:54:35'),(9,170,31,'3','2019-08-19 16:44:53'),(9,178,29,'5','2019-08-20 19:09:33'),(9,180,33,'5','2019-08-21 20:07:07'),(9,188,29,'3','2019-08-21 12:03:00'),(9,195,32,'4','2019-08-18 12:45:05'),(9,199,33,'5','2019-08-19 11:29:40'),(9,204,32,'4','2019-08-19 11:27:06'),(9,207,32,'4','2019-08-19 11:47:22'),(9,211,33,'5','2019-08-19 11:22:39'),(9,213,31,'3','2019-08-19 12:10:37'),(9,216,31,'3','2019-08-20 14:36:09'),(9,217,32,'4','2019-08-30 13:14:44'),(9,218,30,'2','2019-08-27 10:54:31'),(9,225,30,'2','2019-08-23 12:30:49'),(9,239,32,'4','2019-08-24 00:13:08'),(9,242,29,'3','2019-08-30 17:52:09'),(9,243,31,'3','2019-08-31 15:33:14');
/*!40000 ALTER TABLE `ic_poll_answer` ENABLE KEYS */;
UNLOCK TABLES;

--
-- Table structure for table `ic_poll_options`
--

DROP TABLE IF EXISTS `ic_poll_options`;
/*!40101 SET @saved_cs_client     = @@character_set_client */;
/*!40101 SET character_set_client = utf8 */;
CREATE TABLE `ic_poll_options` (
  `option_id` int(11) unsigned NOT NULL AUTO_INCREMENT,
  `poll_id` int(11) unsigned NOT NULL,
  `option_name_en` varchar(255) COLLATE utf8_unicode_ci NOT NULL,
  `option_name_hi` varchar(255) COLLATE utf8_unicode_ci DEFAULT NULL,
  PRIMARY KEY (`option_id`),
  KEY `poll_id` (`poll_id`),
  CONSTRAINT `ic_poll_options_ibfk_1` FOREIGN KEY (`poll_id`) REFERENCES `ic_poll` (`poll_id`) ON DELETE CASCADE ON UPDATE CASCADE
) ENGINE=InnoDB AUTO_INCREMENT=34 DEFAULT CHARSET=utf8 COLLATE=utf8_unicode_ci COMMENT='Poll questions options';
/*!40101 SET character_set_client = @saved_cs_client */;

--
-- Dumping data for table `ic_poll_options`
--

LOCK TABLES `ic_poll_options` WRITE;
/*!40000 ALTER TABLE `ic_poll_options` DISABLE KEYS */;
INSERT INTO `ic_poll_options` VALUES (29,9,'1','1'),(30,9,'2','2'),(31,9,'3','3'),(32,9,'4','4'),(33,9,'5','5');
/*!40000 ALTER TABLE `ic_poll_options` ENABLE KEYS */;
UNLOCK TABLES;

--
-- Table structure for table `ic_referal`
--

DROP TABLE IF EXISTS `ic_referal`;
/*!40101 SET @saved_cs_client     = @@character_set_client */;
/*!40101 SET character_set_client = utf8 */;
CREATE TABLE `ic_referal` (
  `referal_id` int(11) unsigned NOT NULL AUTO_INCREMENT,
  `user_id` int(11) unsigned NOT NULL,
  `refer_code` varchar(100) COLLATE utf8_unicode_ci NOT NULL,
  `created_on` datetime NOT NULL,
  PRIMARY KEY (`referal_id`)
) ENGINE=InnoDB AUTO_INCREMENT=61 DEFAULT CHARSET=utf8 COLLATE=utf8_unicode_ci COMMENT='Referal code of user';
/*!40101 SET character_set_client = @saved_cs_client */;

--
-- Dumping data for table `ic_referal`
--

LOCK TABLES `ic_referal` WRITE;
/*!40000 ALTER TABLE `ic_referal` DISABLE KEYS */;
INSERT INTO `ic_referal` VALUES (1,107,'D0B9AD','2019-04-12 06:34:12'),(2,106,'E92D92','2019-04-12 06:42:29'),(3,110,'310734','2019-04-12 06:54:53'),(4,117,'CDA670','2019-04-12 14:47:55'),(5,123,'E9C1BE','2019-04-13 08:04:43'),(6,131,'1EFA41','2019-04-18 13:44:56'),(7,132,'2C65C7','2019-04-19 05:29:01'),(8,130,'2679BD','2019-04-19 06:13:27'),(9,133,'E007B8','2019-04-19 07:24:33'),(10,134,'EEE7F5','2019-04-19 07:43:47'),(11,135,'50C12E','2019-04-19 08:29:52'),(12,108,'DB00F1','2019-04-19 09:18:32'),(13,136,'6FDA15','2019-04-19 10:59:03'),(14,121,'4C64C4','2019-04-22 05:40:32'),(15,140,'006703','2019-04-22 12:03:16'),(16,146,'8C1615','2019-04-24 04:58:39'),(17,109,'3BA1CC','2019-04-24 08:32:42'),(18,141,'6C571F','2019-04-24 11:46:54'),(19,142,'4400CB','2019-04-24 12:14:17'),(20,143,'E50F08','2019-04-24 12:16:43'),(21,152,'E199AA','2019-05-02 09:36:49'),(22,154,'9D5A19','2019-05-06 04:56:11'),(23,155,'2821A3','2019-05-08 06:25:29'),(24,157,'31BD2C','2019-05-08 12:43:21'),(25,167,'0BC22E','2019-05-14 16:37:01'),(26,181,'1E5B70','2019-08-11 14:59:33'),(27,182,'AAF511','2019-08-11 14:59:52'),(28,184,'0FD1B1','2019-08-11 15:00:04'),(29,183,'06C9C2','2019-08-11 15:04:25'),(30,178,'A9553C','2019-08-13 16:01:50'),(31,170,'64C4C8','2019-08-14 18:18:10'),(32,180,'087B5A','2019-08-14 22:18:16'),(33,199,'54B590','2019-08-17 14:26:56'),(34,195,'CC5252','2019-08-18 12:48:56'),(35,205,'9E1C57','2019-08-19 11:14:00'),(36,204,'5CB242','2019-08-19 11:33:42'),(37,214,'F01B7B','2019-08-19 11:55:38'),(38,211,'14507F','2019-08-19 11:57:11'),(39,213,'BDC347','2019-08-19 12:13:07'),(40,189,'81F47B','2019-08-20 18:55:36'),(41,188,'62DA96','2019-08-21 13:32:53'),(42,219,'055AB2','2019-08-21 19:56:12'),(43,147,'53209B','2019-08-22 10:00:47'),(44,222,'B65C31','2019-08-22 10:57:19'),(45,225,'8735A3','2019-08-23 12:29:55'),(46,226,'EF4C5D','2019-08-23 12:52:47'),(47,227,'A3463D','2019-08-23 12:58:51'),(48,239,'E22A64','2019-08-24 00:14:10'),(49,238,'7F2FC4','2019-08-26 17:59:27'),(50,241,'CF4B5A','2019-08-28 14:10:22'),(51,240,'AC09F8','2019-08-28 14:10:24'),(52,242,'1883A1','2019-08-29 18:25:46'),(53,243,'440BAC','2019-08-30 21:26:42'),(54,244,'32A221','2019-09-02 18:21:28'),(55,194,'393F91','2019-09-03 11:48:04'),(56,249,'CE22B0','2019-09-03 15:17:23'),(57,251,'5EF97B','2019-09-04 18:36:44'),(58,252,'91D2F1','2019-09-04 23:46:43'),(59,245,'F52A97','2019-09-05 20:37:46'),(60,255,'8C2C80','2019-09-06 11:51:50');
/*!40000 ALTER TABLE `ic_referal` ENABLE KEYS */;
UNLOCK TABLES;

--
-- Table structure for table `ic_report_issues`
--

DROP TABLE IF EXISTS `ic_report_issues`;
/*!40101 SET @saved_cs_client     = @@character_set_client */;
/*!40101 SET character_set_client = utf8 */;
CREATE TABLE `ic_report_issues` (
  `issue_id` tinyint(3) unsigned NOT NULL AUTO_INCREMENT,
  `issue_name_en` varchar(255) COLLATE utf8_unicode_ci NOT NULL,
  `issue_name_hi` varchar(255) COLLATE utf8_unicode_ci DEFAULT NULL,
  `created_on` datetime NOT NULL,
  PRIMARY KEY (`issue_id`)
) ENGINE=InnoDB AUTO_INCREMENT=11 DEFAULT CHARSET=utf8 COLLATE=utf8_unicode_ci COMMENT='Issue List';
/*!40101 SET character_set_client = @saved_cs_client */;

--
-- Dumping data for table `ic_report_issues`
--

LOCK TABLES `ic_report_issues` WRITE;
/*!40000 ALTER TABLE `ic_report_issues` DISABLE KEYS */;
INSERT INTO `ic_report_issues` VALUES (1,'I am unable to access the App properly',NULL,'2019-04-09 04:00:00'),(2,'App content is not good',NULL,'2019-04-09 02:00:00'),(3,'I have an issue related with my profile',NULL,'2019-04-09 04:00:00'),(4,'I have an issue related with my Feed',NULL,'2019-04-09 02:00:00'),(5,'I have an issue related with Mentorship',NULL,'2019-04-09 02:00:00'),(6,'I have an issue related with Referral Code',NULL,'2019-04-09 02:00:00'),(7,'The app is Crashing',NULL,'2019-04-09 02:00:00'),(8,'Unable to register for an Event',NULL,'2019-04-09 02:00:00'),(9,'Unable to Use Ask PK Section',NULL,'2019-04-09 03:00:00'),(10,'Other issue',NULL,'2019-04-09 03:00:00');
/*!40000 ALTER TABLE `ic_report_issues` ENABLE KEYS */;
UNLOCK TABLES;

--
-- Table structure for table `ic_reported_issue`
--

DROP TABLE IF EXISTS `ic_reported_issue`;
/*!40101 SET @saved_cs_client     = @@character_set_client */;
/*!40101 SET character_set_client = utf8 */;
CREATE TABLE `ic_reported_issue` (
  `reported_id` int(10) unsigned NOT NULL AUTO_INCREMENT,
  `user_id` int(10) unsigned NOT NULL,
  `issue_id` int(10) unsigned NOT NULL,
  `description` text COLLATE utf8_unicode_ci,
  `created_on` datetime NOT NULL,
  PRIMARY KEY (`reported_id`)
) ENGINE=InnoDB AUTO_INCREMENT=14 DEFAULT CHARSET=utf8 COLLATE=utf8_unicode_ci COMMENT='Issue Reported by App User';
/*!40101 SET character_set_client = @saved_cs_client */;

--
-- Dumping data for table `ic_reported_issue`
--

LOCK TABLES `ic_reported_issue` WRITE;
/*!40000 ALTER TABLE `ic_reported_issue` DISABLE KEYS */;
INSERT INTO `ic_reported_issue` VALUES (1,114,9,'Ccchcxhxccuxx chcuxc','2019-04-12 11:08:28'),(2,118,5,'पगत्ल्तेचेच्ल्ल्','2019-04-12 14:59:17'),(3,123,9,'oit is locked','2019-04-13 07:22:19'),(4,139,8,'what','2019-04-20 14:03:34'),(5,109,6,'','2019-04-24 08:59:54'),(6,155,7,'the app is crashing ','2019-05-10 09:01:39'),(7,170,4,'shdh','2019-08-19 16:08:02'),(8,178,6,'','2019-08-20 18:06:00'),(9,242,5,'chhchhchhhc','2019-08-29 18:15:53'),(10,170,7,'duud','2019-08-30 18:07:56'),(11,194,3,'testing','2019-09-03 11:54:14'),(12,251,8,'testing','2019-09-04 18:40:03'),(13,180,8,'testing ','2019-09-04 20:14:43');
/*!40000 ALTER TABLE `ic_reported_issue` ENABLE KEYS */;
UNLOCK TABLES;

--
-- Table structure for table `ic_state`
--

DROP TABLE IF EXISTS `ic_state`;
/*!40101 SET @saved_cs_client     = @@character_set_client */;
/*!40101 SET character_set_client = utf8 */;
CREATE TABLE `ic_state` (
  `state_id` tinyint(1) unsigned NOT NULL AUTO_INCREMENT,
  `state_name_en` varchar(100) COLLATE utf8_unicode_ci NOT NULL,
  `state_name_hi` varchar(100) COLLATE utf8_unicode_ci DEFAULT NULL,
  `created_on` datetime NOT NULL,
  PRIMARY KEY (`state_id`)
) ENGINE=InnoDB AUTO_INCREMENT=36 DEFAULT CHARSET=utf8 COLLATE=utf8_unicode_ci;
/*!40101 SET character_set_client = @saved_cs_client */;

--
-- Dumping data for table `ic_state`
--

LOCK TABLES `ic_state` WRITE;
/*!40000 ALTER TABLE `ic_state` DISABLE KEYS */;
INSERT INTO `ic_state` VALUES (1,'Andaman & Nicobar Islands',NULL,'2019-03-11 14:47:39'),(2,'Andhra Pradesh',NULL,'2019-03-11 14:47:39'),(3,'Arunachal Pradesh',NULL,'2019-03-11 14:47:39'),(4,'Assam',NULL,'2019-03-11 14:47:39'),(5,'Bihar',NULL,'2019-03-11 14:47:39'),(6,'Chandigarh',NULL,'2019-03-11 14:47:40'),(7,'chhattisgarh',NULL,'2019-03-11 14:47:40'),(8,'Dadra & Nagar Haveli',NULL,'2019-03-11 14:47:40'),(9,'Daman and Diu',NULL,'2019-03-11 14:47:40'),(10,'DELHI',NULL,'2019-03-11 14:47:40'),(11,'Goa',NULL,'2019-03-11 14:47:40'),(12,'Gujarat',NULL,'2019-03-11 14:47:40'),(13,'Haryana',NULL,'2019-03-11 14:47:40'),(14,'Himachal Pradesh',NULL,'2019-03-11 14:47:40'),(15,'Jammu & Kashmir',NULL,'2019-03-11 14:47:40'),(16,'Jharkhand',NULL,'2019-03-11 14:47:40'),(17,'Karnataka',NULL,'2019-03-11 14:47:40'),(18,'Kerala',NULL,'2019-03-11 14:47:40'),(19,'Lakshadweep',NULL,'2019-03-11 14:47:40'),(20,'Madhya Pradesh',NULL,'2019-03-11 14:47:40'),(21,'Maharashtra',NULL,'2019-03-11 14:47:40'),(22,'Meghalaya',NULL,'2019-03-11 14:47:41'),(23,'Mizoram',NULL,'2019-03-11 14:47:41'),(24,'Nagaland',NULL,'2019-03-11 14:47:41'),(25,'Odisha',NULL,'2019-03-11 14:47:41'),(26,'Pondicherry',NULL,'2019-03-11 14:47:41'),(27,'Punjab',NULL,'2019-03-11 14:47:41'),(28,'Rajasthan',NULL,'2019-03-11 14:47:41'),(29,'Sikkim',NULL,'2019-03-11 14:47:41'),(30,'Tamil Nadu',NULL,'2019-03-11 14:47:41'),(31,'Telangana',NULL,'2019-03-11 14:47:41'),(32,'Tripura',NULL,'2019-03-11 14:47:41'),(33,'Uttar Pradesh',NULL,'2019-03-11 14:47:41'),(34,'Uttarakhand',NULL,'2019-03-11 14:47:41'),(35,'West Bengal',NULL,'2019-03-11 14:47:41');
/*!40000 ALTER TABLE `ic_state` ENABLE KEYS */;
UNLOCK TABLES;

--
-- Table structure for table `ic_task`
--

DROP TABLE IF EXISTS `ic_task`;
/*!40101 SET @saved_cs_client     = @@character_set_client */;
/*!40101 SET character_set_client = utf8 */;
CREATE TABLE `ic_task` (
  `task_id` mediumint(11) unsigned NOT NULL AUTO_INCREMENT,
  `task_name_en` varchar(255) COLLATE utf8_unicode_ci NOT NULL,
  `task_name_hi` varchar(255) COLLATE utf8_unicode_ci DEFAULT NULL,
  `task_detail_en` text COLLATE utf8_unicode_ci NOT NULL,
  `task_detail_hi` text COLLATE utf8_unicode_ci,
  `task_type` enum('call','app') COLLATE utf8_unicode_ci NOT NULL DEFAULT 'app',
  `created_on` datetime NOT NULL,
  `updated_on` datetime DEFAULT NULL,
  `task_status` enum('active','inactive') COLLATE utf8_unicode_ci NOT NULL DEFAULT 'active',
  `identifier` varchar(20) COLLATE utf8_unicode_ci DEFAULT NULL,
  PRIMARY KEY (`task_id`)
) ENGINE=InnoDB AUTO_INCREMENT=15 DEFAULT CHARSET=utf8 COLLATE=utf8_unicode_ci;
/*!40101 SET character_set_client = @saved_cs_client */;

--
-- Dumping data for table `ic_task`
--

LOCK TABLES `ic_task` WRITE;
/*!40000 ALTER TABLE `ic_task` DISABLE KEYS */;
INSERT INTO `ic_task` VALUES (1,'Attend a YIP Meet with Prashant Kishor','प्रशांत किशोर के साथ एक YIP मीट में भाग लें','Contact number has to be filled to complete the task 1','कार्य 1 को पूरा करने के लिए संपर्क नंबर भरना होगा','app','2019-03-25 04:08:00','2019-03-26 15:15:09','active','event'),(2,'Watch 5 Videos from Knowledge Centre','ज्ञान केंद्र से 5 वीडियो देखें','Watch 5 Videos from Knowledge Centre to complete this task.','इस कार्य को पूरा करने के लिए नॉलेज सेंटर से 5 वीडियो देखें।','app','2019-03-25 04:08:00',NULL,'active','video'),(3,'Profile building: Political aspirations section','प्रोफ़ाइल निर्माण: राजनीतिक आकांक्षाएं अनुभाग','',NULL,'app','2019-03-25 04:00:00','2019-04-12 13:33:43','active','aspiration'),(4,'Profile building: Personal section','प्रोफ़ाइल निर्माण: व्यक्तिगत अनुभाग','Please update your profile to complete this task','कृपया इस कार्य को पूरा करने के लिए अपनी प्रोफ़ाइल अपडेट करें','app','2019-03-25 04:00:00','2019-04-12 14:43:36','active','personal'),(7,'Profile building: Professional section','प्रोफाइल बिल्डिंग: पेशेवर अनुभाग','Please update your professional profile to complete this task','कृपया इस कार्य को पूरा करने के लिए अपनी पेशेवर प्रोफ़ाइल अपडेट करें','app','2019-03-25 10:15:00',NULL,'active','profession'),(8,'Profile Building - Political /Criminal Background','प्रोफाइल बिल्डिंग - राजनीतिक / आपराधिक पृष्ठभूमि','',NULL,'app','2019-03-29 04:00:00',NULL,'active','political'),(9,'test','test','test','test','app','2019-05-01 14:11:34',NULL,'active','dynamic form'),(10,'test','test','test','test','app','2019-05-01 14:18:57',NULL,'active','dynamic form'),(11,'test','test','test','test','app','2019-05-01 14:26:10',NULL,'active','dynamic form'),(12,'test','test','test','test','app','2019-05-01 14:29:17',NULL,'active','dynamic form'),(13,'test','test','test','test','app','2019-05-01 14:37:17',NULL,'active','dynamic form'),(14,'Organise 2 \'Youth in Politics Chaupal\' in your region','Organise 2 \'Youth in Politics Chaupal\' in your region','As you march towards your journey, it is important to establish ground connect with fellow residents. Conduct 2 \'Youth in Politics Chaupal\' in your region.','As you march towards your journey, it is important to establish ground connect with fellow residents. Conduct 2 \'Youth in Politics Chaupal\' in your region.','app','2019-08-16 16:35:22',NULL,'active','dynamic form');
/*!40000 ALTER TABLE `ic_task` ENABLE KEYS */;
UNLOCK TABLES;

--
-- Table structure for table `ic_task_detail`
--

DROP TABLE IF EXISTS `ic_task_detail`;
/*!40101 SET @saved_cs_client     = @@character_set_client */;
/*!40101 SET character_set_client = utf8 */;
CREATE TABLE `ic_task_detail` (
  `form_id` int(11) NOT NULL AUTO_INCREMENT,
  `task_id` int(11) NOT NULL,
  `upload_photo` enum('yes','no') CHARACTER SET utf8 COLLATE utf8_unicode_ci NOT NULL,
  `photo_count` smallint(5) unsigned DEFAULT NULL,
  `upload_video` enum('yes','no') CHARACTER SET utf8 COLLATE utf8_unicode_ci NOT NULL,
  `video_count` smallint(3) unsigned NOT NULL,
  `upload_audio` enum('yes','no') CHARACTER SET utf8 COLLATE utf8_unicode_ci NOT NULL,
  `audio_count` smallint(3) unsigned NOT NULL,
  `add_location` enum('yes','no') CHARACTER SET utf8 COLLATE utf8_unicode_ci NOT NULL,
  `add_form` enum('yes','no') CHARACTER SET utf8 COLLATE utf8_unicode_ci NOT NULL,
  `form_count` smallint(5) NOT NULL,
  `created_date` datetime NOT NULL,
  PRIMARY KEY (`form_id`),
  KEY `task_id` (`task_id`)
) ENGINE=InnoDB AUTO_INCREMENT=7 DEFAULT CHARSET=latin1;
/*!40101 SET character_set_client = @saved_cs_client */;

--
-- Dumping data for table `ic_task_detail`
--

LOCK TABLES `ic_task_detail` WRITE;
/*!40000 ALTER TABLE `ic_task_detail` DISABLE KEYS */;
INSERT INTO `ic_task_detail` VALUES (1,9,'no',0,'no',0,'no',0,'no','yes',2,'2019-05-01 14:11:34'),(2,10,'no',0,'no',0,'no',0,'no','yes',2,'2019-05-01 14:18:57'),(3,11,'no',0,'no',0,'no',0,'no','yes',2,'2019-05-01 14:26:10'),(4,12,'no',0,'no',0,'no',0,'no','yes',2,'2019-05-01 14:29:17'),(5,13,'no',0,'no',0,'no',0,'no','yes',2,'2019-05-01 14:37:17'),(6,14,'yes',5,'yes',5,'no',0,'yes','no',0,'2019-08-16 16:35:22');
/*!40000 ALTER TABLE `ic_task_detail` ENABLE KEYS */;
UNLOCK TABLES;

--
-- Table structure for table `ic_task_form`
--

DROP TABLE IF EXISTS `ic_task_form`;
/*!40101 SET @saved_cs_client     = @@character_set_client */;
/*!40101 SET character_set_client = utf8 */;
CREATE TABLE `ic_task_form` (
  `id` int(11) NOT NULL AUTO_INCREMENT,
  `task_id` int(11) NOT NULL,
  `field_name_en` varchar(70) NOT NULL,
  `field_name_hi` varchar(100) CHARACTER SET utf8 COLLATE utf8_unicode_ci DEFAULT NULL,
  `field_type` enum('textfield','textarea','number') NOT NULL,
  `created_on` datetime NOT NULL,
  PRIMARY KEY (`id`)
) ENGINE=InnoDB AUTO_INCREMENT=6 DEFAULT CHARSET=latin1;
/*!40101 SET character_set_client = @saved_cs_client */;

--
-- Dumping data for table `ic_task_form`
--

LOCK TABLES `ic_task_form` WRITE;
/*!40000 ALTER TABLE `ic_task_form` DISABLE KEYS */;
INSERT INTO `ic_task_form` VALUES (1,9,'fg','g','number','2019-05-01 14:11:34'),(2,10,'Name','Name','number','2019-05-01 14:18:57'),(3,11,'Name','Name','number','2019-05-01 14:26:10'),(4,12,'Name','Name','number','2019-05-01 14:29:17'),(5,13,'Name','Name','number','2019-05-01 14:37:17');
/*!40000 ALTER TABLE `ic_task_form` ENABLE KEYS */;
UNLOCK TABLES;

--
-- Table structure for table `ic_task_form_answer`
--

DROP TABLE IF EXISTS `ic_task_form_answer`;
/*!40101 SET @saved_cs_client     = @@character_set_client */;
/*!40101 SET character_set_client = utf8 */;
CREATE TABLE `ic_task_form_answer` (
  `answer_id` int(1) unsigned NOT NULL AUTO_INCREMENT,
  `form_no` smallint(6) unsigned NOT NULL,
  `user_id` int(10) unsigned NOT NULL,
  `task_id` int(10) unsigned NOT NULL,
  `field_id` int(10) unsigned NOT NULL,
  `field_answer` varchar(255) COLLATE utf8_unicode_ci DEFAULT NULL,
  `added_on` datetime NOT NULL,
  `updated_on` datetime DEFAULT NULL,
  PRIMARY KEY (`answer_id`)
) ENGINE=InnoDB DEFAULT CHARSET=utf8 COLLATE=utf8_unicode_ci COMMENT='Answer table for dynamic form task';
/*!40101 SET character_set_client = @saved_cs_client */;

--
-- Dumping data for table `ic_task_form_answer`
--

LOCK TABLES `ic_task_form_answer` WRITE;
/*!40000 ALTER TABLE `ic_task_form_answer` DISABLE KEYS */;
/*!40000 ALTER TABLE `ic_task_form_answer` ENABLE KEYS */;
UNLOCK TABLES;

--
-- Table structure for table `ic_task_location`
--

DROP TABLE IF EXISTS `ic_task_location`;
/*!40101 SET @saved_cs_client     = @@character_set_client */;
/*!40101 SET character_set_client = utf8 */;
CREATE TABLE `ic_task_location` (
  `location_id` int(10) unsigned NOT NULL AUTO_INCREMENT,
  `user_id` int(10) unsigned NOT NULL,
  `task_id` int(10) unsigned NOT NULL,
  `location` varchar(255) COLLATE utf8_unicode_ci NOT NULL,
  `latitude` varchar(255) COLLATE utf8_unicode_ci DEFAULT NULL,
  `longitude` varchar(255) COLLATE utf8_unicode_ci DEFAULT NULL,
  `updated_on` datetime NOT NULL,
  PRIMARY KEY (`location_id`)
) ENGINE=InnoDB AUTO_INCREMENT=2 DEFAULT CHARSET=utf8 COLLATE=utf8_unicode_ci;
/*!40101 SET character_set_client = @saved_cs_client */;

--
-- Dumping data for table `ic_task_location`
--

LOCK TABLES `ic_task_location` WRITE;
/*!40000 ALTER TABLE `ic_task_location` DISABLE KEYS */;
INSERT INTO `ic_task_location` VALUES (1,184,14,'Pirmohani Rd, Salimpur Ahra, Golambar, Patna, Bihar 800003, India','25.6089549','85.1471556','2019-08-16 19:52:34');
/*!40000 ALTER TABLE `ic_task_location` ENABLE KEYS */;
UNLOCK TABLES;

--
-- Table structure for table `ic_task_media`
--

DROP TABLE IF EXISTS `ic_task_media`;
/*!40101 SET @saved_cs_client     = @@character_set_client */;
/*!40101 SET character_set_client = utf8 */;
CREATE TABLE `ic_task_media` (
  `media_id` int(10) unsigned NOT NULL AUTO_INCREMENT,
  `user_id` int(10) unsigned NOT NULL,
  `task_id` int(10) unsigned NOT NULL,
  `media_name` varchar(255) COLLATE utf8_unicode_ci DEFAULT NULL,
  `media_thumbnail` varchar(255) COLLATE utf8_unicode_ci DEFAULT NULL,
  `media_type` enum('image','video','audio') COLLATE utf8_unicode_ci NOT NULL,
  `updated_on` datetime DEFAULT NULL,
  PRIMARY KEY (`media_id`)
) ENGINE=InnoDB DEFAULT CHARSET=utf8 COLLATE=utf8_unicode_ci;
/*!40101 SET character_set_client = @saved_cs_client */;

--
-- Dumping data for table `ic_task_media`
--

LOCK TABLES `ic_task_media` WRITE;
/*!40000 ALTER TABLE `ic_task_media` DISABLE KEYS */;
/*!40000 ALTER TABLE `ic_task_media` ENABLE KEYS */;
UNLOCK TABLES;

--
-- Table structure for table `ic_task_relation`
--

DROP TABLE IF EXISTS `ic_task_relation`;
/*!40101 SET @saved_cs_client     = @@character_set_client */;
/*!40101 SET character_set_client = utf8 */;
CREATE TABLE `ic_task_relation` (
  `relation_id` int(11) unsigned NOT NULL AUTO_INCREMENT,
  `user_id` int(11) unsigned NOT NULL,
  `task_id` tinyint(11) unsigned NOT NULL,
  `isCompleted` enum('yes','no') COLLATE utf8_unicode_ci NOT NULL DEFAULT 'no',
  `isApproved` enum('yes','no') COLLATE utf8_unicode_ci NOT NULL DEFAULT 'no',
  `created_on` datetime NOT NULL,
  `updated_on` datetime DEFAULT NULL,
  PRIMARY KEY (`relation_id`)
) ENGINE=InnoDB AUTO_INCREMENT=670 DEFAULT CHARSET=utf8 COLLATE=utf8_unicode_ci COMMENT='User and Task Relation';
/*!40101 SET character_set_client = @saved_cs_client */;

--
-- Dumping data for table `ic_task_relation`
--

LOCK TABLES `ic_task_relation` WRITE;
/*!40000 ALTER TABLE `ic_task_relation` DISABLE KEYS */;
INSERT INTO `ic_task_relation` VALUES (5,108,1,'no','no','2019-04-12 06:07:17',NULL),(6,108,2,'no','no','2019-04-12 06:07:17',NULL),(7,109,1,'no','no','2019-04-12 06:13:57',NULL),(8,109,2,'yes','yes','2019-04-12 06:13:57','2019-04-24 06:35:34'),(10,110,1,'no','no','2019-04-12 06:54:36',NULL),(11,110,2,'yes','yes','2019-04-12 06:54:36','2019-04-12 11:49:12'),(20,111,1,'no','no','2019-04-12 09:27:13',NULL),(21,111,2,'no','no','2019-04-12 09:27:13',NULL),(69,117,1,'no','no','2019-04-12 14:15:15',NULL),(70,117,2,'yes','yes','2019-04-12 14:15:15','2019-04-12 14:43:02'),(77,119,1,'no','no','2019-04-12 15:14:19',NULL),(78,119,2,'no','no','2019-04-12 15:14:19',NULL),(81,120,1,'no','no','2019-04-12 15:20:18',NULL),(82,120,2,'yes','yes','2019-04-12 15:20:18','2019-04-12 15:22:49'),(83,121,1,'no','no','2019-04-12 18:18:17',NULL),(84,121,2,'yes','yes','2019-04-12 18:18:17','2019-04-13 08:08:39'),(87,123,1,'no','no','2019-04-13 07:10:43',NULL),(88,123,2,'no','no','2019-04-13 07:10:43',NULL),(111,124,1,'no','no','2019-04-15 13:03:51',NULL),(112,124,2,'no','no','2019-04-15 13:03:51',NULL),(121,129,1,'no','no','2019-04-18 07:13:45',NULL),(122,129,2,'yes','yes','2019-04-18 07:13:45','2019-04-18 07:37:33'),(123,130,1,'no','no','2019-04-18 10:24:59',NULL),(124,130,2,'yes','yes','2019-04-18 10:24:59','2019-04-18 12:09:20'),(131,132,1,'no','no','2019-04-19 05:25:32',NULL),(132,132,2,'no','no','2019-04-19 05:25:32',NULL),(157,136,1,'no','no','2019-04-19 10:25:42',NULL),(158,136,2,'no','no','2019-04-19 10:25:42',NULL),(168,137,1,'no','no','2019-04-20 05:27:59',NULL),(169,137,2,'no','no','2019-04-20 05:27:59',NULL),(170,138,1,'no','no','2019-04-20 05:29:27',NULL),(171,138,2,'no','no','2019-04-20 05:29:27',NULL),(172,139,1,'no','no','2019-04-20 08:13:36',NULL),(173,139,2,'yes','yes','2019-04-20 08:13:36','2019-04-20 13:10:21'),(184,140,1,'no','no','2019-04-22 12:02:40',NULL),(185,140,2,'yes','yes','2019-04-22 12:02:40','2019-04-23 11:32:20'),(186,141,1,'no','no','2019-04-23 05:44:05',NULL),(187,141,2,'yes','yes','2019-04-23 05:44:05','2019-04-23 05:57:13'),(198,143,1,'no','no','2019-04-23 13:17:08',NULL),(199,143,2,'yes','yes','2019-04-23 13:17:08','2019-04-23 13:25:51'),(202,144,1,'no','no','2019-04-23 14:02:50',NULL),(203,144,2,'no','no','2019-04-23 14:02:50',NULL),(204,145,1,'no','no','2019-04-23 14:15:03',NULL),(205,145,2,'yes','yes','2019-04-23 14:15:03','2019-05-01 10:46:25'),(206,146,1,'no','no','2019-04-23 14:20:05',NULL),(207,146,2,'yes','yes','2019-04-23 14:20:05','2019-04-24 06:56:08'),(208,147,1,'no','no','2019-04-23 15:03:59',NULL),(209,147,2,'no','no','2019-04-23 15:03:59',NULL),(214,149,1,'no','no','2019-04-24 13:34:17',NULL),(215,149,2,'no','no','2019-04-24 13:34:17',NULL),(216,150,1,'no','no','2019-04-24 13:58:02',NULL),(217,150,2,'yes','yes','2019-04-24 13:58:02','2019-04-24 14:01:12'),(290,145,3,'yes','no','2019-05-01 10:46:55','2019-05-01 13:47:20'),(291,146,3,'no','no','2019-05-01 10:46:55',NULL),(292,145,4,'no','no','2019-05-01 13:54:01',NULL),(293,146,4,'no','no','2019-05-01 13:54:01',NULL),(294,151,1,'no','no','2019-05-01 14:06:00',NULL),(295,151,2,'no','no','2019-05-01 14:06:00',NULL),(296,152,1,'no','no','2019-05-02 06:42:51',NULL),(297,152,2,'no','no','2019-05-02 06:42:51',NULL),(298,153,1,'no','no','2019-05-03 07:26:11',NULL),(299,153,2,'no','no','2019-05-03 07:26:11',NULL),(300,154,1,'no','no','2019-05-06 04:54:40',NULL),(301,154,2,'no','no','2019-05-06 04:54:40',NULL),(302,155,1,'no','no','2019-05-07 06:19:56',NULL),(303,155,2,'no','no','2019-05-07 06:19:56',NULL),(304,141,3,'yes','no','2019-05-07 14:35:01','2019-05-07 14:35:20'),(305,156,1,'no','no','2019-05-08 06:51:51',NULL),(306,156,2,'no','no','2019-05-08 06:51:51',NULL),(307,157,1,'no','no','2019-05-08 11:23:28',NULL),(308,157,2,'no','no','2019-05-08 11:23:28',NULL),(309,158,1,'no','no','2019-05-08 12:01:57',NULL),(310,158,2,'no','no','2019-05-08 12:01:57',NULL),(311,159,1,'no','no','2019-05-09 05:37:38',NULL),(312,159,2,'no','no','2019-05-09 05:37:38',NULL),(313,160,1,'no','no','2019-05-09 12:55:30',NULL),(314,160,2,'yes','yes','2019-05-09 12:55:30','2019-05-09 13:22:28'),(315,160,3,'yes','no','2019-05-09 13:24:01','2019-05-09 13:27:20'),(316,161,1,'no','no','2019-05-10 05:56:57',NULL),(317,161,2,'yes','yes','2019-05-10 05:56:57','2019-05-10 08:37:30'),(318,162,1,'no','no','2019-05-10 05:57:25',NULL),(319,162,2,'yes','yes','2019-05-10 05:57:25','2019-05-10 07:17:53'),(320,163,1,'no','no','2019-05-10 06:38:38',NULL),(321,163,2,'no','no','2019-05-10 06:38:38',NULL),(322,164,1,'no','no','2019-05-10 06:44:27',NULL),(323,164,2,'no','no','2019-05-10 06:44:27',NULL),(324,161,3,'yes','no','2019-05-10 07:20:01','2019-05-10 08:43:07'),(325,162,3,'yes','no','2019-05-10 07:35:01','2019-05-10 07:35:36'),(326,165,1,'no','no','2019-05-10 09:30:56',NULL),(327,165,2,'no','no','2019-05-10 09:30:56',NULL),(328,166,1,'no','no','2019-05-10 15:15:50',NULL),(329,166,2,'yes','yes','2019-05-10 15:15:50','2019-05-10 15:16:52'),(330,166,3,'yes','no','2019-05-10 15:18:01','2019-05-10 15:18:27'),(331,167,1,'no','no','2019-05-14 16:21:33',NULL),(332,167,2,'yes','yes','2019-05-14 16:21:33','2019-05-16 11:17:42'),(333,168,1,'no','no','2019-08-09 15:31:58',NULL),(334,168,2,'no','no','2019-08-09 15:31:58',NULL),(335,169,1,'no','no','2019-08-10 12:57:58',NULL),(336,169,2,'no','no','2019-08-10 12:57:58',NULL),(337,170,1,'no','no','2019-08-10 17:29:18',NULL),(338,170,2,'no','no','2019-08-10 17:29:18',NULL),(339,171,1,'no','no','2019-08-10 17:42:04',NULL),(340,171,2,'no','no','2019-08-10 17:42:04',NULL),(341,172,1,'no','no','2019-08-10 18:56:04',NULL),(342,172,2,'no','no','2019-08-10 18:56:04',NULL),(343,173,1,'no','no','2019-08-10 19:03:55',NULL),(344,173,2,'no','no','2019-08-10 19:03:55',NULL),(345,174,1,'no','no','2019-08-10 19:12:18',NULL),(346,174,2,'no','no','2019-08-10 19:12:18',NULL),(347,175,1,'no','no','2019-08-10 19:21:47',NULL),(348,175,2,'no','no','2019-08-10 19:21:47',NULL),(349,176,1,'no','no','2019-08-10 19:28:21',NULL),(350,176,2,'no','no','2019-08-10 19:28:21',NULL),(351,177,1,'no','no','2019-08-10 19:38:10',NULL),(352,177,2,'no','no','2019-08-10 19:38:10',NULL),(353,178,1,'no','no','2019-08-10 19:53:29',NULL),(354,178,2,'no','no','2019-08-10 19:53:29',NULL),(355,179,1,'no','no','2019-08-10 21:09:10',NULL),(356,179,2,'no','no','2019-08-10 21:09:10',NULL),(357,180,1,'no','no','2019-08-10 21:23:59',NULL),(358,180,2,'yes','yes','2019-08-10 21:23:59','2019-08-14 22:30:52'),(359,181,1,'no','no','2019-08-11 11:17:36',NULL),(360,181,2,'yes','yes','2019-08-11 11:17:36','2019-08-11 14:56:19'),(361,182,1,'no','no','2019-08-11 13:38:22',NULL),(362,182,2,'yes','yes','2019-08-11 13:38:22','2019-08-11 14:52:42'),(363,183,1,'no','no','2019-08-11 14:45:39',NULL),(364,183,2,'yes','yes','2019-08-11 14:45:39','2019-08-11 14:59:26'),(365,184,1,'no','no','2019-08-11 14:48:50',NULL),(366,184,2,'yes','yes','2019-08-11 14:48:50','2019-08-11 14:57:53'),(367,185,1,'no','no','2019-08-12 11:11:37',NULL),(368,185,2,'no','no','2019-08-12 11:11:37',NULL),(369,186,1,'no','no','2019-08-12 17:58:26',NULL),(370,186,2,'no','no','2019-08-12 17:58:26',NULL),(371,187,1,'no','no','2019-08-12 18:04:58',NULL),(372,187,2,'no','no','2019-08-12 18:04:58',NULL),(373,188,1,'no','no','2019-08-12 20:13:29',NULL),(374,188,2,'no','no','2019-08-12 20:13:29',NULL),(375,189,1,'no','no','2019-08-12 20:14:44',NULL),(376,189,2,'no','no','2019-08-12 20:14:44',NULL),(377,190,1,'no','no','2019-08-13 13:01:11',NULL),(378,190,2,'no','no','2019-08-13 13:01:11',NULL),(379,191,1,'no','no','2019-08-13 13:02:14',NULL),(380,191,2,'no','no','2019-08-13 13:02:14',NULL),(381,192,1,'no','no','2019-08-15 09:26:16',NULL),(382,192,2,'no','no','2019-08-15 09:26:16',NULL),(383,193,1,'no','no','2019-08-15 09:40:09',NULL),(384,193,2,'no','no','2019-08-15 09:40:09',NULL),(385,194,1,'no','no','2019-08-15 10:06:23',NULL),(386,194,2,'no','no','2019-08-15 10:06:23',NULL),(387,195,1,'no','no','2019-08-16 11:06:17',NULL),(388,195,2,'no','no','2019-08-16 11:06:17',NULL),(389,196,1,'no','no','2019-08-16 15:23:21',NULL),(390,196,2,'no','no','2019-08-16 15:23:21',NULL),(391,107,14,'no','no','2019-08-16 16:39:01',NULL),(392,108,14,'no','no','2019-08-16 16:39:01',NULL),(393,110,14,'no','no','2019-08-16 16:39:01',NULL),(394,111,14,'no','no','2019-08-16 16:39:01',NULL),(395,121,14,'no','no','2019-08-16 16:39:01',NULL),(396,123,14,'no','no','2019-08-16 16:39:01',NULL),(397,124,14,'no','no','2019-08-16 16:39:01',NULL),(398,129,14,'no','no','2019-08-16 16:39:01',NULL),(399,132,14,'no','no','2019-08-16 16:39:01',NULL),(400,139,14,'no','no','2019-08-16 16:39:01',NULL),(401,140,14,'no','no','2019-08-16 16:39:02',NULL),(402,141,14,'no','no','2019-08-16 16:39:02',NULL),(403,143,14,'no','no','2019-08-16 16:39:02',NULL),(404,144,14,'no','no','2019-08-16 16:39:02',NULL),(405,145,14,'no','no','2019-08-16 16:39:02',NULL),(406,147,14,'no','no','2019-08-16 16:39:02',NULL),(407,149,14,'no','no','2019-08-16 16:39:02',NULL),(408,150,14,'no','no','2019-08-16 16:39:02',NULL),(409,152,14,'no','no','2019-08-16 16:39:02',NULL),(410,153,14,'no','no','2019-08-16 16:39:02',NULL),(411,154,14,'no','no','2019-08-16 16:39:02',NULL),(412,155,14,'no','no','2019-08-16 16:39:02',NULL),(413,156,14,'no','no','2019-08-16 16:39:02',NULL),(414,157,14,'no','no','2019-08-16 16:39:02',NULL),(415,158,14,'no','no','2019-08-16 16:39:02',NULL),(416,159,14,'no','no','2019-08-16 16:39:02',NULL),(417,160,14,'no','no','2019-08-16 16:39:02',NULL),(418,161,14,'no','no','2019-08-16 16:39:02',NULL),(419,162,14,'no','no','2019-08-16 16:39:02',NULL),(420,163,14,'no','no','2019-08-16 16:39:02',NULL),(421,164,14,'no','no','2019-08-16 16:39:02',NULL),(422,165,14,'no','no','2019-08-16 16:39:02',NULL),(423,166,14,'no','no','2019-08-16 16:39:03',NULL),(424,167,14,'no','no','2019-08-16 16:39:03',NULL),(425,170,14,'no','no','2019-08-16 16:39:03',NULL),(426,178,14,'no','no','2019-08-16 16:39:03',NULL),(427,180,14,'no','no','2019-08-16 16:39:03',NULL),(428,181,14,'no','no','2019-08-16 16:39:03',NULL),(429,182,14,'no','no','2019-08-16 16:39:03',NULL),(430,183,14,'no','no','2019-08-16 16:39:03',NULL),(431,184,14,'no','no','2019-08-16 16:39:03',NULL),(432,185,14,'no','no','2019-08-16 16:39:03',NULL),(433,186,14,'no','no','2019-08-16 16:39:03',NULL),(434,187,14,'no','no','2019-08-16 16:39:03',NULL),(435,188,14,'no','no','2019-08-16 16:39:03',NULL),(436,189,14,'no','no','2019-08-16 16:39:03',NULL),(437,191,14,'no','no','2019-08-16 16:39:03',NULL),(438,192,14,'no','no','2019-08-16 16:39:03',NULL),(439,193,14,'no','no','2019-08-16 16:39:03',NULL),(440,194,14,'no','no','2019-08-16 16:39:03',NULL),(441,195,14,'no','no','2019-08-16 16:39:03',NULL),(442,196,14,'no','no','2019-08-16 16:39:03',NULL),(443,197,1,'no','no','2019-08-17 10:36:26',NULL),(444,197,2,'no','no','2019-08-17 10:36:26',NULL),(445,198,1,'no','no','2019-08-17 10:55:56',NULL),(446,198,2,'no','no','2019-08-17 10:55:56',NULL),(447,199,1,'no','no','2019-08-17 12:06:29',NULL),(448,199,2,'no','no','2019-08-17 12:06:29',NULL),(449,200,1,'no','no','2019-08-17 12:23:55',NULL),(450,200,2,'no','no','2019-08-17 12:23:55',NULL),(451,201,1,'no','no','2019-08-17 14:25:14',NULL),(452,201,2,'no','no','2019-08-17 14:25:14',NULL),(453,202,1,'no','no','2019-08-17 18:20:51',NULL),(454,202,2,'no','no','2019-08-17 18:20:51',NULL),(455,203,1,'no','no','2019-08-17 19:01:42',NULL),(456,203,2,'no','no','2019-08-17 19:01:42',NULL),(457,204,1,'no','no','2019-08-19 11:09:39',NULL),(458,204,2,'no','no','2019-08-19 11:09:39',NULL),(459,205,1,'no','no','2019-08-19 11:12:03',NULL),(460,205,2,'no','no','2019-08-19 11:12:03',NULL),(461,206,1,'no','no','2019-08-19 11:13:19',NULL),(462,206,2,'no','no','2019-08-19 11:13:19',NULL),(463,207,1,'no','no','2019-08-19 11:13:42',NULL),(464,207,2,'no','no','2019-08-19 11:13:42',NULL),(465,208,1,'no','no','2019-08-19 11:14:42',NULL),(466,208,2,'no','no','2019-08-19 11:14:42',NULL),(467,209,1,'no','no','2019-08-19 11:15:51',NULL),(468,209,2,'no','no','2019-08-19 11:15:51',NULL),(469,210,1,'no','no','2019-08-19 11:18:40',NULL),(470,210,2,'no','no','2019-08-19 11:18:40',NULL),(471,211,1,'no','no','2019-08-19 11:19:58',NULL),(472,211,2,'no','no','2019-08-19 11:19:58',NULL),(473,212,1,'no','no','2019-08-19 11:23:46',NULL),(474,212,2,'no','no','2019-08-19 11:23:46',NULL),(475,213,1,'no','no','2019-08-19 11:27:03',NULL),(476,213,2,'no','no','2019-08-19 11:27:03',NULL),(477,214,1,'no','no','2019-08-19 11:49:35',NULL),(478,214,2,'no','no','2019-08-19 11:49:35',NULL),(479,215,1,'no','no','2019-08-19 15:04:20',NULL),(480,215,2,'no','no','2019-08-19 15:04:20',NULL),(481,216,1,'no','no','2019-08-19 15:10:46',NULL),(482,216,2,'no','no','2019-08-19 15:10:46',NULL),(483,217,1,'no','no','2019-08-20 18:00:28',NULL),(484,217,2,'yes','yes','2019-08-20 18:00:28','2019-08-30 12:08:01'),(485,218,1,'no','no','2019-08-21 15:51:34',NULL),(486,218,2,'no','no','2019-08-21 15:51:34',NULL),(487,219,1,'no','no','2019-08-21 19:37:58',NULL),(488,219,2,'no','no','2019-08-21 19:37:58',NULL),(489,220,1,'no','no','2019-08-21 19:45:56',NULL),(490,220,2,'no','no','2019-08-21 19:45:56',NULL),(491,221,1,'no','no','2019-08-21 19:47:33',NULL),(492,221,2,'no','no','2019-08-21 19:47:33',NULL),(493,222,1,'no','no','2019-08-22 10:52:52',NULL),(494,222,2,'no','no','2019-08-22 10:52:52',NULL),(495,223,1,'no','no','2019-08-22 14:15:51',NULL),(496,223,2,'no','no','2019-08-22 14:15:51',NULL),(497,224,1,'no','no','2019-08-22 19:19:29',NULL),(498,224,2,'no','no','2019-08-22 19:19:29',NULL),(499,225,1,'no','no','2019-08-23 12:28:06',NULL),(500,225,2,'no','no','2019-08-23 12:28:06',NULL),(501,226,1,'no','no','2019-08-23 12:34:34',NULL),(502,226,2,'no','no','2019-08-23 12:34:34',NULL),(503,227,1,'no','no','2019-08-23 12:34:34',NULL),(504,227,2,'no','no','2019-08-23 12:34:34',NULL),(505,228,1,'no','no','2019-08-23 14:19:35',NULL),(506,228,2,'no','no','2019-08-23 14:19:35',NULL),(507,229,1,'no','no','2019-08-23 14:23:43',NULL),(508,229,2,'no','no','2019-08-23 14:23:43',NULL),(509,230,1,'no','no','2019-08-23 14:33:46',NULL),(510,230,2,'no','no','2019-08-23 14:33:46',NULL),(511,231,1,'no','no','2019-08-23 14:37:54',NULL),(512,231,2,'no','no','2019-08-23 14:37:54',NULL),(513,232,1,'no','no','2019-08-23 18:17:24',NULL),(514,232,2,'no','no','2019-08-23 18:17:24',NULL),(515,233,1,'no','no','2019-08-23 18:42:46',NULL),(516,233,2,'no','no','2019-08-23 18:42:46',NULL),(517,234,1,'no','no','2019-08-23 19:00:28',NULL),(518,234,2,'no','no','2019-08-23 19:00:28',NULL),(519,235,1,'no','no','2019-08-23 19:01:59',NULL),(520,235,2,'no','no','2019-08-23 19:01:59',NULL),(521,236,1,'no','no','2019-08-23 19:05:00',NULL),(522,236,2,'no','no','2019-08-23 19:05:00',NULL),(523,237,1,'no','no','2019-08-23 19:11:05',NULL),(524,237,2,'no','no','2019-08-23 19:11:05',NULL),(525,238,1,'no','no','2019-08-23 19:12:51',NULL),(526,238,2,'no','no','2019-08-23 19:12:51',NULL),(527,239,1,'no','no','2019-08-24 00:11:21',NULL),(528,239,2,'no','no','2019-08-24 00:11:21',NULL),(529,240,1,'no','no','2019-08-28 14:01:26',NULL),(530,240,2,'yes','yes','2019-08-28 14:01:26','2019-08-28 16:57:43'),(531,241,1,'no','no','2019-08-28 14:01:50',NULL),(532,241,2,'yes','yes','2019-08-28 14:01:50','2019-08-28 18:15:39'),(533,240,3,'no','no','2019-08-28 16:54:01',NULL),(534,240,4,'no','no','2019-08-28 16:54:01',NULL),(535,241,3,'no','no','2019-08-28 18:10:01',NULL),(536,241,4,'no','no','2019-08-28 18:10:01',NULL),(537,178,3,'no','no','2019-08-29 12:50:01',NULL),(538,240,8,'no','no','2019-08-29 12:54:01',NULL),(539,242,1,'no','no','2019-08-29 17:04:01',NULL),(540,242,2,'yes','yes','2019-08-29 17:04:01','2019-08-29 17:32:03'),(541,108,3,'no','no','2019-08-29 17:20:01',NULL),(542,110,3,'no','no','2019-08-29 17:20:01',NULL),(543,111,3,'no','no','2019-08-29 17:20:01',NULL),(544,121,3,'no','no','2019-08-29 17:20:01',NULL),(545,123,3,'no','no','2019-08-29 17:20:01',NULL),(546,124,3,'no','no','2019-08-29 17:20:01',NULL),(547,129,3,'no','no','2019-08-29 17:20:01',NULL),(548,139,3,'no','no','2019-08-29 17:20:01',NULL),(549,140,3,'no','no','2019-08-29 17:20:01',NULL),(550,143,3,'no','no','2019-08-29 17:20:01',NULL),(551,144,3,'no','no','2019-08-29 17:20:01',NULL),(552,147,3,'no','no','2019-08-29 17:20:01',NULL),(553,149,3,'no','no','2019-08-29 17:20:01',NULL),(554,150,3,'no','no','2019-08-29 17:20:01',NULL),(555,152,3,'no','no','2019-08-29 17:20:01',NULL),(556,153,3,'no','no','2019-08-29 17:20:01',NULL),(557,154,3,'no','no','2019-08-29 17:20:01',NULL),(558,155,3,'no','no','2019-08-29 17:20:01',NULL),(559,156,3,'no','no','2019-08-29 17:20:01',NULL),(560,157,3,'no','no','2019-08-29 17:20:01',NULL),(561,158,3,'no','no','2019-08-29 17:20:01',NULL),(562,159,3,'no','no','2019-08-29 17:20:01',NULL),(563,163,3,'no','no','2019-08-29 17:20:01',NULL),(564,164,3,'no','no','2019-08-29 17:20:01',NULL),(565,165,3,'no','no','2019-08-29 17:20:01',NULL),(566,167,3,'no','no','2019-08-29 17:20:01',NULL),(567,170,3,'no','no','2019-08-29 17:20:01',NULL),(568,180,3,'no','no','2019-08-29 17:20:01',NULL),(569,181,3,'no','no','2019-08-29 17:20:01',NULL),(570,182,3,'no','no','2019-08-29 17:20:01',NULL),(571,183,3,'no','no','2019-08-29 17:20:01',NULL),(572,184,3,'no','no','2019-08-29 17:20:01',NULL),(573,185,3,'no','no','2019-08-29 17:20:01',NULL),(574,186,3,'no','no','2019-08-29 17:20:01',NULL),(575,188,3,'no','no','2019-08-29 17:20:01',NULL),(576,192,3,'no','no','2019-08-29 17:20:01',NULL),(577,193,3,'no','no','2019-08-29 17:20:01',NULL),(578,194,3,'yes','no','2019-08-29 17:20:01','2019-09-03 11:52:14'),(579,195,3,'no','no','2019-08-29 17:20:01',NULL),(580,196,3,'no','no','2019-08-29 17:20:01',NULL),(581,197,3,'no','no','2019-08-29 17:20:01',NULL),(582,198,3,'no','no','2019-08-29 17:20:01',NULL),(583,199,3,'no','no','2019-08-29 17:20:01',NULL),(584,200,3,'no','no','2019-08-29 17:20:01',NULL),(585,201,3,'no','no','2019-08-29 17:20:01',NULL),(586,202,3,'no','no','2019-08-29 17:20:01',NULL),(587,203,3,'no','no','2019-08-29 17:20:01',NULL),(588,204,3,'no','no','2019-08-29 17:20:01',NULL),(589,205,3,'no','no','2019-08-29 17:20:01',NULL),(590,206,3,'no','no','2019-08-29 17:20:01',NULL),(591,207,3,'no','no','2019-08-29 17:20:01',NULL),(592,209,3,'no','no','2019-08-29 17:20:01',NULL),(593,210,3,'no','no','2019-08-29 17:20:01',NULL),(594,211,3,'no','no','2019-08-29 17:20:01',NULL),(595,212,3,'no','no','2019-08-29 17:20:01',NULL),(596,213,3,'no','no','2019-08-29 17:20:01',NULL),(597,214,3,'no','no','2019-08-29 17:20:01',NULL),(598,215,3,'no','no','2019-08-29 17:20:01',NULL),(599,216,3,'no','no','2019-08-29 17:20:01',NULL),(600,218,3,'no','no','2019-08-29 17:20:01',NULL),(601,219,3,'no','no','2019-08-29 17:20:01',NULL),(602,222,3,'no','no','2019-08-29 17:20:01',NULL),(603,223,3,'no','no','2019-08-29 17:20:01',NULL),(604,225,3,'no','no','2019-08-29 17:20:01',NULL),(605,226,3,'no','no','2019-08-29 17:20:01',NULL),(606,227,3,'no','no','2019-08-29 17:20:01',NULL),(607,231,3,'no','no','2019-08-29 17:20:01',NULL),(608,233,3,'no','no','2019-08-29 17:20:01',NULL),(609,234,3,'no','no','2019-08-29 17:20:01',NULL),(610,235,3,'no','no','2019-08-29 17:20:01',NULL),(611,236,3,'no','no','2019-08-29 17:20:01',NULL),(612,237,3,'no','no','2019-08-29 17:20:01',NULL),(613,238,3,'no','no','2019-08-29 17:20:01',NULL),(614,239,3,'no','no','2019-08-29 17:20:01',NULL),(615,242,3,'yes','no','2019-08-29 17:20:01','2019-08-29 17:43:22'),(616,242,4,'yes','no','2019-08-29 18:16:45','2019-08-29 18:19:04'),(617,217,4,'no','no','2019-08-30 15:09:38',NULL),(618,243,1,'no','no','2019-08-30 21:25:30',NULL),(619,243,2,'no','no','2019-08-30 21:25:30',NULL),(620,244,1,'no','no','2019-09-02 18:19:03',NULL),(621,244,2,'no','no','2019-09-02 18:19:03',NULL),(622,245,1,'no','no','2019-09-02 18:20:41',NULL),(623,245,2,'yes','yes','2019-09-02 18:20:41','2019-09-02 19:23:05'),(624,245,4,'yes','no','2019-09-02 19:28:36','2019-09-02 19:30:34'),(625,194,4,'yes','no','2019-09-03 11:49:43','2019-09-03 11:53:36'),(626,246,1,'no','no','2019-09-03 12:50:09',NULL),(627,246,2,'no','no','2019-09-03 12:50:09',NULL),(628,247,1,'no','no','2019-09-03 12:59:28',NULL),(629,247,2,'no','no','2019-09-03 12:59:28',NULL),(630,248,1,'no','no','2019-09-03 13:03:11',NULL),(631,248,2,'no','no','2019-09-03 13:03:11',NULL),(632,249,1,'no','no','2019-09-03 15:16:33',NULL),(633,249,2,'no','no','2019-09-03 15:16:33',NULL),(634,250,1,'no','no','2019-09-04 12:26:42',NULL),(635,250,2,'no','no','2019-09-04 12:26:42',NULL),(636,251,1,'no','no','2019-09-04 18:35:05',NULL),(637,251,2,'no','no','2019-09-04 18:35:05',NULL),(638,252,1,'no','no','2019-09-04 23:45:33',NULL),(639,252,2,'no','no','2019-09-04 23:45:33',NULL),(640,253,1,'no','no','2019-09-05 11:29:17',NULL),(641,253,2,'no','no','2019-09-05 11:29:17',NULL),(642,254,1,'no','no','2019-09-06 11:05:25',NULL),(643,254,2,'no','no','2019-09-06 11:05:25',NULL),(644,255,1,'no','no','2019-09-06 11:35:24',NULL),(645,255,2,'no','no','2019-09-06 11:35:24',NULL),(646,108,10,'no','no','2019-09-10 17:24:01',NULL),(647,109,10,'no','no','2019-09-10 17:24:01',NULL),(648,110,10,'no','no','2019-09-10 17:24:01',NULL),(649,111,10,'no','no','2019-09-10 17:24:01',NULL),(650,117,10,'no','no','2019-09-10 17:24:01',NULL),(651,119,10,'no','no','2019-09-10 17:24:01',NULL),(652,120,10,'no','no','2019-09-10 17:24:01',NULL),(653,121,10,'no','no','2019-09-10 17:24:01',NULL),(654,123,10,'no','no','2019-09-10 17:24:01',NULL),(655,124,10,'no','no','2019-09-10 17:24:01',NULL),(656,129,10,'no','no','2019-09-10 17:24:01',NULL),(657,130,10,'no','no','2019-09-10 17:24:01',NULL),(658,132,10,'no','no','2019-09-10 17:24:01',NULL),(659,136,10,'no','no','2019-09-10 17:24:01',NULL),(660,137,10,'no','no','2019-09-10 17:24:01',NULL),(661,138,10,'no','no','2019-09-10 17:24:01',NULL),(662,139,10,'no','no','2019-09-10 17:24:01',NULL),(663,140,10,'no','no','2019-09-10 17:24:01',NULL),(664,141,10,'no','no','2019-09-10 17:24:01',NULL),(665,144,10,'no','no','2019-09-10 17:24:01',NULL),(666,145,10,'no','no','2019-09-10 17:24:01',NULL),(667,147,10,'no','no','2019-09-10 17:24:01',NULL),(668,149,10,'no','no','2019-09-10 17:24:01',NULL),(669,150,10,'no','no','2019-09-10 17:24:01',NULL);
/*!40000 ALTER TABLE `ic_task_relation` ENABLE KEYS */;
UNLOCK TABLES;

--
-- Table structure for table `ic_task_request`
--

DROP TABLE IF EXISTS `ic_task_request`;
/*!40101 SET @saved_cs_client     = @@character_set_client */;
/*!40101 SET character_set_client = utf8 */;
CREATE TABLE `ic_task_request` (
  `request_id` int(11) unsigned NOT NULL AUTO_INCREMENT,
  `user_id` int(11) unsigned NOT NULL,
  `task_id` int(11) unsigned NOT NULL,
  `status` enum('pending','completed') COLLATE utf8_unicode_ci NOT NULL DEFAULT 'pending',
  `created_on` datetime NOT NULL,
  PRIMARY KEY (`request_id`)
) ENGINE=InnoDB AUTO_INCREMENT=6 DEFAULT CHARSET=utf8 COLLATE=utf8_unicode_ci COMMENT='User Request for task';
/*!40101 SET character_set_client = @saved_cs_client */;

--
-- Dumping data for table `ic_task_request`
--

LOCK TABLES `ic_task_request` WRITE;
/*!40000 ALTER TABLE `ic_task_request` DISABLE KEYS */;
INSERT INTO `ic_task_request` VALUES (1,116,3,'pending','2019-04-12 13:16:34'),(2,109,3,'pending','2019-04-12 13:17:09'),(3,109,4,'pending','2019-04-12 13:34:48'),(4,117,4,'pending','2019-04-12 14:37:35'),(5,118,4,'pending','2019-04-12 14:37:17');
/*!40000 ALTER TABLE `ic_task_request` ENABLE KEYS */;
UNLOCK TABLES;

--
-- Table structure for table `ic_task_videoView`
--

DROP TABLE IF EXISTS `ic_task_videoView`;
/*!40101 SET @saved_cs_client     = @@character_set_client */;
/*!40101 SET character_set_client = utf8 */;
CREATE TABLE `ic_task_videoView` (
  `viewed_id` int(11) unsigned NOT NULL AUTO_INCREMENT,
  `user_id` int(11) unsigned NOT NULL,
  `video_id` int(11) NOT NULL,
  `viewed_time` varchar(50) COLLATE utf8_unicode_ci DEFAULT NULL,
  `status` enum('incomplete','complete') COLLATE utf8_unicode_ci NOT NULL DEFAULT 'incomplete',
  `updated_on` datetime NOT NULL,
  PRIMARY KEY (`viewed_id`)
) ENGINE=InnoDB AUTO_INCREMENT=211 DEFAULT CHARSET=utf8 COLLATE=utf8_unicode_ci COMMENT='User Video View track for task';
/*!40101 SET character_set_client = @saved_cs_client */;

--
-- Dumping data for table `ic_task_videoView`
--

LOCK TABLES `ic_task_videoView` WRITE;
/*!40000 ALTER TABLE `ic_task_videoView` DISABLE KEYS */;
INSERT INTO `ic_task_videoView` VALUES (1,106,4,NULL,'complete','2019-04-12 07:30:42'),(2,106,11,NULL,'complete','2019-04-12 07:36:33'),(3,106,19,NULL,'complete','2019-04-12 07:17:18'),(4,106,20,NULL,'complete','2019-04-12 03:00:00'),(5,107,20,NULL,'complete','2019-04-12 09:18:04'),(6,107,19,NULL,'complete','2019-04-12 09:20:31'),(7,107,11,NULL,'complete','2019-04-12 09:21:40'),(8,107,4,NULL,'complete','2019-04-12 09:22:12'),(9,109,21,NULL,'complete','2019-04-24 06:34:44'),(10,109,20,NULL,'complete','2019-04-24 06:35:08'),(11,109,11,NULL,'complete','2019-04-12 07:30:34'),(12,109,4,NULL,'complete','2019-04-24 06:35:34'),(13,107,21,NULL,'complete','2019-04-12 09:17:27'),(14,114,21,NULL,'complete','2019-04-12 11:34:08'),(15,114,20,NULL,'complete','2019-04-12 11:34:42'),(16,110,21,NULL,'complete','2019-04-12 11:47:29'),(17,110,20,NULL,'complete','2019-04-12 11:48:01'),(18,110,19,NULL,'complete','2019-04-12 11:48:26'),(19,110,11,NULL,'complete','2019-04-12 11:48:52'),(20,110,4,NULL,'complete','2019-04-12 11:49:12'),(21,115,21,NULL,'complete','2019-04-12 11:56:24'),(22,115,20,NULL,'complete','2019-04-12 11:57:25'),(23,115,19,NULL,'complete','2019-04-12 11:57:54'),(24,115,11,NULL,'complete','2019-04-12 11:59:00'),(25,115,4,NULL,'complete','2019-04-12 11:59:38'),(26,117,21,NULL,'complete','2019-04-12 14:41:45'),(27,118,21,NULL,'complete','2019-04-12 14:38:43'),(28,118,20,NULL,'complete','2019-04-12 14:39:06'),(29,118,19,NULL,'complete','2019-04-12 14:39:33'),(30,117,19,NULL,'complete','2019-04-12 14:43:02'),(31,118,11,NULL,'complete','2019-04-12 14:40:11'),(32,117,11,NULL,'complete','2019-04-12 14:40:12'),(33,117,4,NULL,'complete','2019-04-12 14:40:50'),(34,118,4,NULL,'complete','2019-04-12 14:40:50'),(35,117,20,NULL,'complete','2019-04-12 14:42:21'),(36,120,21,NULL,'complete','2019-04-12 15:21:20'),(37,120,20,NULL,'complete','2019-04-12 15:21:42'),(38,120,19,NULL,'complete','2019-04-12 15:22:04'),(39,120,11,NULL,'complete','2019-04-12 15:22:26'),(40,120,4,NULL,'complete','2019-04-12 15:22:49'),(41,123,21,NULL,'complete','2019-04-13 07:47:20'),(42,123,19,NULL,'complete','2019-04-13 07:54:25'),(43,123,4,NULL,'complete','2019-04-13 07:55:32'),(44,121,21,NULL,'complete','2019-04-13 08:05:55'),(45,121,20,NULL,'complete','2019-04-13 08:06:20'),(46,121,19,NULL,'complete','2019-04-13 08:07:03'),(47,121,4,NULL,'complete','2019-04-13 08:07:59'),(48,121,11,NULL,'complete','2019-04-13 08:08:39'),(49,129,21,NULL,'complete','2019-04-18 07:36:06'),(50,129,20,NULL,'complete','2019-04-18 07:36:25'),(51,129,19,NULL,'complete','2019-04-18 07:36:45'),(52,129,11,NULL,'complete','2019-04-18 07:37:07'),(53,129,4,NULL,'complete','2019-04-18 07:37:33'),(54,108,21,NULL,'complete','2019-04-23 10:21:14'),(55,130,22,NULL,'complete','2019-04-18 12:03:25'),(56,130,21,NULL,'complete','2019-04-18 12:07:55'),(57,130,20,NULL,'complete','2019-04-18 12:08:43'),(58,130,19,NULL,'complete','2019-04-18 12:09:05'),(59,130,11,NULL,'complete','2019-04-18 12:09:20'),(60,131,22,NULL,'complete','2019-04-18 13:46:45'),(61,131,21,NULL,'complete','2019-04-18 13:47:25'),(62,131,4,NULL,'complete','2019-04-18 13:48:05'),(63,131,11,NULL,'complete','2019-04-18 13:48:45'),(64,131,19,NULL,'complete','2019-04-18 13:49:10'),(65,133,22,NULL,'complete','2019-04-19 06:52:00'),(66,133,21,NULL,'complete','2019-04-19 06:53:38'),(67,133,20,NULL,'complete','2019-04-19 06:55:56'),(68,133,11,NULL,'complete','2019-04-19 07:13:21'),(69,133,4,NULL,'complete','2019-04-19 07:00:40'),(70,133,19,NULL,'complete','2019-04-19 07:14:27'),(71,136,21,NULL,'complete','2019-04-19 10:56:15'),(72,135,22,NULL,'complete','2019-04-19 12:07:47'),(73,135,21,NULL,'complete','2019-04-19 12:08:13'),(74,135,20,NULL,'complete','2019-04-19 12:08:39'),(75,135,19,NULL,'complete','2019-04-19 12:09:06'),(76,135,11,NULL,'complete','2019-04-19 12:09:29'),(77,139,22,NULL,'complete','2019-04-20 13:02:37'),(78,139,21,NULL,'complete','2019-04-20 13:05:11'),(79,139,20,NULL,'complete','2019-04-20 13:05:43'),(80,139,19,NULL,'complete','2019-04-20 13:07:17'),(81,139,11,NULL,'complete','2019-04-20 13:10:21'),(82,139,4,NULL,'complete','2019-04-20 13:15:12'),(83,141,21,NULL,'complete','2019-04-23 05:52:44'),(84,141,22,NULL,'complete','2019-04-23 05:54:11'),(85,141,20,NULL,'complete','2019-04-23 05:55:05'),(86,141,19,NULL,'complete','2019-04-23 05:55:43'),(87,141,4,NULL,'complete','2019-04-23 05:57:13'),(88,142,22,NULL,'complete','2019-04-23 08:51:55'),(89,142,21,NULL,'complete','2019-04-23 08:52:19'),(90,142,20,NULL,'complete','2019-04-23 08:53:02'),(91,142,19,NULL,'complete','2019-04-23 08:54:43'),(92,142,11,NULL,'complete','2019-04-23 08:55:11'),(93,108,22,NULL,'complete','2019-04-23 09:52:07'),(94,140,22,NULL,'complete','2019-04-23 11:28:54'),(95,140,21,NULL,'complete','2019-04-23 11:29:39'),(96,140,20,NULL,'complete','2019-04-23 11:30:26'),(97,140,11,NULL,'complete','2019-04-23 11:31:25'),(98,140,4,NULL,'complete','2019-04-23 11:32:20'),(99,143,4,NULL,'complete','2019-04-23 13:23:19'),(100,143,11,NULL,'complete','2019-04-23 13:23:39'),(101,143,19,NULL,'complete','2019-04-23 13:24:04'),(102,143,20,NULL,'complete','2019-04-23 13:25:00'),(103,143,21,NULL,'complete','2019-04-23 13:25:51'),(104,145,22,NULL,'complete','2019-05-01 10:45:45'),(105,109,22,NULL,'complete','2019-04-24 06:34:22'),(106,109,19,NULL,'complete','2019-04-24 06:36:03'),(107,147,21,NULL,'complete','2019-04-24 06:45:58'),(108,146,22,NULL,'complete','2019-04-24 06:55:24'),(109,146,21,NULL,'complete','2019-04-24 06:54:41'),(110,146,20,NULL,'complete','2019-04-24 06:56:49'),(111,146,4,NULL,'complete','2019-04-24 06:55:46'),(112,146,11,NULL,'complete','2019-04-24 06:56:08'),(113,146,19,NULL,'complete','2019-04-24 06:56:27'),(114,150,4,NULL,'complete','2019-04-24 14:00:25'),(115,150,11,NULL,'complete','2019-04-24 14:00:45'),(116,150,19,NULL,'complete','2019-04-24 14:00:55'),(117,150,20,NULL,'complete','2019-04-24 14:01:04'),(118,150,21,NULL,'complete','2019-04-24 14:01:12'),(119,150,22,NULL,'complete','2019-04-24 14:01:36'),(120,145,21,NULL,'complete','2019-05-01 10:45:58'),(121,145,20,NULL,'complete','2019-05-01 10:46:08'),(122,145,19,NULL,'complete','2019-05-01 10:46:18'),(123,145,11,NULL,'complete','2019-05-01 10:46:25'),(124,152,21,NULL,'complete','2019-05-09 07:10:10'),(125,110,3,NULL,'complete','2019-05-06 06:37:26'),(126,110,2,NULL,'complete','2019-05-06 06:37:45'),(127,153,21,NULL,'complete','2019-05-06 10:27:02'),(128,141,3,NULL,'complete','2019-05-06 12:13:32'),(129,156,21,NULL,'complete','2019-05-08 09:47:38'),(130,157,21,NULL,'complete','2019-05-08 11:32:30'),(131,160,22,NULL,'complete','2019-05-09 13:22:02'),(132,160,21,NULL,'complete','2019-05-09 13:22:09'),(133,160,20,NULL,'complete','2019-05-09 13:22:15'),(134,160,19,NULL,'complete','2019-05-09 13:22:22'),(135,160,11,NULL,'complete','2019-05-09 13:22:28'),(136,162,22,NULL,'complete','2019-05-10 07:17:31'),(137,162,21,NULL,'complete','2019-05-10 07:17:37'),(138,162,20,NULL,'complete','2019-05-10 07:17:41'),(139,162,19,NULL,'complete','2019-05-10 07:17:47'),(140,162,11,NULL,'complete','2019-05-10 07:17:53'),(141,161,21,NULL,'complete','2019-05-10 07:59:11'),(142,161,20,NULL,'complete','2019-05-10 08:19:39'),(143,161,19,NULL,'complete','2019-05-10 08:12:15'),(144,161,11,NULL,'complete','2019-05-10 08:06:11'),(145,161,22,NULL,'complete','2019-05-10 08:37:30'),(146,166,22,NULL,'complete','2019-05-10 15:16:21'),(147,166,21,NULL,'complete','2019-05-10 15:16:30'),(148,166,20,NULL,'complete','2019-05-10 15:16:39'),(149,166,19,NULL,'complete','2019-05-10 15:16:45'),(150,166,11,NULL,'complete','2019-05-10 15:16:52'),(151,167,20,NULL,'complete','2019-05-16 11:17:03'),(152,167,22,NULL,'complete','2019-05-16 11:16:21'),(153,167,21,NULL,'complete','2019-05-16 11:16:40'),(154,167,19,NULL,'complete','2019-05-16 11:17:25'),(155,167,11,NULL,'complete','2019-05-16 11:17:42'),(156,182,11,NULL,'complete','2019-08-11 14:52:42'),(157,182,22,NULL,'complete','2019-08-11 14:51:15'),(158,184,21,NULL,'complete','2019-08-11 14:55:54'),(159,182,21,NULL,'complete','2019-08-11 14:51:35'),(160,182,20,NULL,'complete','2019-08-11 14:51:59'),(161,182,19,NULL,'complete','2019-08-11 14:52:21'),(162,184,11,NULL,'complete','2019-08-11 14:57:07'),(163,184,19,NULL,'complete','2019-08-11 14:56:45'),(164,184,22,NULL,'complete','2019-08-11 14:57:53'),(165,184,20,NULL,'complete','2019-08-11 14:56:18'),(166,181,22,NULL,'complete','2019-08-11 14:55:14'),(167,181,21,NULL,'complete','2019-08-11 14:55:31'),(168,181,20,NULL,'complete','2019-08-11 14:55:48'),(169,181,19,NULL,'complete','2019-08-11 14:56:04'),(170,181,11,NULL,'complete','2019-08-11 14:56:19'),(171,183,21,NULL,'complete','2019-08-11 14:57:35'),(172,183,20,NULL,'complete','2019-08-11 14:57:57'),(173,183,19,NULL,'complete','2019-08-11 14:58:18'),(174,183,11,NULL,'complete','2019-08-11 14:58:39'),(175,183,22,NULL,'complete','2019-08-11 14:59:26'),(176,180,22,NULL,'complete','2019-08-14 22:30:25'),(177,180,21,NULL,'complete','2019-08-14 22:30:31'),(178,180,20,NULL,'complete','2019-08-14 22:30:40'),(179,180,19,NULL,'complete','2019-08-14 22:30:48'),(180,180,11,NULL,'complete','2019-08-14 22:30:52'),(181,204,22,NULL,'complete','2019-08-19 11:37:17'),(182,189,22,NULL,'complete','2019-08-21 11:37:19'),(183,219,22,NULL,'complete','2019-08-21 19:57:45'),(184,170,22,NULL,'complete','2019-08-22 12:10:33'),(185,170,21,NULL,'complete','2019-08-22 12:11:17'),(186,240,21,NULL,'complete','2019-08-28 16:47:13'),(187,240,20,NULL,'complete','2019-08-28 16:47:44'),(188,240,19,NULL,'complete','2019-08-28 16:54:48'),(189,240,11,NULL,'complete','2019-08-28 16:56:58'),(190,240,22,NULL,'complete','2019-08-28 16:57:43'),(191,241,22,NULL,'complete','2019-08-28 18:12:57'),(192,241,21,NULL,'complete','2019-08-28 18:13:22'),(193,241,20,NULL,'complete','2019-08-28 18:14:32'),(194,241,19,NULL,'complete','2019-08-28 18:15:01'),(195,241,11,NULL,'complete','2019-08-28 18:15:39'),(196,242,22,NULL,'complete','2019-08-29 17:28:41'),(197,242,21,NULL,'complete','2019-08-29 17:29:24'),(198,242,20,NULL,'complete','2019-08-29 17:30:04'),(199,242,19,NULL,'complete','2019-08-29 17:30:54'),(200,242,11,NULL,'complete','2019-08-29 17:32:03'),(201,217,22,NULL,'complete','2019-08-30 11:59:21'),(202,217,21,NULL,'complete','2019-08-30 12:00:12'),(203,217,20,NULL,'complete','2019-08-30 12:08:01'),(204,217,11,NULL,'complete','2019-08-30 12:05:38'),(205,217,19,NULL,'complete','2019-08-30 12:06:29'),(206,245,27,NULL,'complete','2019-09-02 19:21:35'),(207,245,26,NULL,'complete','2019-09-02 19:22:05'),(208,245,25,NULL,'complete','2019-09-02 19:22:28'),(209,245,24,NULL,'complete','2019-09-02 19:22:46'),(210,245,23,NULL,'complete','2019-09-02 19:23:05');
/*!40000 ALTER TABLE `ic_task_videoView` ENABLE KEYS */;
UNLOCK TABLES;

--
-- Table structure for table `ic_user`
--

DROP TABLE IF EXISTS `ic_user`;
/*!40101 SET @saved_cs_client     = @@character_set_client */;
/*!40101 SET character_set_client = utf8 */;
CREATE TABLE `ic_user` (
  `user_id` int(11) unsigned NOT NULL AUTO_INCREMENT,
  `unique_id` varchar(100) COLLATE utf8_unicode_ci DEFAULT NULL,
  `user_fullname` varchar(100) COLLATE utf8_unicode_ci NOT NULL,
  `country_code` varchar(10) COLLATE utf8_unicode_ci DEFAULT '91',
  `user_mobile` varchar(100) COLLATE utf8_unicode_ci DEFAULT NULL,
  `user_pin` varchar(255) COLLATE utf8_unicode_ci DEFAULT NULL,
  `user_gender` enum('male','female','other') COLLATE utf8_unicode_ci DEFAULT NULL,
  `user_age` tinyint(1) unsigned DEFAULT NULL,
  `user_image` varchar(255) COLLATE utf8_unicode_ci DEFAULT NULL,
  `user_email` varchar(100) COLLATE utf8_unicode_ci DEFAULT NULL,
  `user_whatsapp` varchar(100) COLLATE utf8_unicode_ci DEFAULT NULL,
  `user_voterid` varchar(100) COLLATE utf8_unicode_ci DEFAULT NULL,
  `user_state` tinyint(1) unsigned DEFAULT NULL,
  `user_district` int(10) unsigned DEFAULT NULL,
  `ac_name` int(1) unsigned DEFAULT NULL,
  `block` varchar(100) COLLATE utf8_unicode_ci DEFAULT NULL,
  `panchayat` varchar(100) COLLATE utf8_unicode_ci DEFAULT NULL,
  `region` enum('rural','urban') COLLATE utf8_unicode_ci DEFAULT NULL,
  `party_associates` enum('yes','no') COLLATE utf8_unicode_ci NOT NULL DEFAULT 'no',
  `party_name` varchar(100) COLLATE utf8_unicode_ci DEFAULT NULL,
  `party_position` tinyint(11) unsigned DEFAULT NULL,
  `comment` text COLLATE utf8_unicode_ci,
  `yip_advocates` enum('yes','no') COLLATE utf8_unicode_ci NOT NULL DEFAULT 'no',
  `yip_hosts` enum('yes','no') COLLATE utf8_unicode_ci NOT NULL DEFAULT 'no',
  `yip_fellow` enum('yes','no') COLLATE utf8_unicode_ci NOT NULL DEFAULT 'no',
  `yip_ambassador` enum('yes','no') COLLATE utf8_unicode_ci NOT NULL DEFAULT 'no',
  `user_device_type` enum('ios','android') COLLATE utf8_unicode_ci NOT NULL DEFAULT 'ios',
  `user_device_token` varchar(255) COLLATE utf8_unicode_ci NOT NULL,
  `user_status` enum('active','inactive') COLLATE utf8_unicode_ci NOT NULL DEFAULT 'active',
  `user_delete_status` enum('1','0') COLLATE utf8_unicode_ci DEFAULT '1' COMMENT '0->Deleted, 1->Not Deleted',
  `profile_completed` enum('true','false') COLLATE utf8_unicode_ci NOT NULL DEFAULT 'false',
  `referal_id` int(11) unsigned DEFAULT NULL,
  `created_on` datetime NOT NULL,
  `updated_on` datetime DEFAULT NULL,
  `user_ip` varchar(255) COLLATE utf8_unicode_ci DEFAULT NULL,
  `user_lang` enum('en','hi') COLLATE utf8_unicode_ci NOT NULL DEFAULT 'en',
  `push_notification` enum('on','off') COLLATE utf8_unicode_ci NOT NULL DEFAULT 'on',
  PRIMARY KEY (`user_id`),
  UNIQUE KEY `unique_id` (`unique_id`),
  UNIQUE KEY `user_mobile` (`user_mobile`),
  KEY `user_fullname` (`user_fullname`)
) ENGINE=InnoDB AUTO_INCREMENT=256 DEFAULT CHARSET=utf8 COLLATE=utf8_unicode_ci COMMENT='User Table';
/*!40101 SET character_set_client = @saved_cs_client */;

--
-- Dumping data for table `ic_user`
--

LOCK TABLES `ic_user` WRITE;
/*!40000 ALTER TABLE `ic_user` DISABLE KEYS */;
INSERT INTO `ic_user` VALUES (107,'1077f2d4d','','+91','7053915362','e10adc3949ba59abbe56e057f20f883e','female',58,NULL,'abhay@gmail.com','8655373837',NULL,9,877,0,NULL,NULL,'urban','no',NULL,NULL,'','no','no','no','no','ios','3577755618cdbc0a41e455754bb2f900eb6d1329289b5cdc4d82f14f2fdbc28b','active','1','true',NULL,'2019-04-12 06:05:59','2019-08-09 15:30:17','103.111.47.44','en','on'),(108,'108ad3634','Himanshu Gupta','+91','7017173040','e10adc3949ba59abbe56e057f20f883e','male',22,'user_image/108_15668177271.jpg','himanshu@techugo.com','7017173040','',33,713,3027,'',NULL,'rural','yes','8',1,NULL,'yes','yes','yes','yes','ios','5ef137c5f4cb1232fff3f28a6a85cb97f6aebf3196cd6b501372db1f08180d95','active','1','true',NULL,'2019-04-12 06:07:17','2019-08-26 16:38:47','180.151.231.3','hi','on'),(110,'1108fb4bd','Gunjan','+91','9076543210','e10adc3949ba59abbe56e057f20f883e','female',24,'user_image/110_1567064810profile_pic.jpg','gunjan@techugo.vom','9076543210',NULL,3,821,227,NULL,NULL,'urban','no',NULL,NULL,'','no','no','no','no','android','eQUTpS8EHiw:APA91bFEUlEib7kYfbngaCaoiQXaSowAPXNG3Orkps8mhFAMLDLEjtoFv3BuUWtjZb0xUHUYTNjW_qhCCH011GZUOdvRZ59QHgaTpu2q71Gdy0GonUfsM_0pcRiArtH6SNONsbauCC6J','active','1','true',NULL,'2019-04-12 06:54:36','2019-09-03 11:11:03','47.30.207.225','en','on'),(111,'111944025','Naresh Yadav','+91','9953632723','e10adc3949ba59abbe56e057f20f883e','male',27,'user_image/111_1556786687profile_pic.jpg','naresh@techugo.com','9953632723',NULL,13,1401,0,NULL,NULL,'rural','no',NULL,NULL,'','no','no','no','no','android','dC2pP90AaT8:APA91bE6x77PbvIKpdFYzL00lexq-ywrrYPtN8YTK5GeaMYpVAq7IfaavYei2OxWRWBPIdqXAvbfStZlU0K4ofyqTl5uY0asKiAV1wFZDBBwUk7kCvdhX-hM3BNwMKphyi9POOLwR7fx','active','1','true',NULL,'2019-04-12 09:27:13','2019-05-02 08:44:47','180.151.231.3','en','on'),(117,'117257a0c','Amit','+91','7053915350','e10adc3949ba59abbe56e057f20f883e','male',70,NULL,'abhay@g.in','7053655868',NULL,6,819,0,NULL,NULL,'rural','yes',NULL,5,'','no','no','no','no','android','cSpHAOfXke0:APA91bHAsjr-SBBnMb6ftfrKlcT8GfhUVYcTZwet5HzznIThDulqXkZqkhzpBgfObfWWFIbLjz4WFk90GapwY1etX0lUkGqT6TvWd5UtGzYWdLmvjqEpuKsoi-R2UI2_ntd3zTg9oGhT','inactive','0','true',NULL,'2019-04-12 14:15:15',NULL,'103.111.47.7','en','on'),(118,'1184815c1','dydshdg','+91','7053915351','e10adc3949ba59abbe56e057f20f883e','male',25,NULL,'qee@gin','7053915351',NULL,3,887,0,NULL,NULL,'rural','yes',NULL,NULL,NULL,'no','no','no','no','android','','inactive','0','true',NULL,'2019-04-12 14:25:38',NULL,'180.151.231.3','en','on'),(119,'119d9da42','Yxhxhx','+91','7053915355','e10adc3949ba59abbe56e057f20f883e','male',25,NULL,'qed@g.in','7053915355',NULL,6,819,0,NULL,NULL,'rural','no',NULL,NULL,'','no','no','no','no','android','fDKAUjcYMgs:APA91bF4fd91sg7e8WxmxeEfWu682yEoDo2W7O9AzoBIf0viBGaUmOK64xHwmC_FBTv4lm8_FqTym6C33M2ZL_Xi6KPk6K6oRs_1Yrw8SQgbVN7ebvbdKFi1AK6Zrovb4ruD5qcnXtIW','inactive','0','true',NULL,'2019-04-12 15:14:19',NULL,'103.111.47.7','en','on'),(120,'120df28c8','Amit sinha','+91','7840033847','e10adc3949ba59abbe56e057f20f883e','male',22,NULL,'amits@gmail.com','7840033847',NULL,9,877,0,NULL,NULL,'urban','yes',NULL,NULL,NULL,'no','no','no','no','ios','9a0ebd90ea970f01e88e00677aa9941fdaf55a299e1586ecb77b62db03845411','inactive','0','true',NULL,'2019-04-12 15:20:18',NULL,'180.151.231.3','en','on'),(121,'1216bc39e','Rajendra','+91','9703226921','e10adc3949ba59abbe56e057f20f883e','male',26,NULL,'rajendra.1209@gmail.com','9703226921',NULL,2,1380,0,NULL,NULL,'rural','no',NULL,NULL,'','no','no','no','no','android','','active','1','true',NULL,'2019-04-12 18:18:17',NULL,'124.123.54.67','en','on'),(123,'1238e1227','Nikhil S','+91','6309006135','e10adc3949ba59abbe56e057f20f883e','male',24,'user_image/123_1556110243profile_pic.jpg','ad@cv.ny','6309006135',NULL,7,796,0,NULL,NULL,'urban','no',NULL,NULL,'','no','no','no','no','android','c3p34Jyv7jI:APA91bHTVuXCfekgGAcBe6W6IUuLeURwvIkYi3PzXm57hxLHU5JBOmrHkmbYQ1dCVi__4s7-9f6CIHUjZOXJPKBB8g2un95Ev6Ole3IuUtovDYCYkusw56nkRJSWg_oKFatGWjU1WQDw','active','1','true',NULL,'2019-04-13 07:10:43','2019-04-24 12:50:43','49.14.45.169','en','on'),(124,'124ac5cf2','Sankalp','+91','6309006210','e10adc3949ba59abbe56e057f20f883e','male',28,NULL,'shriwastavsankalp@gmail.com','9823311110',NULL,5,1192,0,NULL,NULL,'rural','yes',NULL,13,'','no','no','no','no','android','fma5hPVK4ak:APA91bEqT7YFDB9R8DTCwnE630fE-ZKcyklVf5Kpybk6m8PI3k4uGUNQlgpX8UtfIhT5s_-y1ujgD0xChs_k1lV4nGCg3cAQBi2myk2_g7lKeVY0FVq3YkhAoazQ8h2gdl3u5dZvJOoN','active','1','true',NULL,'2019-04-15 13:03:51',NULL,'106.209.147.38','en','on'),(125,'125041236','Nadeem Shahi','+91','9888888888','e10adc3949ba59abbe56e057f20f883e','male',23,NULL,'nad@gmail.com','9888888888',NULL,1,1158,0,NULL,NULL,'rural','yes',NULL,NULL,NULL,'no','no','no','no','ios','','active','1','false',NULL,'2019-04-16 10:24:12',NULL,'180.151.231.3','en','on'),(126,'1264582d9','baba','+91','7878787878','e10adc3949ba59abbe56e057f20f883e','male',45,NULL,'BB@h.in','7878787878',NULL,1,1158,0,NULL,NULL,'rural','yes',NULL,NULL,NULL,'no','no','no','no','ios','','inactive','0','false',NULL,'2019-04-16 10:57:17',NULL,'180.151.231.3','en','on'),(127,'127c6ff1c','asdasd','+91','4545455555','e10adc3949ba59abbe56e057f20f883e','male',78,NULL,'q@Q.in','4545455555',NULL,1,1158,0,NULL,NULL,'rural','yes',NULL,NULL,NULL,'no','no','no','no','ios','','inactive','0','false',NULL,'2019-04-16 11:32:01',NULL,'180.151.231.3','en','on'),(128,'128274919','ascsc','+91','4242424242','e10adc3949ba59abbe56e057f20f883e','male',18,NULL,'q@w.iun','4242424242','',1,1158,0,'',NULL,'rural','yes',NULL,0,NULL,'no','no','no','no','ios','','inactive','0','false',NULL,'2019-04-16 11:33:54','2019-04-16 12:32:33','106.198.228.117','en','on'),(129,'12920a465','Swati','+91','9876543210','e10adc3949ba59abbe56e057f20f883e','female',20,NULL,'swati@g.com','9876543210',NULL,33,721,0,NULL,NULL,'rural','yes',NULL,1,'','no','no','no','no','android','d5ne-ADDBWA:APA91bEKbkLIeQ66NGeHfB1z4K5pk2CXbUVCcmVLZXqi7uzvRsm2txCM2VE1z1rvCC4pSzvsQXK6Y0sd5rdH9lkekAWidukxPqicHMJ2vJdO8ytBt9zB2hD4uzVpIv0Wy2pvllmXqzYB','active','1','true',NULL,'2019-04-18 07:13:45',NULL,'47.30.169.200','en','on'),(130,'1308145d4','Angad','+91','7053915358','e10adc3949ba59abbe56e057f20f883e','female',80,NULL,'angad@g.in','7053915358',NULL,28,767,0,NULL,NULL,'rural','yes',NULL,NULL,NULL,'no','no','no','no','android','','inactive','0','true',NULL,'2019-04-18 10:24:59',NULL,'47.30.241.240','en','on'),(131,'1310bf7e1','Qwdff','+91','7053915359','e10adc3949ba59abbe56e057f20f883e','female',80,NULL,'asdg@gmail.com','7053915359',NULL,9,877,0,NULL,NULL,'rural','no',NULL,NULL,'','no','no','no','no','android','eVw6oToBO8Y:APA91bG-o_GWqQfKPx9Uubnp4i_eoKC-8UhBmih9RewllrTeOZcljh1-jjzTFGNmEsteVDWiqWU8H9opS3PFWWn4pVtDwQuGYDR2im60En4MBFZz3jT3NOK_8hjUHtMkx67akxgvKirj','inactive','0','true',NULL,'2019-04-18 13:30:22',NULL,'103.111.47.21','en','on'),(132,'132a4a8ec','Amit Ashish','+91','7053915360','e10adc3949ba59abbe56e057f20f883e','female',50,NULL,'ashisham@gmail.com','7053915360',NULL,16,919,0,NULL,NULL,'urban','no',NULL,NULL,'','no','no','no','no','android','','active','0','true',NULL,'2019-04-19 05:25:32',NULL,'103.111.47.7','en','on'),(133,'133e2b79a','qwerty','+91','7840033845','e10adc3949ba59abbe56e057f20f883e','male',58,NULL,'qrthfjccjc','7840033845',NULL,4,801,0,NULL,NULL,'urban','yes',NULL,NULL,NULL,'no','no','no','no','android','fiCn8sjesHw:APA91bHE2GDkMIn9VgC-R-7FZItnZpPhGm0MYEGYHvRC-DB-hFr_rcPw5K6bD5cksjOOeflzp_Y4vToADA9yacazCd_YeZHlnxvOvzdtQzCQkufvHobCx0N9m0WppGyLk8GEN7_kvuCE','inactive','0','true',NULL,'2019-04-19 06:46:59',NULL,'103.111.47.44','en','on'),(134,'134908901','test','+91','7840033846','e10adc3949ba59abbe56e057f20f883e','male',50,NULL,'test@test.com','7840033846',NULL,4,798,0,NULL,NULL,'rural','yes',NULL,NULL,NULL,'no','no','no','no','ios','68d7dd4462f75306bfa92dad56b1da3a8c889b4abc3c69cefc73de5136f7a3a5','inactive','0','true',NULL,'2019-04-19 07:42:22',NULL,'103.111.47.44','en','on'),(135,'1359815c2','Testing','+91','7053915349','e10adc3949ba59abbe56e057f20f883e','female',70,NULL,'testingg@g.in','7053915349',NULL,12,847,0,NULL,NULL,'urban','no',NULL,NULL,'','no','no','no','no','ios','68d7dd4462f75306bfa92dad56b1da3a8c889b4abc3c69cefc73de5136f7a3a5','inactive','0','true',NULL,'2019-04-19 08:26:54',NULL,'103.111.47.40','en','on'),(136,'136bfc187','Testing ','+91','6309006137','e10adc3949ba59abbe56e057f20f883e','male',25,NULL,'aastik.goel@indianpac.com','6309006137',NULL,15,908,0,NULL,NULL,'urban','yes',NULL,13,'','no','no','no','no','android','dCL6L_ZurZc:APA91bF53hpGC61XqJTjD3pFFH-D7NiOzkUyV9Fk6WgJuNukHV98EIGYmAkdJFIs15mkFJDkC4oZlhcxPZ-aBqvC0jeJ1v7aPG76A5hsD9NFurmGBvzbyZicPHMUzOzypeZ869APRt3X','inactive','0','true',NULL,'2019-04-19 10:25:42',NULL,'1.187.88.167','en','on'),(137,'137b08623','Ahshd','+91','9767344319','e10adc3949ba59abbe56e057f20f883e','male',25,NULL,'shd@shd.com','9767344319',NULL,5,782,0,NULL,NULL,'rural','no',NULL,NULL,'','no','no','no','no','android','','inactive','0','true',NULL,'2019-04-20 05:27:59',NULL,'106.199.0.150','en','on'),(138,'138c454cb','Eudjd','+91','1324676767','e10adc3949ba59abbe56e057f20f883e','male',25,NULL,'dj@djd.com','1324676767',NULL,6,819,0,NULL,NULL,'urban','no',NULL,NULL,'','no','no','no','no','android','','inactive','0','true',NULL,'2019-04-20 05:29:27',NULL,'106.198.131.102','en','on'),(139,'139a58e51','Nikhil Kumar','+91','9673713335','e10adc3949ba59abbe56e057f20f883e','male',25,NULL,'nikhil@gmail.com','9673713335',NULL,5,782,0,NULL,NULL,'rural','no',NULL,NULL,'','no','no','no','no','android','d7pKr4ogeVQ:APA91bGbJOfjO9mAPc9XsKpHzOjsmvP20jQWazKcEfHdu9FTXIjSlF1W61DQOi4U8hoR_EMjuFVjWcN0yFPZ1zezoQMH5uJeMJQYixzK4gc72Z9mHarkzai9ZMGxX5q2l8c4SBJvhFrp','active','1','true',NULL,'2019-04-20 08:13:36',NULL,'106.199.0.78','en','on'),(140,'140b4fe15','Gunjan','+91','8080808080','e10adc3949ba59abbe56e057f20f883e','female',25,NULL,'gungun@abc.com','8080808080',NULL,10,1161,0,NULL,NULL,'urban','no',NULL,NULL,'','no','no','no','no','android','d5jg7Sys4Ys:APA91bGqSsWpUX3d3JgtjCdJT432d4nNgOSZ2_V4GpjXgbnhvXH0KfIbaXX795iY3aTmakCQXvD3yEU2djOUekHqyineANrqKJRsmQezvnzPvhvyFkiSKEdY5x5_IfCLYEV7LRLQUJIH','active','1','true',NULL,'2019-04-22 12:02:40',NULL,'47.31.114.11','en','on'),(141,'141d5c02f','Abhay Kumar','+91','7053915301','e10adc3949ba59abbe56e057f20f883e','female',22,'user_image/141_1557240685profile_pic.jpg','amit@gmail.com','7053915301','',5,1070,406,'',NULL,'rural','no','',0,'','yes','yes','yes','yes','android','','active','1','true',NULL,'2019-04-23 05:44:05','2019-05-09 14:21:06','103.111.47.47','en','on'),(142,'1423d022f','nam puts','+91','7053915302','e10adc3949ba59abbe56e057f20f883e','female',80,NULL,'naam@Gmail.com','7053915302',NULL,3,887,0,NULL,NULL,'urban','yes',NULL,NULL,NULL,'no','no','no','no','android','fG6Nteoo9nQ:APA91bHBFWKA8yxP-vQrnL2cwh48xb9zCBXa7PLzB-TjJBTFLIDHUhhl8ueHKWpT8QO_A_klphTWivkR5rW5pnjERQ4ltt-gVzPYE2qT54VYznKeh3IOGiaA9TcSPW59BQlzk91U-hlR','inactive','0','true',NULL,'2019-04-23 08:23:48',NULL,'103.111.47.50','en','on'),(143,'143433542','Karn Kumar','+91','7053915303','e10adc3949ba59abbe56e057f20f883e','male',25,'user_image/143_1557304266file','karn@gmail.com','7053915303',NULL,5,849,0,NULL,NULL,'rural','no',NULL,NULL,'','no','no','no','no','android','fd3D2iYP-lc:APA91bFld_GS-1OSqD-WrRvgUHCFgif-n-kyGSfNS-9SGg_DKVvLVQdoznQPXzpMS6nzweY59T7CxidCUPC7uevJd5AKcA9tuJ_kWvLHfFzc4aFz7dnUxIJ1vrvtvwMabiaPQd7pc9pU','active','1','true',NULL,'2019-04-23 13:17:08','2019-05-08 08:31:06','103.111.47.50','en','off'),(144,'144ff2d6e','Test User','+91','8569939657','e10adc3949ba59abbe56e057f20f883e','male',25,NULL,'test@techugo.com','8569939657',NULL,6,819,0,NULL,NULL,'rural','no',NULL,NULL,'','no','no','no','no','android','','active','1','true',NULL,'2019-04-23 14:02:50',NULL,'180.151.231.3','en','on'),(145,'1456ca1d9','Avinash','+91','7053915304','e10adc3949ba59abbe56e057f20f883e','female',28,'user_image/145_1557298849Screenshotfrom2019-05-0713-08-00.png','rt@g.in','7053915304','2423423423',3,821,228,'',NULL,'urban','yes','',0,NULL,'no','no','no','no','android','','active','1','true',NULL,'2019-04-23 14:15:03','2019-05-09 06:01:57','103.111.47.3','en','on'),(146,'146385112','Gzhx','+91','7053915305','e10adc3949ba59abbe56e057f20f883e','female',68,'user_image/146_1556113807file','gsyzh@g.in','7053915305',NULL,6,819,0,NULL,NULL,'urban','no',NULL,NULL,'','no','no','no','no','ios','20866bba9e9e4956e5229f315ddefb48de7812562a22e752b665c9b75e6731ba','inactive','0','true',NULL,'2019-04-23 14:20:05','2019-04-24 13:50:07','103.111.47.50','en','on'),(147,'14702daed','Rajendra','+91','8328649209','e10adc3949ba59abbe56e057f20f883e','male',26,NULL,'rajendra@gmail.com','8328649209',NULL,2,1379,0,NULL,NULL,'rural','no',NULL,NULL,'','no','no','no','no','android','dWXvdgE4WAI:APA91bHUy3HHh2B3fkK_-rnkoIAMDz95MrbzqX-1IB9TFuDbr_vDrhgufIxjfxpbUQwYGV51giveRcyLyRt7jevOhyA_i60ktbq04sSCzvGAplLAF69DlVXNPeIwhK31QulST5F2z3Xk','active','1','true',NULL,'2019-04-23 15:03:59','2019-09-06 11:03:22','106.220.126.243','en','on'),(148,'148431030','kkk','+91','8585585858','e10adc3949ba59abbe56e057f20f883e','male',25,NULL,'k@g.cc','8585585858',NULL,9,877,0,NULL,NULL,'urban','yes',NULL,NULL,NULL,'no','no','no','no','ios','','inactive','0','false',NULL,'2019-04-24 09:01:01',NULL,'103.111.47.55','en','on'),(149,'1499f286f','Amit Kumar','+91','6309006110','e10adc3949ba59abbe56e057f20f883e','male',23,NULL,'ursvarun_p@yahoo.co.in','6309006110',NULL,2,1058,0,NULL,NULL,'urban','no',NULL,NULL,'','no','no','no','no','android','c6U93aboqAE:APA91bGJGoYFZ6985On_g6UsByzwU86CK5-VKvEIZcM6NMVYavDG0nZAQFPiC-r93tYYCiJ_K8_K4sHqlPGxB-3wNbetRmPQYhTsHwNbQkh2c_Y-ACGnLV0PM4ZuMzls-ly0U-vPdvg5','active','1','true',NULL,'2019-04-24 13:34:17',NULL,'36.255.88.170','en','on'),(150,'150314eaa','Disha Joshi','+91','9033350295','e10adc3949ba59abbe56e057f20f883e','female',24,NULL,'dsjoshi31@gmail.com','9033350295',NULL,5,1192,0,NULL,NULL,'urban','no',NULL,NULL,'','no','no','no','no','android','fXlhSVVVVB8:APA91bH-odg_FIO4ZxMJ-ARxBkLjwH3tVZWr5MbPi8Fe0V3olNGEbCyJkTxcHWIKCm-aJSlgNvFon6vDI02mDMrP3mwUykMpAFb0ijvzAhr32uUGZrKywMJU5OCyrr8myzYDeV6NMKwR','active','1','true',NULL,'2019-04-24 13:58:02',NULL,'106.207.63.16','en','on'),(151,'151b3a0a9','Testing','+91','7053915309','e10adc3949ba59abbe56e057f20f883e','male',25,NULL,'test.g@g.in','7053915309',NULL,4,831,0,NULL,NULL,'rural','no',NULL,NULL,'','no','no','no','no','android','','inactive','0','true',NULL,'2019-05-01 14:06:00',NULL,'103.111.47.25','en','on'),(152,'1526ef0ca','Pooja Pradeep','+91','6309006144','e10adc3949ba59abbe56e057f20f883e','female',30,NULL,'pooja.pradeep@indianpac.com','6309006144',NULL,10,1157,0,NULL,NULL,'urban','yes',NULL,1,'','no','no','no','no','android','dMPHvh53qzk:APA91bFXQQWw0ExdPOooazXbFDVt0jzjqLzRXUEiPzsHaKEBmvTAII4MdkChI5n9TF2IFT-vZCgnnyD0QM83j6MgPIjAcGZck4Q2ssdCcjIXMkbNsHm6MOeATGzOY56UK5zzkq_RTlZD','active','1','true',NULL,'2019-05-02 06:42:51',NULL,'14.140.8.226','en','on'),(153,'1533aeda6','Jyoti','+91','8444444444','e10adc3949ba59abbe56e057f20f883e','female',28,'user_image/153_1557138463profile_pic.jpg','jyoti@techugo.com','8444444444',NULL,1,1163,2,NULL,NULL,'rural','yes',NULL,6,'','no','no','no','no','android','','active','1','true',NULL,'2019-05-03 07:26:11','2019-05-06 10:27:43','180.151.231.3','en','on'),(154,'1547547ef','MANISH THAKUR','+91','9650323295','e10adc3949ba59abbe56e057f20f883e','male',22,'user_image/154_1557118555profile_pic.jpg','kumarmaish889@gmail.com','9650323295',NULL,33,914,3013,NULL,NULL,'rural','no',NULL,NULL,'','no','no','no','no','android','cu5n3lqIUOc:APA91bGO9kkf7yq-_s3wJDln5lRWt2r6ZYKllM71vHmQzpyDr1_1EW_7yoCESgqTgk0sOe9kbp_VnyqVz_vXQxpy5afXXr0jGSyUWm8XObadBDnNoCeYyObe0q8BTojY73E4hrLZ0crs','active','1','true',NULL,'2019-05-06 04:54:40','2019-05-06 04:55:55','47.30.189.124','en','on'),(155,'155d04ffd','Anurag Singh','+91','8527290989','e10adc3949ba59abbe56e057f20f883e','male',28,NULL,'anurag.singh@indianpac.com','+916309006',NULL,5,915,468,NULL,NULL,'urban','no',NULL,NULL,'','no','no','no','no','android','','active','1','true',NULL,'2019-05-07 06:19:56',NULL,'106.199.99.129','en','on'),(156,'1563d58fc','Ajanta','+91','8444444441','e10adc3949ba59abbe56e057f20f883e','female',29,'user_image/156_1557300275profile_pic.jpg','ajanta@techugo.com','8444444441',NULL,33,914,3014,NULL,NULL,'urban','yes','2',9,'','no','no','no','no','android','','active','1','true',NULL,'2019-05-08 06:51:51','2019-05-08 07:24:35','47.31.121.10','en','on'),(157,'1578cfc82','Alok Jha','+91','9958849695','e10adc3949ba59abbe56e057f20f883e','male',29,NULL,'2alokjha@gmail.com','9958849695',NULL,33,916,3011,NULL,NULL,'rural','no',NULL,NULL,NULL,'no','no','no','no','android','eZEK8An6x4s:APA91bFNnevbcKONaBDVl1xaHW1rL7Wzk5OnHdr1LppqnCqjr2SizOQE-n4Cvw3u_qSFAGVmXrDq3GSpi4u6T3kw687pDUny1J3okJl3eBnTZ3PsDyrQriSXvMzZC-2jdbU79SvOGT6P','active','1','true',141,'2019-05-08 11:23:28',NULL,'103.111.47.48','en','on'),(158,'1587bfea0','rahul kumar','+91','6666666666','e10adc3949ba59abbe56e057f20f883e','male',24,NULL,'rahul@techugo.com','6666666666',NULL,33,914,3013,NULL,NULL,'rural','yes',NULL,NULL,NULL,'no','no','no','no','ios','276774e6abd8904ef04654ce17ef24c24eb5bbe2b55ac6ab608840b8bf8b7687','active','1','true',NULL,'2019-05-08 12:01:57',NULL,'103.111.47.46','en','on'),(159,'159df86ce','Amit kumar','+91','7053945309','e10adc3949ba59abbe56e057f20f883e','male',28,NULL,'amit2@g.in','7053945309','',4,798,3797,'',NULL,'rural','yes','',0,NULL,'yes','yes','yes','yes','ios','2f96a60d04cca1171df98ef5879495899aaf9d71f9412cbbcaa026c39144e492','active','1','true',NULL,'2019-05-09 05:37:38','2019-05-09 06:04:56','103.111.47.3','en','on'),(160,'160e36762','Asdfgh','+91','7053915308','e10adc3949ba59abbe56e057f20f883e','male',28,NULL,'','7053915308',NULL,5,810,437,NULL,NULL,'urban','yes','7',7,NULL,'no','no','no','no','android','eKQBi3vpMSU:APA91bHoH0gpx4aBxCeUhISPMT2mGcWfjXo-0YxFmBe1B7wxTcaJ0y0N8TNB3JN9Kdc7hGh7-0doXJNwLGn1TDdRda68xwvLv28XVU7LhUdtpLNWRXa4x9-E9FdNGn62lLXAD1XW7wUU','active','1','true',NULL,'2019-05-09 12:55:30',NULL,'103.111.47.3','en','on'),(161,'161d2dd40','Ashish kumar','+91','7053915310','e10adc3949ba59abbe56e057f20f883e','other',28,NULL,'','7053915301',NULL,4,801,3753,NULL,NULL,'urban','yes',NULL,NULL,NULL,'no','no','no','no','ios','4f5ec6bdc21b7031449744173a99cd12d2aec5074431e033db45e8df5fdd0db3','active','1','true',NULL,'2019-05-10 05:56:57',NULL,'180.151.231.3','en','on'),(162,'1628e028e','Ashish Kumar','+91','7053915311','e10adc3949ba59abbe56e057f20f883e','other',25,'user_image/162_1557474221profile_pic.jpg','','7083915301',NULL,4,769,3763,NULL,NULL,'urban','yes','5',6,NULL,'no','no','no','no','android','dqRcjrXZj-c:APA91bGIHvxWh16savOPSTJDdZ8Apz-42thvhZONQ0VbRcW4r_ESBu6BnY1xZnxjOXzTHuX2i3y-oqqa-v__bwyQUYkC07V_9x85jZf_uskncXyWoMt6HI7LB1Q_2vG2gdpf58jGL7GM','active','1','true',NULL,'2019-05-10 05:57:25','2019-05-10 07:43:41','103.111.47.13','en','on'),(163,'16349ac66','Beenu','+91','8888888888','e10adc3949ba59abbe56e057f20f883e','female',24,NULL,'beenu@gmail.com','8888888888',NULL,12,1327,779,NULL,NULL,'urban','no',NULL,NULL,NULL,'no','no','no','no','android','','active','1','true',NULL,'2019-05-10 06:38:38',NULL,'47.30.249.167','en','on'),(164,'164942987','Ankit','+91','9999999999','e10adc3949ba59abbe56e057f20f883e','male',25,NULL,'','9999999999',NULL,15,968,1028,NULL,NULL,'urban','no',NULL,NULL,NULL,'no','no','no','no','android','','active','1','true',NULL,'2019-05-10 06:44:27',NULL,'47.30.249.167','en','on'),(165,'1650160e7','Asd Ghj ','+91','6309006104','e10adc3949ba59abbe56e057f20f883e','male',29,NULL,'','6309006104',NULL,11,1311,601,NULL,NULL,'urban','yes','1',13,NULL,'no','no','no','no','android','dzwTqMd3pO4:APA91bEn6NvAaKqZxHXPCRGFCb_z7AZks0Mz0qQkweBpYnvWlqMsQ-P7HdqYWFzsfq7bcbIY2-D9q1r1hc6Hh-UgNe0r4WF5Lcy8SP2zE2L-VOCh5w6xAZ7joqx5jZlAci5vSXSkmQFx','active','1','true',NULL,'2019-05-10 09:30:56',NULL,'106.198.137.8','en','on'),(166,'166311f09','Dipa','+91','7053915300','e10adc3949ba59abbe56e057f20f883e','female',24,NULL,'','7053915300',NULL,2,885,38,NULL,NULL,'urban','no',NULL,NULL,NULL,'no','no','no','no','android','cyZykhHxLhI:APA91bE6ZwRfzBb7KlSUPB3pyfQHZd56Wbx-7lNSPSeUmSW7LVI6iMzptRRWItD9Vpc061-BEZWnobjt1zN2gJe50syUSxt7LZEupINBbTLsfWmjqoK9ZOypxc7ECGV1DKMTh4WWPUlr','active','1','true',NULL,'2019-05-10 15:15:50',NULL,'103.111.47.13','en','on'),(167,'1673bfb89','Farah Abdul','+91','9100072522','e10adc3949ba59abbe56e057f20f883e','female',31,NULL,'farah.abdul@indianpac.com','9100072522',NULL,35,1047,0,NULL,NULL,'urban','no',NULL,NULL,'','no','no','no','no','android','c8yDPru6-_I:APA91bGiAHQUeeGiTxsLo93Oue_E2TmqhxIIKL9suSf1RX-fK53r5P0aWNjQQJH4xLkjxiHZXxlXT5eUVsJds7ktMiW2HRy_MDc_LxMIruePHnFb-KmAWqGPVxBYR36yMuUa-e0GL0gd','active','1','true',NULL,'2019-05-14 16:21:33',NULL,'106.207.25.106','en','on'),(168,'1680bfb76','ALok K Jha','91','9898989876','e10adc3949ba59abbe56e057f20f883e','male',NULL,NULL,'','435435354353',NULL,NULL,NULL,NULL,NULL,NULL,NULL,'no',NULL,NULL,NULL,'no','no','no','no','ios','','active','1','false',NULL,'2019-08-09 15:31:58',NULL,'180.151.231.3','en','on'),(169,'169b68b3d','sp','91','701717304012','e10adc3949ba59abbe56e057f20f883e','male',NULL,NULL,'sp@techugo.com','701717304012',NULL,NULL,NULL,NULL,NULL,NULL,NULL,'no',NULL,NULL,NULL,'no','no','no','no','ios','','active','1','false',NULL,'2019-08-10 12:57:58','2019-08-10 12:58:06','180.151.231.3','en','on'),(170,'170b37c20','Indranil Chatterjee','+91','9639639630','e10adc3949ba59abbe56e057f20f883e','male',24,'user_image/170_1566213051profile_pic.jpg','neel@abc.com','9639639630',NULL,9,845,575,NULL,NULL,NULL,'no',NULL,NULL,NULL,'no','no','no','no','android','dQDxpxtyEXU:APA91bEj5IT1OIISmYYLLHpG4XRXwSyFkuEK6D0zqWYvcmeFcmDgTMNtGjq8SFpZckkvxkwgCmumAZpk0gIUjMKHNOgZ7CIzWyLYviCyDHdEe24-J9MyVsp5ynCOswdJejQOeo-phnL7','active','1','true',NULL,'2019-08-10 17:29:18','2019-08-30 18:08:30','47.31.88.73','en','on'),(178,'1784463cd','Kashish','+91','8054183455','e10adc3949ba59abbe56e057f20f883e','male',19,'user_image/178_1567404165file',NULL,'+91| 8054183455',NULL,17,942,NULL,NULL,NULL,NULL,'no',NULL,NULL,NULL,'no','no','no','no','android','e4gMsWlw5dM:APA91bGBszRFSquKMY28rNm8J0_6prFKurBNLaMIBNBsd931eCF3jPWrXR2f-A-cplNTAPSuuwoAkcbVv0LRYUnKdda2NxM5TQH1HL8VDKucJgC0wX_Xh_WwJ2ey0IJL0n27AaTnKFwO','active','1','true',NULL,'2019-08-10 19:53:29','2019-09-02 11:32:45','103.99.37.204','en','on'),(180,'1808ac354','Kalla Kumar','+91','9044939490','e10adc3949ba59abbe56e057f20f883e','male',27,'user_image/180_1565802207profile_pic.jpg','','9044939490',NULL,NULL,NULL,NULL,NULL,NULL,NULL,'no',NULL,NULL,NULL,'no','no','no','no','android','e2OLXPeaKM4:APA91bG7Bqe4VHJXK7JDJ37IISm5acjeGLfL_TgDwCsDyV-F_xcFcmP-YJ3RBzCZmxgVIH3h6_lXqrO3GYazWQNv6pb250mu-tnVZ5j0pN615R2IWJzQ4gpgjEfsZIksfTclqvGSuxOw','active','1','true',NULL,'2019-08-10 21:23:59','2019-09-04 19:51:44','106.220.126.243','en','on'),(181,'1812c56aa','Fauzia Rahman','+91','6309987739','e10adc3949ba59abbe56e057f20f883e','female',26,NULL,'fauzia.rahman@indianpac.com','6309987739',NULL,NULL,NULL,NULL,NULL,NULL,NULL,'no',NULL,NULL,NULL,'no','no','no','no','android','dMNZLPkvHa8:APA91bES8z1RWHXnFqUXosPnNCP-sHB9O1QIHEvxwqFUsSN4lmO2XMhWydMndJRM5pBadLvcyfGQTXQ7Q-dZQW5mt1w7hFPWPTuDYpNxNYF6yDTgTbApUQYPGnIaYLlgLQtIMKFvn7jk','active','1','true',NULL,'2019-08-11 11:17:36',NULL,'36.255.88.170','en','on'),(182,'182f6da66','Aman Kumar','+91','8197507388','e10adc3949ba59abbe56e057f20f883e','male',26,NULL,'aman@indianpac.com','8197507388',NULL,NULL,NULL,NULL,NULL,NULL,NULL,'no',NULL,NULL,NULL,'no','no','no','no','android','c8yaS6Tcfik:APA91bGKzV17jETM4qveVEVk_MhDRWvXrrVdKG6SluB7QrTXqCDTnuNF3BnOO-DcJwQVATbcQqaEwMNRWBlRI_6pDo6_AJ8M_mC3jtAwyroH342K6AqB5qShfJSSgq4V1q32q16aKX04','active','1','true',NULL,'2019-08-11 13:38:22',NULL,'36.255.88.170','en','on'),(183,'183f12181','Shree Bala Gupta','+91','6309064036','e10adc3949ba59abbe56e057f20f883e','female',26,NULL,'','6309064036',NULL,NULL,NULL,NULL,NULL,NULL,NULL,'no',NULL,NULL,NULL,'no','no','no','no','android','dnqQmL75yxY:APA91bHDnxl5mK3_k1Q80d2ZQqnhDUeIWrB4qSBWOx21t4ci2WFHf3erZmnNqB0USsr96om6r3MTFpXKxRzDpo8aTPWDsZo79CPczveO5tzWS3_Wdq1qaY33t1aUfYeAPduppHXGCb0q','active','1','true',NULL,'2019-08-11 14:45:39',NULL,'106.207.48.188','en','on'),(184,'184ea9c36','Disha vegad','+91','7371997138','e10adc3949ba59abbe56e057f20f883e','female',24,NULL,'disha08vegad@gmail.com','7371997138',NULL,NULL,NULL,NULL,NULL,NULL,NULL,'no',NULL,NULL,NULL,'no','no','no','no','android','cJjIHbD-V6U:APA91bEVOOZFc-G7-_X9KpBP8OWp0X1eDzckyDlo3UHJqyMTDWNVMRFS9GgDzulS5odIZRDombJb0o3SG8goTe1DARX7JdzGUOHtqFjV9RJUvFvxkngH69sie_u0JSfKN4gj9DRxS-4B','active','1','true',NULL,'2019-08-11 14:48:50',NULL,'36.255.88.170','en','on'),(185,'185639d07','SHIVAJI','+91','9100100827','e10adc3949ba59abbe56e057f20f883e','male',24,NULL,'shiva.dubey@indianpac.com','9100100827',NULL,NULL,NULL,NULL,NULL,NULL,NULL,'no',NULL,NULL,NULL,'no','no','no','no','android','cYAyyEO7hJ4:APA91bE-ExHm0tSO2wvrqujZ2weXwKyQGYnqLSkeZBjaIVCknj-kgc3GvNU0foz06xPcneXPRBaU4W-1aM49S-uqzlLI_t9SU61Y6xev69MK1cfu3a0opsCS15dxzXOJQyFLudWQrBRF','active','1','true',NULL,'2019-08-12 11:11:37',NULL,'106.207.18.113','en','on'),(186,'18683a8a3','test deep','+91','2525252525','e10adc3949ba59abbe56e057f20f883e','male',35,NULL,'','2525252525',NULL,NULL,NULL,NULL,NULL,NULL,NULL,'no',NULL,NULL,NULL,'no','no','no','no','android','','active','1','true',NULL,'2019-08-12 17:58:26',NULL,'103.99.37.222','en','on'),(188,'188133af1','Test Abhay','+91','7053915320','e10adc3949ba59abbe56e057f20f883e','male',20,NULL,'','2580525885',NULL,NULL,NULL,NULL,NULL,NULL,NULL,'no',NULL,NULL,NULL,'no','no','no','no','android','','active','1','true',NULL,'2019-08-12 20:13:29',NULL,'103.99.37.222','en','on'),(190,'19006ffbf','gshdhdhd','+91','7053915330','e10adc3949ba59abbe56e057f20f883e','male',20,NULL,'','+91| 7053915330',NULL,NULL,NULL,NULL,NULL,NULL,NULL,'no',NULL,NULL,NULL,'no','no','no','no','ios','','active','1','false',NULL,'2019-08-13 13:01:11',NULL,'180.151.231.3','en','on'),(192,'192c3e5af','Subhash Tanan','+91','9115102516','e10adc3949ba59abbe56e057f20f883e','male',27,NULL,'subhashtanan598@gmail.com','9115102516',NULL,NULL,NULL,NULL,NULL,NULL,NULL,'no',NULL,NULL,NULL,'no','no','no','no','android','ep_ZBw1uTNI:APA91bHtaf3BbpMYCBZmwZ79M6mhWwKkIraC5Cxd3_fksxIVwduUsglzAb5yWK8y7D_t_3ARw9PkIZMcAeG8mjON8QEti15EqOtin41VrgQUFnghBiCRUWZ93kaIXVZZeSdLOz3F_OsY','active','1','true',NULL,'2019-08-15 09:26:16',NULL,'106.207.140.73','en','on'),(193,'193688aed','Shashank Shekhar','+91','9100100797','e10adc3949ba59abbe56e057f20f883e','male',21,NULL,'','9100100797',NULL,NULL,NULL,NULL,NULL,NULL,NULL,'no',NULL,NULL,NULL,'no','no','no','no','android','fshujN584AQ:APA91bGzJMSo4JtPoP2DC_TazIpNuF1-R8YfnnQpaDbjPGfTKBqFu-wS4Wz50e_1Him4PKWlFEW8TViPmG4oNkw7SeHxIJeWhssexDnD_z_RT0pdV_wdgUyvN_aloqMw_8mkGtHORBqM','active','1','true',NULL,'2019-08-15 09:40:09',NULL,'115.98.48.191','en','on'),(194,'19427db09','Pradip','+91','9574366828','e10adc3949ba59abbe56e057f20f883e','male',24,'user_image/194_1567491571profile_pic.jpg','psnandwana@tets.com','9574366828',NULL,NULL,NULL,NULL,NULL,NULL,NULL,'no',NULL,NULL,NULL,'no','no','no','no','android','eIKkT4TStZQ:APA91bHixT3l5yoDv7RtORestfFba8LRzJvkhJDOyaBq0BdQyKA1vYYhusrCFqMDl9cI8UgxJ9tOiaXrlTRo8ZaK0LVnd6Nx82Tz_9mY7WrNrXKqjXjQhuNY99ExMGH6-tZ8JJFh_Imt','active','1','true',NULL,'2019-08-15 10:06:23','2019-09-03 11:49:31','27.59.152.8','en','on'),(195,'19544c19a','Jai Shivaji','+91','6309987723','e10adc3949ba59abbe56e057f20f883e','male',25,NULL,'','6309987723',NULL,NULL,NULL,NULL,NULL,NULL,NULL,'no',NULL,NULL,NULL,'no','no','no','no','android','e119C8gkMEE:APA91bHKIdOTfnfajgdtpHVJ8wztUD-s04YDQXhPoR5jAmjpgQoWkUe9aJIv3LE9aJCFQRePdKsUj7aVOUHBHCNadh2em6Mufoj2w7CymQt5jNvEwKa42hXvCQlVaHLFucpNfBHfCExM','active','1','true',NULL,'2019-08-16 11:06:17',NULL,'36.255.88.170','en','on'),(196,'196bf68ee','Kumar Anshul','+91','6309006147','e10adc3949ba59abbe56e057f20f883e','male',30,NULL,'','6309006147',NULL,NULL,NULL,NULL,NULL,NULL,NULL,'no',NULL,NULL,NULL,'no','no','no','no','android','dMmB7e0gu9c:APA91bHE7sS10OXN8WtCcRJ47TonYgJ6Y9W9iHk6o6IqI40hPqYVsRRwpXg6Fbii3ns0qpAaH6HvVDojvejZ1LQbcaEDCVXLoJVsYVLq24otKeCK9X8YQPvH5gkCY6nUf2ZKJ9jDufy7','active','1','true',NULL,'2019-08-16 15:23:21',NULL,'106.207.9.121','en','on'),(197,'19716074a','Prashant','+91','9121691216','e10adc3949ba59abbe56e057f20f883e','male',22,NULL,'office@pk.in','9121691216',NULL,NULL,NULL,NULL,NULL,NULL,NULL,'no',NULL,NULL,NULL,'no','no','no','no','android','cvYWgOjkUpY:APA91bFJGj1LXWEgVHxL4_X0IghfePRTWphGf_trnX2D79R2KBA_247YP_J-l6jkAV_gfPUvMIdarCUmTsyyBPPVLc06iWOm2plrDSERSyNlvq4XTBXYb9ZPf1kXCkBpTW13l4RapxRK','active','1','true',NULL,'2019-08-17 10:36:26',NULL,'106.207.48.10','en','on'),(198,'198c56afd','Namrata','+91','6309987738','e10adc3949ba59abbe56e057f20f883e','female',27,NULL,'namrata.raj@indianpac.com','6309987738',NULL,NULL,NULL,NULL,NULL,NULL,NULL,'no',NULL,NULL,NULL,'no','no','no','no','android','cZcm2fU3fPk:APA91bGQPHHM85d3UeKU_sIgMq6s3k_bY0ITElc8Pa7393NfruDORZ0NoKeDHK5jw0NvmBr00SSFH7QykU-ZO6xg7X9Xua3l-jmsneZ36X2wgkx-edUHgLzuWlGAokSGJO4w309XFWRP','active','1','true',NULL,'2019-08-17 10:55:56',NULL,'36.255.88.170','en','on'),(199,'199f78215','Rohan Basudeo','+91','8319478942','e10adc3949ba59abbe56e057f20f883e','male',24,NULL,'rohan.basudeo@indianpac.com','8319478942',NULL,NULL,NULL,NULL,NULL,NULL,NULL,'no',NULL,NULL,NULL,'no','no','no','no','android','cMvf4b0L6jI:APA91bG6Jw3hX0dDnQZ2ARHrG1YUnGD9hEk-q0vwLg-lcEteK6pgl7bHJ74oaYXZqzdwyRBKLSJo51sRZ9jiGMz4lLR0EWFZI3SonHSvb5NsvZlyk8wwa62adojfNKiR7qZY82CnaICv','active','1','true',NULL,'2019-08-17 12:06:29',NULL,'47.9.214.61','en','on'),(200,'200cf7a5a','Vasanth','+91','9100100823','e10adc3949ba59abbe56e057f20f883e','male',27,NULL,'vasanth.manohar@indianpac.com','9100100823',NULL,NULL,NULL,NULL,NULL,NULL,NULL,'no',NULL,NULL,NULL,'no','no','no','no','android','ca_FGDEOVfc:APA91bGZg_tIjzmicBP-z5gDp_-36PyXkTn1cmWWWBLOq8RWU1DI3GXIkS7eAz4JqfhiAJ812rDvaw_FC2vVsGJTPVmJmILksqX67N0IkJGOuPN_MhKG-AmuwSk7yiK-zbIRPyBPggry','active','1','true',NULL,'2019-08-17 12:23:55',NULL,'27.59.170.194','en','on'),(201,'2017bd1ab','Akhil','+91','9513873791','e10adc3949ba59abbe56e057f20f883e','male',25,NULL,'akhil.kumar@indianpac.com','9513873791',NULL,NULL,NULL,NULL,NULL,NULL,NULL,'no',NULL,NULL,NULL,'no','no','no','no','android','c-DFR7uUJ88:APA91bHkhjzUx3lgjJATvk1v6x0GqslAc4MQ0M3HpDgygvW0gDcPz8lFRA5_o4YD_qt8gh0MepMO4zi8lDDU15QyWjMiujPoB2OCVpjxI5axlwKp8p6FLjNXRnaQnoD8-zqsy6HsCBu6','active','1','true',NULL,'2019-08-17 14:25:14',NULL,'42.109.128.12','en','on'),(202,'20258dbc6','Sukirti Shikha','+91','9625062446','e10adc3949ba59abbe56e057f20f883e','female',24,NULL,'sukirti.shikha@indianpac.com','9625062446',NULL,NULL,NULL,NULL,NULL,NULL,NULL,'no',NULL,NULL,NULL,'no','no','no','no','android','el6a9v5tfLw:APA91bF7JXDuATphLCcdjK3fpjfC7CAdYPKDa9lzwvJJLMn3ZRvpKE4zIhu8oZVi6-mO5yH48SopoOQzhK1HkKYxTa_LWc_7C7OhaGDSRE3mF4l5axYC-iRENW_UcX4XNYPK00h_O04m','active','1','true',NULL,'2019-08-17 18:20:51',NULL,'47.9.220.138','en','on'),(203,'203bc6c12','DHARAVATH KARTHIK','+91','9100100798','e10adc3949ba59abbe56e057f20f883e','male',24,NULL,'dharavathkarthik13@gmail.com','9100100798',NULL,NULL,NULL,NULL,NULL,NULL,NULL,'no',NULL,NULL,NULL,'no','no','no','no','android','eMzi1HY_6Rg:APA91bGyoEJDodNL9f2cWaaYq8gTTjg0CXXgq_TngnYrDhuPJetnefbHPDkeTtaxDbUkDw3gUQnKr0JwjPRyW4Kt2Xl6Bk-9t65Em2NnHhSnMuePOeI-PoKjM9nRrVCiLRwKa5IKNRGC','active','1','true',NULL,'2019-08-17 19:01:42',NULL,'223.189.78.97','en','on'),(204,'204adb248','Shristy Dadriwal','+91','8884522542','e10adc3949ba59abbe56e057f20f883e','female',25,NULL,'','8884522542',NULL,NULL,NULL,NULL,NULL,NULL,NULL,'no',NULL,NULL,NULL,'no','no','no','no','android','cW2lOIbyCi8:APA91bEcTJ6JFZVuDneGSYtY8tiV9qng_ZqJTdX0yvPXgOJVpju_VzfQ13SIiJ7VMBZrslbjT8kyHGzHq8tFnbBmm6jclYneyRdW4eC54zGiSJc9x3Spe7w-bETQJaAulla0q0-XVzkI','active','1','true',NULL,'2019-08-19 11:09:39',NULL,'36.255.88.170','en','on'),(205,'205b35736','Jatin Kalwani','+91','8511933731','e10adc3949ba59abbe56e057f20f883e','male',25,NULL,'jatinhareshkalwani@gmail.com','8511933731',NULL,NULL,NULL,NULL,NULL,NULL,NULL,'no',NULL,NULL,NULL,'no','no','no','no','android','fu7sI1cBccQ:APA91bFyjZwiJsYPM5X7nI8By--hxnhkZIcVaYp_tgxvFvMWewwKklrHl9pBHIO_Ktd8gc7vV7sYlKcUoeK8GEVokjHKZPXKcfVXEs3iZd5vJQGvuMYkCr3koNQn2MNVzSwD3eAF2LBA','active','1','true',NULL,'2019-08-19 11:12:03',NULL,'36.255.88.170','en','on'),(206,'206e182c1','Ankit Amartya','+91','9608566774','e10adc3949ba59abbe56e057f20f883e','male',27,NULL,'','9608566774',NULL,NULL,NULL,NULL,NULL,NULL,NULL,'no',NULL,NULL,NULL,'no','no','no','no','android','eHT4TyOAWmY:APA91bGtXaQKPUK2Eu7_HRtqPFOT7UOSP_V1lhHk1n9EEEqmrtMmbYVFssFqFyZI3xl7WEk2Vy5_S2x7F91-aCWA4NOqGkUCbD9Mj39W7cQmSaJNjPXtL7WYrXOxd1hcNG_FjuqWTE-5','active','1','true',NULL,'2019-08-19 11:13:19',NULL,'47.29.5.218','en','on'),(207,'207043767','Shreyasi','+91','9304433124','e10adc3949ba59abbe56e057f20f883e','female',29,NULL,'shreyasisngh11@gmail.com','9304433124',NULL,NULL,NULL,NULL,NULL,NULL,NULL,'no',NULL,NULL,NULL,'no','no','no','no','android','daSH_SJPjg0:APA91bH1ywcNzQWBEmqdsrMRbfxdUCgilOEaKC5qQx0Sk7aV72HGkaveLp4_UxDfwiAfVwo6F5SQSN6xOEE-q-6Zhf7nAE4FaQdm8hqpYXMaoc7d4aWnZPZQlrNmo7_bDDk9sxaesI-n','active','1','true',NULL,'2019-08-19 11:13:42',NULL,'47.9.193.190','en','on'),(208,'208c57687','Rajan Verma','+91','8447092064','e10adc3949ba59abbe56e057f20f883e','male',25,NULL,'','8447092064',NULL,NULL,NULL,NULL,NULL,NULL,NULL,'no',NULL,NULL,NULL,'no','no','no','no','ios','','active','1','false',NULL,'2019-08-19 11:14:42',NULL,'36.255.88.170','en','on'),(209,'20950323e','Vikash CHOUDHARY','+91','9663146001','e10adc3949ba59abbe56e057f20f883e','male',26,NULL,'vikas.choudhary@indianpac.con','9663146001',NULL,NULL,NULL,NULL,NULL,NULL,NULL,'no',NULL,NULL,NULL,'no','no','no','no','android','cn1moBz75Kc:APA91bGzir15op7wtwxX6_72QQEmUYoPjboSOygf7dgkw67unuWGsHFkgZITO7dbNJOs7DxnI3v6BK4DGPCf2J21MNJuOw9rSORaHnxOeu6A8RvqM0C5NY3Eg-gd1wMNeOzFPIH9kjQE','active','1','true',NULL,'2019-08-19 11:15:51',NULL,'36.255.88.170','en','on'),(210,'210665f1c','Deepmala Tiwari','+91','8511981504','e10adc3949ba59abbe56e057f20f883e','female',22,NULL,'deepmalat6@gmail.com','8511981504',NULL,NULL,NULL,NULL,NULL,NULL,NULL,'no',NULL,NULL,NULL,'no','no','no','no','android','dvXURpSDDsY:APA91bGSS612f4SHhpZ-XShsbRNvjrqQlybFOfwCF1wGrPpWmxpgSn8zTy0t6x0SYhMOOQDskxMaeSNPoslraLdwaixH97Jydf8YLSav-RfxTgiyq6zeOe5cXdZd0B2ViEWuenmtIhW_','active','1','true',NULL,'2019-08-19 11:18:40',NULL,'47.9.224.193','en','on'),(211,'211110c81','SHAILENDRA PRASAD YADAV','+91','9773684133','e10adc3949ba59abbe56e057f20f883e','male',25,NULL,'shailendra.prasad@indianpac.com','9773684133',NULL,NULL,NULL,NULL,NULL,NULL,NULL,'no',NULL,NULL,NULL,'no','no','no','no','android','cIK0mP54AoU:APA91bHZ-Jvwa_Q8BiHxkf34_nRIjNNA97s7tDjvmobce72l6Iwdrhz1P04Ii56co4fCNu9ekXrVZuQcSDmY0Qf82yDms4jyFBk1u80GEvrI8up57JsvzeaqO0VkXo9skLaFL3PHQYG0','active','1','true',NULL,'2019-08-19 11:19:58',NULL,'106.207.18.40','en','on'),(212,'2129c052b','Pradhyuman Singh','+91','9601814303','e10adc3949ba59abbe56e057f20f883e','male',25,NULL,'pradhyuman.singh@indianpac.com','9601814303',NULL,NULL,NULL,NULL,NULL,NULL,NULL,'no',NULL,NULL,NULL,'no','no','no','no','android','cuF88RSTTj4:APA91bHyJ3A3034VCMfPVbAsuUkhnSM-D06MP3XoQP1fTnzExVcYlIlSXrKVRJpSlpArBYLI73FvOVKhqmSlmlQlnDxJKC9ydewfP9SCXt_0hsDEIZpC-Ae0QFEMN5NRGTGtEuIG04go','active','1','true',NULL,'2019-08-19 11:23:46',NULL,'106.207.54.65','en','on'),(213,'21392bbf8','Rajan Verma','+91','8851262975','e10adc3949ba59abbe56e057f20f883e','male',25,NULL,'rajan.verma@indianpac.com','8447092064',NULL,NULL,NULL,NULL,NULL,NULL,NULL,'no',NULL,NULL,NULL,'no','no','no','no','android','fAK8bD5xWTg:APA91bHxmmrGyJyNiuRrebXepCd6-l3Ic0439mtxSUtLW_tF8cREWOVlPcI9rbDBGkY4McfEGBEWNFkIQEH4Wg6JbKZggUnZS_AzgIm9Yasc5WNf2MAPysILzefjzKmQUsTanqRJv5cS','active','1','true',NULL,'2019-08-19 11:27:03',NULL,'36.255.88.170','en','on'),(214,'21406ebb3','Satish Chand Singh','+91','9115102521','e10adc3949ba59abbe56e057f20f883e','male',29,NULL,'satish.singh@indianpac.com','9115102521',NULL,NULL,NULL,NULL,NULL,NULL,NULL,'no',NULL,NULL,NULL,'no','no','no','no','android','fKyByYhSNsA:APA91bGez9FuowN_E5aHn14CWhXrG44izFAFns4QEROszcWfUjpKoO7Rc2YrfGFlv2HywVDNdK7iy9qw1XPwupbVRFvbMDNbDia5zqxCjcexhEaNKsIetCzwbQrReZ1yhLMA88XGsohh','active','1','true',NULL,'2019-08-19 11:49:35',NULL,'36.255.88.170','en','on'),(215,'215379e7f','Purnima Tiwari ','+91','7587161557','e10adc3949ba59abbe56e057f20f883e','female',25,NULL,'purnima.tiwari@indianpac.com','7587161557',NULL,NULL,NULL,NULL,NULL,NULL,NULL,'no',NULL,NULL,NULL,'no','no','no','no','android','fsU9z_mDEm8:APA91bHkkjChGknAlxI1e_-fj4xOXX2InVgxTkBVRFlu_x97dI3zMocigxktZlRXAUPbFfDC0HqWFndz6me9UaSt25nsE6r3Aq1juT3yMqDbeXNKVwF11ffI_lk-OeG3sFfPA4_thSH4','active','1','true',NULL,'2019-08-19 15:04:20',NULL,'36.255.88.170','en','on'),(216,'2162fb6c3','Rupali','+91','9985322265','e10adc3949ba59abbe56e057f20f883e','female',25,NULL,'','9985322265',NULL,NULL,NULL,NULL,NULL,NULL,NULL,'no',NULL,NULL,NULL,'no','no','no','no','android','ejti-5VPHmA:APA91bEsAb58zjIXfWtg_Rzs7aMq8RkPzZ4byjbhWXTAb-Xr3x_vFHZxFnS_eDOeUJHGc3lhFu3z3TXhgOjHjypraB-GksXDkzdvn9Z8fHNfjKn9PtLIPzWLVKkK8jAvx4imZB9mUlZl','active','1','true',NULL,'2019-08-19 15:10:46',NULL,'106.200.181.35','en','on'),(217,'2179a523e','Soniya Rai','+91','9809809800','e10adc3949ba59abbe56e057f20f883e','female',22,'user_image/217_1567154856profile_pic.jpg','gunjan@abc.com','9809809800',NULL,4,747,NULL,NULL,NULL,NULL,'no',NULL,NULL,NULL,'no','no','no','no','android','dikRg-RNqws:APA91bEFoTy7UqcqTZId1r5hOMkibQkGZT73RpfIl4gQ-a2lnPtvbGys4b-do_KG_Oq5HIwWYvqvjnwYUl-RbeUh86dXNc6CN_VUPaNGD9OLVB4MyiGSckAS0C-dDibf-KxivxJOBfNx','active','1','true',NULL,'2019-08-20 18:00:28','2019-08-30 15:46:43','47.31.95.27','en','on'),(218,'218123785','Mayank','+91','9876540000','e10adc3949ba59abbe56e057f20f883e','male',30,NULL,'','9876540000',NULL,NULL,NULL,NULL,NULL,NULL,NULL,'no',NULL,NULL,NULL,'no','no','no','no','android','fNNVFdfy5qE:APA91bECwQcu-wphiw13phNHt1rk-6v8yCY8J2HVBepTrZp81KcT43HvocjMTa-wFSsfxOrSsYF-JUBtHtq361X5WIhpu8hC8tqHxAjwWQUpbDfLirGHBBg1mJwip9aHk2tL7hGkQVcU','active','1','true',NULL,'2019-08-21 15:51:34',NULL,'47.30.158.84','en','on'),(219,'219f47f53','Yfydyd','+91','7053915326','e10adc3949ba59abbe56e057f20f883e','male',20,'user_image/219_1566396715profile_pic.jpg','','7053915326',NULL,NULL,NULL,NULL,NULL,NULL,NULL,'no',NULL,NULL,NULL,'no','no','no','no','android','','active','1','true',NULL,'2019-08-21 19:37:58','2019-08-21 19:41:55','103.99.37.120','en','on'),(220,'220c58b48','dydxg','+91','7053915325','e10adc3949ba59abbe56e057f20f883e','female',2,NULL,'','+91| 7053915325',NULL,NULL,NULL,NULL,NULL,NULL,NULL,'no',NULL,NULL,NULL,'no','no','no','no','ios','','active','1','false',NULL,'2019-08-21 19:45:56',NULL,'180.151.231.3','en','on'),(221,'221b9ad0d','gdsss','+91','7053915327','e10adc3949ba59abbe56e057f20f883e','male',25,NULL,'','+91| 7053915327',NULL,NULL,NULL,NULL,NULL,NULL,NULL,'no',NULL,NULL,NULL,'no','no','no','no','ios','','active','1','false',NULL,'2019-08-21 19:47:33',NULL,'180.151.231.3','en','on'),(222,'222701b4c','Tester','+91','8666997722','e10adc3949ba59abbe56e057f20f883e','male',25,NULL,'','8666997722',NULL,NULL,NULL,NULL,NULL,NULL,NULL,'no',NULL,NULL,NULL,'no','no','no','no','android','cV0vpVIed-0:APA91bGjt2t2keEgiTwErn-AAA1M2fo2aKNtoeiV5UQ0Hg0dxd3enBq0LcWIYZVJLVG9r8va_0xcp3AXuKeq_v271bxcFNxk6qxNUPa42siEJbYDxUBYUojQ8JHs_QJFtHGP6iDbUING','active','1','true',NULL,'2019-08-22 10:52:52',NULL,'36.255.88.170','en','on'),(223,'223157870','Dev Singh','+91','9866666666','e10adc3949ba59abbe56e057f20f883e','male',25,NULL,'','9866666666',NULL,NULL,NULL,NULL,NULL,NULL,NULL,'no',NULL,NULL,NULL,'no','no','no','no','android','','active','1','true',NULL,'2019-08-22 14:15:51',NULL,'47.31.85.198','en','on'),(225,'2255eef6b','xyududu','+91','8352885696','e10adc3949ba59abbe56e057f20f883e','male',25,NULL,'','8352885696',NULL,NULL,NULL,NULL,NULL,NULL,NULL,'no',NULL,NULL,NULL,'no','no','no','no','android','c0z7Yj-aLh0:APA91bE6O6raao6Jmd7kQtQD8Td-PWAar5gDZwEYr9pZ3RJq-kZ0iWSBSG7umfLYQVPVJs94ZUT1fNyB8RG83ydBMh-GOX24843g6-L5ZwJWfo2COJtG6G1Qbdd5TWAt2DgbQRpbp_Me','active','1','true',NULL,'2019-08-23 12:28:06',NULL,'36.255.88.170','en','on'),(226,'226d57e50','Amit Kumar','+91','7053915341','e10adc3949ba59abbe56e057f20f883e','male',25,NULL,'amit1@yopmail.com','2582582582',NULL,NULL,NULL,NULL,NULL,NULL,NULL,'no',NULL,NULL,NULL,'no','no','no','no','android','','active','1','true',NULL,'2019-08-23 12:34:34',NULL,'103.99.37.182','en','on'),(227,'227a81d65','Amit kumar','+91','7053915340','e10adc3949ba59abbe56e057f20f883e','male',20,NULL,'','+91| 7053915340',NULL,NULL,NULL,NULL,NULL,NULL,NULL,'no',NULL,NULL,NULL,'no','no','no','no','android','','active','1','true',NULL,'2019-08-23 12:34:34',NULL,'103.99.37.166','en','on'),(228,'2280bb255','kashish','+91','7777777777','e10adc3949ba59abbe56e057f20f883e','female',23,NULL,'','+91| 1242141244',NULL,NULL,NULL,NULL,NULL,NULL,NULL,'no',NULL,NULL,NULL,'no','no','no','no','ios','','active','1','false',NULL,'2019-08-23 14:19:35',NULL,'103.99.37.166','en','on'),(229,'229ab1d4f','deepak','+91','1111111111','e10adc3949ba59abbe56e057f20f883e','male',32,NULL,'','+91| 1231231232',NULL,NULL,NULL,NULL,NULL,NULL,NULL,'no',NULL,NULL,NULL,'no','no','no','no','ios','','active','1','false',NULL,'2019-08-23 14:23:43',NULL,'103.99.37.166','en','on'),(230,'2308b2f5a','rewear','+91','6666666665','e10adc3949ba59abbe56e057f20f883e','male',34,NULL,'','+91| 6666666665',NULL,NULL,NULL,NULL,NULL,NULL,NULL,'no',NULL,NULL,NULL,'no','no','no','no','ios','','active','1','false',NULL,'2019-08-23 14:33:46',NULL,'103.99.37.166','en','on'),(231,'2312220ff','test','+91','3333333333','e10adc3949ba59abbe56e057f20f883e','male',12,NULL,'','+91| 3333333333',NULL,NULL,NULL,NULL,NULL,NULL,NULL,'no',NULL,NULL,NULL,'no','no','no','no','ios','','active','1','true',NULL,'2019-08-23 14:37:54',NULL,'103.99.37.166','en','on'),(233,'2339c0d99','Abhay Narayan','+91','7053915343','e10adc3949ba59abbe56e057f20f883e','female',25,NULL,'test.techugo@gmail.com','+91| 7053915343',NULL,NULL,NULL,NULL,NULL,NULL,NULL,'no',NULL,NULL,NULL,'no','no','no','no','android','ffAsanbNVqw:APA91bGkKI8GbG9DeUPP4eDmz-fwmOmhws9ZYTXRzMvtQa1zDjY30OFX54z05NNzCpzQgMlcTGAcMWU5cvzjBlgcPa5uwuvlQmG7vuc4M2Gs7Og6RVFcOn_Mk-9LvbBm-fl6cl3v_-Z9','active','1','true',NULL,'2019-08-23 18:42:46','2019-09-12 18:36:06','103.99.37.166','en','on'),(237,'2371da6fa','h','+91','8888888854','e10adc3949ba59abbe56e057f20f883e','male',28,NULL,'','+91| 8888888854',NULL,NULL,NULL,NULL,NULL,NULL,NULL,'no',NULL,NULL,NULL,'no','no','no','no','ios','','active','1','true',NULL,'2019-08-23 19:11:05',NULL,'103.99.37.166','en','on'),(238,'23854a89d','gsggsgs','+91','7053915345','e10adc3949ba59abbe56e057f20f883e','male',25,NULL,'','+91| 7053915345',NULL,NULL,NULL,NULL,NULL,NULL,NULL,'no',NULL,NULL,NULL,'no','no','no','no','ios','','active','1','true',NULL,'2019-08-23 19:12:51',NULL,'103.99.37.166','en','on'),(239,'239e6de80','Shshs','+91','7976469586','e10adc3949ba59abbe56e057f20f883e','male',25,NULL,'','7976469586',NULL,NULL,NULL,NULL,NULL,NULL,NULL,'no',NULL,NULL,NULL,'no','no','no','no','android','c7YKiYva1s0:APA91bE9rzR3K9oeQVfiPN20dzq22mY_nL9k_pyuj2C_Z4Tlo_UVTuCZBam3pm9SvkzFDSRMwRD8P3j5KTBLC39qNptmBIIexclMioYR1bBeu8zdY7PkZlFT_yTDV5n1JkP_tES9LJhj','active','1','true',NULL,'2019-08-24 00:11:21',NULL,'106.207.26.248','en','on'),(240,'240652d3e','qwerrt','+91','7053915371','e10adc3949ba59abbe56e057f20f883e','female',0,NULL,'','+91| 2655884588',NULL,NULL,NULL,NULL,NULL,NULL,NULL,'no',NULL,NULL,NULL,'no','no','no','no','android','frYepeM4Kvs:APA91bGjY6zorXo0AkZKMavA8MHFyQzj3hbVoQ31hbJCr7aEgJjhfrUKv9V-0zSSELxfCsGYHCUrduGOmBHIdc_xrnmVlf-oHaF7jbC7N-r-z_PDD5C8y4mdbApE3r3DZbQdROpVi36X','active','1','true',NULL,'2019-08-28 14:01:26',NULL,'103.99.37.78','en','on'),(241,'24165f422','Qerrrddd','+91','7053915370','e10adc3949ba59abbe56e057f20f883e','male',25,'user_image/241_1566997915profile_pic.jpg','ads@g.in','2588425574',NULL,5,775,383,NULL,NULL,NULL,'no',NULL,NULL,NULL,'no','no','no','no','android','e9oMxfzaTUg:APA91bGBS-KiCMzAL4QR2YUL7BneHFod4vyQlv3LDsBL5HpqQo12tmSmn8iJ9goLUkqa47Yg7gZBIGUnNTfRGV8znmN9pqGTptUkrzszQxkFwv6AcB5m49K3w6s6YWBptVNY2e3Vr0O9','active','1','true',NULL,'2019-08-28 14:01:50','2019-08-28 18:41:55','103.99.37.111','en','on'),(242,'2425158bf','Amit Kumar','+91','7053915372','e10adc3949ba59abbe56e057f20f883e','other',25,'user_image/242_1567170728file',NULL,'7053915372',NULL,3,821,228,NULL,NULL,NULL,'no',NULL,NULL,NULL,'no','no','no','no','android','dzcoGGK7YO8:APA91bFqzLxsWRbSB1k75wcdcytnjQCzcu3W7rexBKoEensda79yquN8yslrZ6_ZoEoAOrdpweRdF5OVl0_Vhz_7KO4TpBG7bUkhhkDeH7WjauGgsWzHtrYYLQq4gc_jUng-mNvVMDpq','active','1','true',NULL,'2019-08-29 17:04:01','2019-09-03 11:46:57','180.151.231.3','en','on'),(243,'2439ef0f2','Ohgffj','+91','8536987741','e10adc3949ba59abbe56e057f20f883e','male',35,NULL,'','8536987741',NULL,NULL,NULL,NULL,NULL,NULL,NULL,'no',NULL,NULL,NULL,'no','no','no','no','android','cQkxpADbRYc:APA91bFKEqARumeMUyi8m4vbJGbPoU87i7LWg4q0y0x_RktY1GojkIenVTKZxAgNJ8MA9TmJpcHS0oroKT7rNyfRKigZXD3alXvurlP9ofknXnrF5TnTfVrtF2OELF0eUXmDkyyCN-le','active','1','true',NULL,'2019-08-30 21:25:30',NULL,'106.207.12.108','en','on'),(244,'244fe91c9','Ash Ku','+91','7053915374','e10adc3949ba59abbe56e057f20f883e','male',22,NULL,'','7053915374',NULL,NULL,NULL,NULL,NULL,NULL,NULL,'no',NULL,NULL,NULL,'no','no','no','no','android','','active','1','true',NULL,'2019-09-02 18:19:03',NULL,'103.99.37.179','en','on'),(245,'2450865b8','Ankir','+91','7053915373','e10adc3949ba59abbe56e057f20f883e','male',20,'user_image/245_1567432867profile_pic.jpg','abz@yopmail.com','1234567899',NULL,4,811,3733,NULL,NULL,NULL,'no',NULL,NULL,NULL,'no','no','no','no','android','deWtjxe4udg:APA91bGADHC-6JuTW6oJh1ibscBRJHt7SFV6cC8S4MQpRPbfZp8PcXqWCLXOEVJprJabQWO_aJS8FwY2D2bRgHEnFlNpX5NOnV5LYtXAXUODXe2qXwaWIcfGW6KWbQ4uXTol8Kr3u6pU','active','1','true',NULL,'2019-09-02 18:20:41','2019-09-02 19:47:05','103.99.37.179','en','on'),(247,'247f8439c','Rohit Sharma','+91','2222222222','e10adc3949ba59abbe56e057f20f883e','',35,'user_image/247_1567497115file',NULL,'+91| 2222222222',NULL,20,705,0,NULL,NULL,NULL,'no',NULL,NULL,NULL,'no','no','no','no','ios','','active','1','true',NULL,'2019-09-03 12:59:28','2019-09-03 13:21:55','103.99.37.159','en','on'),(248,'248c50ba7','S Sharma','+91','5555555555','e10adc3949ba59abbe56e057f20f883e','female',33,NULL,'s@sharma.com','+91| 7251722823',NULL,NULL,NULL,NULL,NULL,NULL,NULL,'no',NULL,NULL,NULL,'no','no','no','no','ios','','active','1','true',NULL,'2019-09-03 13:03:11',NULL,'103.99.37.159','en','on'),(249,'24914d02f','Jshejsn','+91','1234846797','e10adc3949ba59abbe56e057f20f883e','male',23,NULL,'','1234846797',NULL,NULL,NULL,NULL,NULL,NULL,NULL,'no',NULL,NULL,NULL,'no','no','no','no','android','cU6Cf35AgT8:APA91bG8_LKj8Y-XQagOn6-vKCgN58wk7RLJJl4UvVbF9OzBEOQBPQWF4HCYegz3_a-HOTzeFr4v0MK6hfrsiK2QMdW8Yda5HJSGDi3GG2jV3ef4BiwUv5h5oSkoQwjCqmEPz0NalALI','active','1','true',NULL,'2019-09-03 15:16:33',NULL,'36.255.88.170','en','on'),(250,'250e87363','Rajat Sharma','+91','8098098090','e10adc3949ba59abbe56e057f20f883e','male',27,NULL,'','8098098090',NULL,NULL,NULL,NULL,NULL,NULL,NULL,'no',NULL,NULL,NULL,'no','no','no','no','android','','active','1','true',NULL,'2019-09-04 12:26:42',NULL,'47.31.126.112','en','on'),(251,'25141e55e','Srikar','+91','9100100819','e10adc3949ba59abbe56e057f20f883e','male',23,NULL,'devarapalli.srikar@indianpac.com','9100100819',NULL,NULL,NULL,NULL,NULL,NULL,NULL,'no',NULL,NULL,NULL,'no','no','no','no','android','frHSiCtCU_8:APA91bG8g9chqJwwxpubn81YQIESyR-xCUaHuNdKejTpwbubcosMepMtQhMn_y-6uOGGeGg961dmUTBASs8Dbef5ryOC2JlfjwTeUYPjMWy8_aumj_rPx1Wuc6dBUJy4zXrPxYJdAp2U','active','1','true',NULL,'2019-09-04 18:35:05',NULL,'106.217.192.152','en','on'),(252,'25287e5b7','Hssijs','+91','3124637976','e10adc3949ba59abbe56e057f20f883e','male',25,NULL,'','3124637976',NULL,NULL,NULL,NULL,NULL,NULL,NULL,'no',NULL,NULL,NULL,'no','no','no','no','android','dpqeP2uuKZQ:APA91bHQkzsQhAUbmbjKLsh6lOrUK4InQ61l76Hn2hIyVT8CCGrvloo5Pkr9lTSdlWJULshE-U_CbyyWgA7xZwhhJRlN-Dr8f0Do_0jKNtrRPNhfKZHk6qJYz_RC8Itc6uj5Arby0plD','active','1','true',NULL,'2019-09-04 23:45:33',NULL,'106.207.19.12','en','on'),(253,'2537be698','Neha Nahid','+91','8862911963','e10adc3949ba59abbe56e057f20f883e','female',25,NULL,'nahidkhann4@gmail.com','6309962103',NULL,NULL,NULL,NULL,NULL,NULL,NULL,'no',NULL,NULL,NULL,'no','no','no','no','android','e_5yrqBWhtQ:APA91bHm9aSk7heAHbGS5PEQTAp9EhZDZYK3unNf_n9sf_myU_jh1hBYi9mU62bLNg_YnowxiBGP_9cfk4TBsJNjrYb5OAmelBduHLaaPK0gxyBA1_b97bbhkCruj2d_yTiadjxQ6ATL','active','1','true',NULL,'2019-09-05 11:29:17',NULL,'36.255.88.170','en','on'),(254,'25438445d','Avesh Singh','+91','9772128090','e10adc3949ba59abbe56e057f20f883e','male',25,NULL,'avesh.singh@indianpac.com','9772128090',NULL,NULL,NULL,NULL,NULL,NULL,NULL,'no',NULL,NULL,NULL,'no','no','no','no','android','fhocT37OIwo:APA91bFItFKVcM6RNZSRoQsgvQAWHZL6mIEeuYv2aHXQhJ21ZU-Y5N4iAZpRQrwqR1oyHN7Brl2uAKPsX_0DgyAG4ckqSD7UTJIswO4xv4Vv24V7y81uTrin8V4VRTjtJShp87niy7N9','active','1','true',NULL,'2019-09-06 11:05:25',NULL,'27.59.181.144','en','on'),(255,'255381a48','Wjwjejw','+91','2343797643','e10adc3949ba59abbe56e057f20f883e','male',24,NULL,'','2343797643',NULL,NULL,NULL,NULL,NULL,NULL,NULL,'no',NULL,NULL,NULL,'no','no','no','no','android','dnCUnYeDzQ4:APA91bG-a02o_IpUKpYhbLmYolaKNJKWPwieuLFpOZRYBoujMtCiPjihNG8XXjHm-dwWEKVYk2CphRAZR5ZZo0c07_lGHPNZA-L4rh_qluhzXX3kCV_SViybcJrSqe_bQPC1PGVq-Xy2','active','1','true',NULL,'2019-09-06 11:35:24',NULL,'36.255.88.170','en','on');
/*!40000 ALTER TABLE `ic_user` ENABLE KEYS */;
UNLOCK TABLES;

--
-- Table structure for table `ic_user_bookmark`
--

DROP TABLE IF EXISTS `ic_user_bookmark`;
/*!40101 SET @saved_cs_client     = @@character_set_client */;
/*!40101 SET character_set_client = utf8 */;
CREATE TABLE `ic_user_bookmark` (
  `bookmark_id` int(1) unsigned NOT NULL AUTO_INCREMENT,
  `user_id` int(1) unsigned NOT NULL,
  `post_id` int(1) unsigned NOT NULL,
  `post_type` enum('news') COLLATE utf8_unicode_ci NOT NULL DEFAULT 'news',
  `created_on` date NOT NULL,
  PRIMARY KEY (`bookmark_id`)
) ENGINE=InnoDB AUTO_INCREMENT=76 DEFAULT CHARSET=utf8 COLLATE=utf8_unicode_ci;
/*!40101 SET character_set_client = @saved_cs_client */;

--
-- Dumping data for table `ic_user_bookmark`
--

LOCK TABLES `ic_user_bookmark` WRITE;
/*!40000 ALTER TABLE `ic_user_bookmark` DISABLE KEYS */;
INSERT INTO `ic_user_bookmark` VALUES (5,233,71,'news','2019-08-26'),(6,233,70,'news','2019-08-26'),(19,178,70,'news','2019-08-26'),(28,178,71,'news','2019-08-27'),(32,218,71,'news','2019-08-28'),(35,110,70,'news','2019-08-28'),(50,242,70,'news','2019-08-30'),(51,170,71,'news','2019-08-30'),(53,243,115,'news','2019-08-31'),(54,240,96,'news','2019-08-31'),(61,242,115,'news','2019-09-02'),(64,110,71,'news','2019-09-02'),(66,178,115,'news','2019-09-02'),(67,244,117,'news','2019-09-02'),(68,245,116,'news','2019-09-02'),(71,244,120,'news','2019-09-03'),(72,194,123,'news','2019-09-03'),(73,249,71,'news','2019-09-04'),(74,249,115,'news','2019-09-04'),(75,180,115,'news','2019-09-05');
/*!40000 ALTER TABLE `ic_user_bookmark` ENABLE KEYS */;
UNLOCK TABLES;

--
-- Table structure for table `ic_user_detail`
--

DROP TABLE IF EXISTS `ic_user_detail`;
/*!40101 SET @saved_cs_client     = @@character_set_client */;
/*!40101 SET character_set_client = utf8 */;
CREATE TABLE `ic_user_detail` (
  `user_id` int(11) unsigned NOT NULL,
  `father_name` varchar(255) COLLATE utf8_unicode_ci DEFAULT NULL,
  `father_profession` varchar(255) COLLATE utf8_unicode_ci DEFAULT NULL,
  `mother_name` varchar(255) COLLATE utf8_unicode_ci DEFAULT NULL,
  `mother_profession` varchar(255) COLLATE utf8_unicode_ci DEFAULT NULL,
  `spouse_name` varchar(255) COLLATE utf8_unicode_ci DEFAULT NULL,
  `spouse_profession` varchar(255) COLLATE utf8_unicode_ci DEFAULT NULL,
  `fb_friend` varchar(255) COLLATE utf8_unicode_ci DEFAULT NULL,
  `tw_follower` varchar(255) COLLATE utf8_unicode_ci DEFAULT NULL,
  `ins_follower` varchar(255) COLLATE utf8_unicode_ci DEFAULT NULL,
  `yt_subscribers` varchar(255) COLLATE utf8_unicode_ci DEFAULT NULL,
  `updated_on` datetime DEFAULT NULL,
  `user_ip` varchar(255) COLLATE utf8_unicode_ci DEFAULT NULL,
  UNIQUE KEY `user_id` (`user_id`),
  CONSTRAINT `ic_user_detail_ibfk_1` FOREIGN KEY (`user_id`) REFERENCES `ic_user` (`user_id`) ON DELETE CASCADE ON UPDATE CASCADE
) ENGINE=InnoDB DEFAULT CHARSET=utf8 COLLATE=utf8_unicode_ci COMMENT='User Personal Detail';
/*!40101 SET character_set_client = @saved_cs_client */;

--
-- Dumping data for table `ic_user_detail`
--

LOCK TABLES `ic_user_detail` WRITE;
/*!40000 ALTER TABLE `ic_user_detail` DISABLE KEYS */;
INSERT INTO `ic_user_detail` VALUES (170,'Eudu','Cmxj','Cjvj','Fic','Uccu','Vgkv','199','200','150','3','2019-08-22 12:05:45','180.151.231.3'),(178,'','vbmmh hibvi','','','','','','','','','2019-09-10 16:34:12','103.99.37.31'),(194,'Sukhlalbhai','Civil Engineer','Sonalben','House Wife','Rita','Graphic Designer','500+','500+','500+','0','2019-09-03 11:53:36','27.59.197.80'),(218,'Fjfu','Jxxh','Dhhx','Xjx','Xnxh','Xhxh','2.3K','1.5k','3k','100','2019-08-21 16:27:13','180.151.231.3'),(219,'Hcxxhxhx','Dgzgzgz','Xbxv','Chhchhxh','Cbbb','Bxxhx','Dtdd','Hcc','Chhc','Hcch','2019-08-21 19:40:40','103.99.37.120'),(241,'Duddydyd','Xggxgxv,,','Cggxgxg','Fhhchxhx','Hxhxx','Ch Vv','12','23','Chxxg','Hxxhxx','2019-08-28 18:41:28','103.99.37.111'),(242,'hddddh','hxxhxhx','','','','','','5885757','','','2019-09-03 13:17:39','180.151.231.3'),(245,'','','','','','','','','','','2019-09-02 19:47:38','103.99.37.179');
/*!40000 ALTER TABLE `ic_user_detail` ENABLE KEYS */;
UNLOCK TABLES;

--
-- Table structure for table `ic_user_education`
--

DROP TABLE IF EXISTS `ic_user_education`;
/*!40101 SET @saved_cs_client     = @@character_set_client */;
/*!40101 SET character_set_client = utf8 */;
CREATE TABLE `ic_user_education` (
  `user_id` int(11) unsigned NOT NULL,
  `qualification` varchar(255) COLLATE utf8_unicode_ci DEFAULT NULL,
  `college` varchar(255) COLLATE utf8_unicode_ci DEFAULT NULL,
  `updated_on` datetime DEFAULT NULL,
  UNIQUE KEY `user_id` (`user_id`),
  CONSTRAINT `ic_user_education_ibfk_1` FOREIGN KEY (`user_id`) REFERENCES `ic_user` (`user_id`) ON DELETE CASCADE ON UPDATE CASCADE
) ENGINE=InnoDB DEFAULT CHARSET=utf8 COLLATE=utf8_unicode_ci COMMENT='User Education';
/*!40101 SET character_set_client = @saved_cs_client */;

--
-- Dumping data for table `ic_user_education`
--

LOCK TABLES `ic_user_education` WRITE;
/*!40000 ALTER TABLE `ic_user_education` DISABLE KEYS */;
INSERT INTO `ic_user_education` VALUES (110,'Btech','UPTU','2019-08-22 10:29:14'),(147,'B.tech','IIT Roorkee ','2019-08-22 10:01:38'),(170,'Btech','LPU','2019-08-21 16:32:16'),(178,'B.Tech (IT)','DU','2019-09-02 12:44:03'),(194,'','','2019-09-03 11:49:43'),(217,'Fgg','Ffc','2019-08-30 15:09:38'),(218,'Btech','DU','2019-08-26 15:31:52'),(219,'Qerr','Xhxgxgx','2019-08-21 19:38:38'),(223,'MCA','IIMT','2019-08-22 15:44:48'),(240,'rstsstst','shgszhx','2019-08-28 14:21:45'),(241,'Sttdtg','Dgggxgxgx','2019-08-28 18:36:04'),(242,'B.Tech(com)','College Of Engineering greater','2019-09-03 12:37:41'),(245,'We Will','Dear I Am A','2019-09-02 19:28:36');
/*!40000 ALTER TABLE `ic_user_education` ENABLE KEYS */;
UNLOCK TABLES;

--
-- Table structure for table `ic_user_political_aspiration`
--

DROP TABLE IF EXISTS `ic_user_political_aspiration`;
/*!40101 SET @saved_cs_client     = @@character_set_client */;
/*!40101 SET character_set_client = utf8 */;
CREATE TABLE `ic_user_political_aspiration` (
  `user_id` int(11) unsigned NOT NULL,
  `election_level` varchar(255) COLLATE utf8_unicode_ci DEFAULT NULL,
  `constituency` varchar(255) COLLATE utf8_unicode_ci DEFAULT NULL,
  `year` year(4) DEFAULT NULL,
  `updated_on` datetime DEFAULT NULL,
  `user_ip` varchar(255) COLLATE utf8_unicode_ci DEFAULT NULL,
  UNIQUE KEY `user_id` (`user_id`),
  CONSTRAINT `ic_user_political_aspiration_ibfk_1` FOREIGN KEY (`user_id`) REFERENCES `ic_user` (`user_id`) ON DELETE CASCADE ON UPDATE CASCADE
) ENGINE=InnoDB DEFAULT CHARSET=utf8 COLLATE=utf8_unicode_ci COMMENT='User Political Aspiration';
/*!40101 SET character_set_client = @saved_cs_client */;

--
-- Dumping data for table `ic_user_political_aspiration`
--

LOCK TABLES `ic_user_political_aspiration` WRITE;
/*!40000 ALTER TABLE `ic_user_political_aspiration` DISABLE KEYS */;
INSERT INTO `ic_user_political_aspiration` VALUES (110,'MP','Gautam Budh Nagar',2019,'2019-08-21 15:49:27','180.151.231.3'),(141,'qrtt','srtgh',2015,'2019-05-07 14:35:20','180.151.231.3'),(145,'tyy','tyy',2019,'2019-05-01 13:47:20','103.111.47.25'),(160,'qer','qwer',2018,'2019-05-09 13:27:20','103.111.47.3'),(161,'wee','weee',2088,'2019-05-10 08:43:07','180.151.231.3'),(162,'qerryy','qerty',2019,'2019-05-10 07:35:36','103.111.47.13'),(166,'Mp','noida',2020,'2019-05-10 15:18:27','103.111.47.13'),(170,'chuc','fif',0000,'2019-08-22 12:05:08','180.151.231.3'),(178,'','UP',0000,'2019-09-02 12:48:06','103.99.37.235'),(194,'fu jsj','ndnkd',0000,'2019-09-03 11:52:14','27.59.197.80'),(218,'MLA','gb nagar',2019,'2019-08-21 15:58:46','47.30.158.84'),(219,'sttstst','dggdygd',0000,'2019-08-21 19:39:51','103.99.37.120'),(223,'MP','Gautam Budh Nagar',2019,'2019-08-22 15:50:11','180.151.231.3'),(240,'','',0000,'2019-08-31 22:24:49','45.251.48.36'),(241,'gddggdhdhxhd','xgxgxgz',2020,'2019-08-28 18:17:42','103.99.37.111'),(242,'','',2050,'2019-09-03 12:48:14','180.151.231.3'),(245,'dear I hope','hi to all',2015,'2019-09-02 19:29:58','103.99.37.179');
/*!40000 ALTER TABLE `ic_user_political_aspiration` ENABLE KEYS */;
UNLOCK TABLES;

--
-- Table structure for table `ic_user_political_background`
--

DROP TABLE IF EXISTS `ic_user_political_background`;
/*!40101 SET @saved_cs_client     = @@character_set_client */;
/*!40101 SET character_set_client = utf8 */;
CREATE TABLE `ic_user_political_background` (
  `user_id` int(11) unsigned NOT NULL,
  `party_associates` enum('yes','no') COLLATE utf8_unicode_ci DEFAULT NULL,
  `party_name` smallint(1) unsigned DEFAULT NULL,
  `party_position` smallint(1) unsigned DEFAULT NULL,
  `previous_inclination` text COLLATE utf8_unicode_ci,
  `previously_contested` text COLLATE utf8_unicode_ci,
  `political_dynamics` text COLLATE utf8_unicode_ci,
  `other_leader` text COLLATE utf8_unicode_ci,
  `criminal_charges` enum('yes','no') COLLATE utf8_unicode_ci DEFAULT NULL,
  `criminal_detail` text COLLATE utf8_unicode_ci,
  `updated_on` datetime DEFAULT NULL,
  `user_ip` varchar(255) COLLATE utf8_unicode_ci DEFAULT NULL,
  UNIQUE KEY `user_id` (`user_id`)
) ENGINE=InnoDB DEFAULT CHARSET=utf8 COLLATE=utf8_unicode_ci COMMENT='User Political Background';
/*!40101 SET character_set_client = @saved_cs_client */;

--
-- Dumping data for table `ic_user_political_background`
--

LOCK TABLES `ic_user_political_background` WRITE;
/*!40000 ALTER TABLE `ic_user_political_background` DISABLE KEYS */;
INSERT INTO `ic_user_political_background` VALUES (110,'yes',2,4,'no involvement','no involvement','cjxcu','no one','yes','hshshzh','2019-08-29 11:16:41','180.151.231.3'),(170,'yes',NULL,NULL,'xucuxncjcjcjcjcjxxjcvbjzjzjzjjzbzbsbbsbdbnsbdbbdbdbbdbsbbsbsbbsbsbbsbbsbsbbdbdbbsndbdbbdbdnndbbdbdbdb','xucuxncjcjcjcjcjxxjcvbjzjzjzjjzbzbsbbsbdbnsbdbbdbdbbdbsbbsbsbbsbsbbsbbsbsbbdbdbbsndbdbbdbdnndbbdbdbdb','xucuxncjcjcjcjcjxxjcvbjzjzjzjjzbzbsbbsbdbnsbdbbdbdbbdbsbbsbsbbsbsbbsbbsbsbbdbdbbsndbdbbdbdnndbbdbdbdb','xucuxncjcjcjcjcjxxjcvbjzjzjzjjzbzbsbbsbdbnsbdbbdbdbbdbsbbsbsbbsbsbbsbbsbsbbdbdbbsndbdbbdbdnndbbdbdbdb\n','no','','2019-08-30 18:09:30','180.151.231.3'),(178,'',0,0,'No','2012','','Abhay deep','','','2019-09-02 12:45:26','103.99.37.235'),(187,'yes',0,0,'not now','Not yet',NULL,'Deepak','no','','2019-08-23 15:58:25','103.99.37.166'),(194,'yes',NULL,NULL,'test','test','test','','no','','2019-09-03 11:51:52','27.59.197.80'),(217,'yes',1,3,'xxuxicovovvovovovovicicgtccyuvubbiubttcctyvuvuvbiibibibibibib\n\n\n\n','vuvuvy','f8gvohi','fuf7vo','no','','2019-09-02 12:23:25','103.99.37.179'),(218,'yes',8,7,'No','No','Nothing','adcda','no','','2019-08-22 15:09:43','180.151.231.3'),(219,NULL,NULL,NULL,'gxxxx','gxxxx',NULL,'xggxgx','no','','2019-08-21 19:41:20','103.99.37.120'),(223,'yes',4,2,'vkvjjcj ','vkvjjcj ',NULL,'cjjc jjc','no','','2019-08-22 15:48:44','47.31.116.232'),(238,'yes',0,0,'Bxbxbbx','Hxhxhx',NULL,'Hxhxhx','no','','2019-08-23 19:32:17','103.99.37.166'),(240,'yes',0,0,'Xhxxgz','Xghxg',NULL,'Xhxgxz','no','','2019-08-28 14:22:40','103.99.37.78'),(241,'yes',7,12,'gxxgxvvxgxgxfFzffzgdgxhxxgxggxvxgxgxgxhxgxhxhxhxhxxhxhx','gxxgxvvxgxgxfFzffzgdgxhxxgxggxvxgxgxgxhxgxhxhxhxhxxhxhx',NULL,'jchfhfuchxydufudufufixuzududuxuxuzuxuxufufucucucifi','yes','','2019-08-28 18:38:31','103.99.37.111'),(242,'',0,0,'Cdydyyx','Zzzzzzx','Yyyyyyyyyy','Ggggggggggg','','','2019-09-03 12:41:35','180.151.231.3'),(245,'yes',4,8,'can we do','for Facebook today','how to','good day','yes','for more information on the phone and I have been in the future and I am not a good time to remove and replace it from there is a very happy with the new one for the first to comment I will send you an update to the build','2019-09-02 19:29:38','103.99.37.179');
/*!40000 ALTER TABLE `ic_user_political_background` ENABLE KEYS */;
UNLOCK TABLES;

--
-- Table structure for table `ic_user_profession`
--

DROP TABLE IF EXISTS `ic_user_profession`;
/*!40101 SET @saved_cs_client     = @@character_set_client */;
/*!40101 SET character_set_client = utf8 */;
CREATE TABLE `ic_user_profession` (
  `user_id` int(11) unsigned NOT NULL AUTO_INCREMENT,
  `profession` varchar(255) COLLATE utf8_unicode_ci DEFAULT NULL,
  `position` varchar(255) COLLATE utf8_unicode_ci DEFAULT NULL,
  `experience` text COLLATE utf8_unicode_ci,
  `work_location` varchar(255) COLLATE utf8_unicode_ci DEFAULT NULL,
  `updated_on` datetime NOT NULL,
  `user_ip` varchar(255) COLLATE utf8_unicode_ci DEFAULT NULL,
  PRIMARY KEY (`user_id`)
) ENGINE=InnoDB AUTO_INCREMENT=246 DEFAULT CHARSET=utf8 COLLATE=utf8_unicode_ci COMMENT='User Profession';
/*!40101 SET character_set_client = @saved_cs_client */;

--
-- Dumping data for table `ic_user_profession`
--

LOCK TABLES `ic_user_profession` WRITE;
/*!40000 ALTER TABLE `ic_user_profession` DISABLE KEYS */;
INSERT INTO `ic_user_profession` VALUES (110,'Engineer','Developer','Noida','3','2019-08-22 10:29:47','47.31.180.146'),(170,'Doctor','Surgery','Noida','2','2019-08-22 12:04:16','180.151.231.3'),(178,'iOS ','iOS Dev','4','DELHI','2019-08-21 15:31:16','103.99.37.120'),(188,'QA Analyst','Automation','1.2','NOIDA','2019-08-22 12:45:57','103.99.37.21'),(189,'gzx','gzzgzgz','*755775575','bhxhdhdhd','2019-08-21 19:52:31','180.151.231.3'),(194,'Hdjsjs Ss S S S S S S S S S S ','Dd Ds S. S S S S S. S S E E E ','99','Nndjdjdjd Djdjdjd Djdjdjdkkd D','2019-09-03 11:51:06','27.59.197.80'),(218,'Engineer','Development','Noida','3','2019-08-26 15:58:47','157.38.147.185'),(219,'Xggxxx','Gdxgxz','Gddhxxh','88','2019-08-21 19:38:59','103.99.37.120'),(240,'hdhdz','dhdhdgs','75777','dhdhx','2019-08-28 14:22:05','103.99.37.78'),(241,'Hccxhch','Hhxhxhxx','20','Dyddhxxhx','2019-08-28 18:36:22','103.99.37.111'),(242,'','','','','2019-09-03 12:41:21','180.151.231.3'),(245,'Qrdydd','Dydydyd','53','Ydydhdgd','2019-09-02 19:28:51','103.99.37.179');
/*!40000 ALTER TABLE `ic_user_profession` ENABLE KEYS */;
UNLOCK TABLES;

--
-- Table structure for table `ic_user_social`
--

DROP TABLE IF EXISTS `ic_user_social`;
/*!40101 SET @saved_cs_client     = @@character_set_client */;
/*!40101 SET character_set_client = utf8 */;
CREATE TABLE `ic_user_social` (
  `social_id` int(10) unsigned NOT NULL AUTO_INCREMENT,
  `user_id` int(10) unsigned NOT NULL,
  `facebook_id` varchar(255) COLLATE utf8_unicode_ci DEFAULT NULL,
  `google_id` varchar(255) COLLATE utf8_unicode_ci DEFAULT NULL,
  `created_on` datetime NOT NULL,
  `updated_on` datetime DEFAULT NULL,
  PRIMARY KEY (`social_id`),
  UNIQUE KEY `user_id` (`user_id`),
  CONSTRAINT `ic_user_social_ibfk_1` FOREIGN KEY (`user_id`) REFERENCES `ic_user` (`user_id`) ON DELETE CASCADE ON UPDATE CASCADE
) ENGINE=InnoDB AUTO_INCREMENT=28 DEFAULT CHARSET=utf8 COLLATE=utf8_unicode_ci;
/*!40101 SET character_set_client = @saved_cs_client */;

--
-- Dumping data for table `ic_user_social`
--

LOCK TABLES `ic_user_social` WRITE;
/*!40000 ALTER TABLE `ic_user_social` DISABLE KEYS */;
INSERT INTO `ic_user_social` VALUES (1,107,'4684993293012300',NULL,'2019-08-09 15:29:23',NULL),(2,168,'4684993293012301',NULL,'2019-08-09 15:31:58',NULL),(4,169,'345435353',NULL,'2019-08-10 12:57:58',NULL),(9,170,NULL,'114562563716554871073','2019-08-10 19:18:38',NULL),(14,147,NULL,'118142935156938016473','2019-08-10 21:18:45',NULL),(15,180,NULL,'101976999098762898033','2019-08-10 21:23:59',NULL),(16,186,NULL,'117810497113331239905','2019-08-12 17:58:26',NULL),(20,202,NULL,'101670909384617482048','2019-08-17 18:20:51',NULL),(23,233,NULL,'109871720730716012943','2019-08-23 18:42:46',NULL),(27,254,NULL,'103421402195897577396','2019-09-06 11:05:25',NULL);
/*!40000 ALTER TABLE `ic_user_social` ENABLE KEYS */;
UNLOCK TABLES;
/*!40103 SET TIME_ZONE=@OLD_TIME_ZONE */;

/*!40101 SET SQL_MODE=@OLD_SQL_MODE */;
/*!40014 SET FOREIGN_KEY_CHECKS=@OLD_FOREIGN_KEY_CHECKS */;
/*!40014 SET UNIQUE_CHECKS=@OLD_UNIQUE_CHECKS */;
/*!40101 SET CHARACTER_SET_CLIENT=@OLD_CHARACTER_SET_CLIENT */;
/*!40101 SET CHARACTER_SET_RESULTS=@OLD_CHARACTER_SET_RESULTS */;
/*!40101 SET COLLATION_CONNECTION=@OLD_COLLATION_CONNECTION */;
/*!40111 SET SQL_NOTES=@OLD_SQL_NOTES */;

-- Dump completed on 2020-09-04 19:37:42
