-- MySQL dump 10.13  Distrib 5.7.31, for Linux (x86_64)
--
-- Host: localhost    Database: transpi
-- ------------------------------------------------------
-- Server version	5.7.31-0ubuntu0.18.04.1

/*!40101 SET @OLD_CHARACTER_SET_CLIENT=@@CHARACTER_SET_CLIENT */;
/*!40101 SET @OLD_CHARACTER_SET_RESULTS=@@CHARACTER_SET_RESULTS */;
/*!40101 SET @OLD_COLLATION_CONNECTION=@@COLLATION_CONNECTION */;
/*!40101 SET NAMES utf8 */;
/*!40103 SET @OLD_TIME_ZONE=@@TIME_ZONE */;
/*!40103 SET TIME_ZONE='+00:00' */;
/*!40014 SET @OLD_UNIQUE_CHECKS=@@UNIQUE_CHECKS, UNIQUE_CHECKS=0 */;
/*!40014 SET @OLD_FOREIGN_KEY_CHECKS=@@FOREIGN_KEY_CHECKS, FOREIGN_KEY_CHECKS=0 */;
/*!40101 SET @OLD_SQL_MODE=@@SQL_MODE, SQL_MODE='NO_AUTO_VALUE_ON_ZERO' */;
/*!40111 SET @OLD_SQL_NOTES=@@SQL_NOTES, SQL_NOTES=0 */;

--
-- Current Database: `transpi`
--

CREATE DATABASE /*!32312 IF NOT EXISTS*/ `transpi` /*!40100 DEFAULT CHARACTER SET latin1 */;

USE `transpi`;

--
-- Table structure for table `admin`
--

DROP TABLE IF EXISTS `admin`;
/*!40101 SET @saved_cs_client     = @@character_set_client */;
/*!40101 SET character_set_client = utf8 */;
CREATE TABLE `admin` (
  `id` int(11) NOT NULL AUTO_INCREMENT,
  `name` varchar(255) NOT NULL,
  `email` varchar(255) NOT NULL,
  `password` varchar(255) NOT NULL,
  `rePassLink` varchar(200) NOT NULL,
  `rePassStatus` int(11) NOT NULL,
  PRIMARY KEY (`id`)
) ENGINE=InnoDB AUTO_INCREMENT=2 DEFAULT CHARSET=latin1;
/*!40101 SET character_set_client = @saved_cs_client */;

--
-- Dumping data for table `admin`
--

LOCK TABLES `admin` WRITE;
/*!40000 ALTER TABLE `admin` DISABLE KEYS */;
INSERT INTO `admin` VALUES (1,'TransPI Admin','admin@transPI.com','25d55ad283aa400af464c76d713c07ad','1563971150',1);
/*!40000 ALTER TABLE `admin` ENABLE KEYS */;
UNLOCK TABLES;

--
-- Table structure for table `areadeatils`
--

DROP TABLE IF EXISTS `areadeatils`;
/*!40101 SET @saved_cs_client     = @@character_set_client */;
/*!40101 SET character_set_client = utf8 */;
CREATE TABLE `areadeatils` (
  `id` int(11) NOT NULL AUTO_INCREMENT,
  `name` varchar(20) NOT NULL,
  PRIMARY KEY (`id`)
) ENGINE=InnoDB AUTO_INCREMENT=6 DEFAULT CHARSET=latin1;
/*!40101 SET character_set_client = @saved_cs_client */;

--
-- Dumping data for table `areadeatils`
--

LOCK TABLES `areadeatils` WRITE;
/*!40000 ALTER TABLE `areadeatils` DISABLE KEYS */;
INSERT INTO `areadeatils` VALUES (1,'Near'),(2,'Far'),(3,'Mid'),(4,'Close'),(5,'Outside');
/*!40000 ALTER TABLE `areadeatils` ENABLE KEYS */;
UNLOCK TABLES;

--
-- Table structure for table `booking_details`
--

DROP TABLE IF EXISTS `booking_details`;
/*!40101 SET @saved_cs_client     = @@character_set_client */;
/*!40101 SET character_set_client = utf8 */;
CREATE TABLE `booking_details` (
  `id` int(11) NOT NULL AUTO_INCREMENT,
  `user_id` int(11) NOT NULL,
  `car_id` int(11) NOT NULL,
  `university_id` varchar(200) NOT NULL,
  `region_id` int(11) NOT NULL,
  `college_id` varchar(200) NOT NULL,
  `stage_id` int(11) NOT NULL,
  `weekdays` varchar(100) NOT NULL,
  `my_code` varchar(20) NOT NULL,
  `user_lat` varchar(50) NOT NULL,
  `user_long` varchar(50) NOT NULL,
  `address` varchar(500) NOT NULL,
  `price` varchar(30) NOT NULL,
  `piver_assign` enum('pending','assign') NOT NULL,
  `create_date_time` datetime NOT NULL,
  PRIMARY KEY (`id`)
) ENGINE=InnoDB AUTO_INCREMENT=64 DEFAULT CHARSET=utf8;
/*!40101 SET character_set_client = @saved_cs_client */;

--
-- Dumping data for table `booking_details`
--

LOCK TABLES `booking_details` WRITE;
/*!40000 ALTER TABLE `booking_details` DISABLE KEYS */;
INSERT INTO `booking_details` VALUES (8,12,1,'2',0,'sdf',1,'Friday - Saturday','','28.586399','77.375923','Sector 72 Noida','120,000','pending','2020-01-09 10:47:29'),(9,13,1,'11',0,'sdf',5,'Friday - Wednesday','','28.586399','77.375923','Sector 72 Noida','120,000','pending','2020-01-10 04:39:56'),(11,15,1,'18',0,'',1,'Friday - Saturday','','28.596730','77.371450','Sector 72 Noida','120,000','pending','2020-01-10 09:39:28'),(41,3,2,'3',0,'123',3,'Friday - Saturday','74DH345','33.33654547372654','44.32549014687538','Iskan, Baghdad, Iraq','100,000','pending','2020-01-13 12:02:32'),(42,16,2,'3',0,'123',3,'Friday - Saturday','74DH345','33.33712417656057','44.32576172053814','Iskan, Baghdad, Iraq','100,000','pending','2020-01-13 12:16:26'),(45,21,1,'18',0,'123',1,'Friday - Wednesday','74DH345','28.575560','77.316078','B4, B Block, Sector 63, Noida, Uttar Pradesh 201301, India','76,000','pending','2020-01-29 10:32:46'),(48,24,1,'18',0,'gghh',1,'Friday - Saturday','','28.566179','77.336823','A-026, A Block, Sector 63, Noida, Uttar Pradesh 201301, India','120,000','pending','2020-02-03 08:40:40'),(49,25,2,'18',0,'123',3,'Friday - Sunday','74DH345','28.6310020285157','77.38100487738848','A-26, Lohia Rd, A Block, Sector 63, Noida, Uttar Pradesh 201301, India','150,000','pending','2020-02-04 04:25:22'),(52,27,1,'1',0,'',1,'Friday - Saturday','','33.18049504320552','45.3379024296875','Baladrooz, Iraq','120,000','pending','2020-02-05 06:19:36'),(53,18,1,'5',0,'123',3,'Friday - Monday','74DH345','33.36274542868992','44.37822304666042','Al Maghrib, Baghdad, Iraq','120,000','pending','2020-02-07 06:43:59'),(55,30,1,'18',0,'jp',1,'Friday - Saturday','','28.586730','77.371450','A-26, Sector 63 Rd, A Block, Sector 63, Noida, Uttar Pradesh 201301, India','120,000','pending','2020-02-10 05:50:56'),(56,19,1,'2',0,'123',2,'Friday - Saturday','74DH345','33.26701492063185','44.23115920275449','Baghdad International Airport, نهاية، Airport St, Baghdad, Iraq','120,000','pending','2020-02-21 10:28:01'),(57,31,1,'1',0,'123',1,'Friday - Monday','74DH345','28.6300216','77.3812808','A-26, Sector 63 Rd, A Block, Sector 63, Noida, Uttar Pradesh 201301, India','120,000','pending','2020-02-26 04:16:12'),(58,32,2,'18',0,'123',3,'Friday - Wednesday','74DH345','28.61699513902266','77.37361002713442','B4, B Block, Sector 63, Noida, Uttar Pradesh 201301, India','150,000','pending','2020-02-26 06:12:31'),(59,32,2,'18',0,'123',3,'Friday - Wednesday','74DH345','28.61699513902266','77.37361002713442','B4, B Block, Sector 63, Noida, Uttar Pradesh 201301, India','150,000','pending','2020-02-26 06:12:32'),(60,33,2,'22',0,'123',2,'Friday - Monday','74DH345','28.607693065866325','77.37270276993513','Vishwakarma Rd, D Block, Sector 59, Noida, Uttar Pradesh 201307, India','150,000','pending','2020-02-26 06:47:13'),(61,33,2,'22',0,'123',2,'Friday - Monday','74DH345','28.607693065866325','77.37270276993513','Vishwakarma Rd, D Block, Sector 59, Noida, Uttar Pradesh 201307, India','150,000','pending','2020-02-26 06:47:15'),(62,33,2,'22',0,'123',2,'Friday - Monday','74DH345','28.607693065866325','77.37270276993513','Vishwakarma Rd, D Block, Sector 59, Noida, Uttar Pradesh 201307, India','150,000','pending','2020-02-26 06:47:17'),(63,34,2,'8',0,'',3,'Friday - Tuesday','','33.3091306249073','44.3711055546875','Unnamed Road, Baghdad, Iraq','150,000','pending','2020-03-19 15:15:08');
/*!40000 ALTER TABLE `booking_details` ENABLE KEYS */;
UNLOCK TABLES;

--
-- Table structure for table `car_type`
--

DROP TABLE IF EXISTS `car_type`;
/*!40101 SET @saved_cs_client     = @@character_set_client */;
/*!40101 SET character_set_client = utf8 */;
CREATE TABLE `car_type` (
  `id` int(11) NOT NULL AUTO_INCREMENT,
  `name` varchar(20) NOT NULL,
  PRIMARY KEY (`id`)
) ENGINE=InnoDB AUTO_INCREMENT=3 DEFAULT CHARSET=utf8;
/*!40101 SET character_set_client = @saved_cs_client */;

--
-- Dumping data for table `car_type`
--

LOCK TABLES `car_type` WRITE;
/*!40000 ALTER TABLE `car_type` DISABLE KEYS */;
INSERT INTO `car_type` VALUES (1,'Minibus'),(2,'Private');
/*!40000 ALTER TABLE `car_type` ENABLE KEYS */;
UNLOCK TABLES;

--
-- Table structure for table `colleges`
--

DROP TABLE IF EXISTS `colleges`;
/*!40101 SET @saved_cs_client     = @@character_set_client */;
/*!40101 SET character_set_client = utf8 */;
CREATE TABLE `colleges` (
  `id` int(11) NOT NULL AUTO_INCREMENT,
  `college_name_en` varchar(300) NOT NULL,
  `college_name_ar` varchar(300) NOT NULL,
  PRIMARY KEY (`id`)
) ENGINE=InnoDB AUTO_INCREMENT=13 DEFAULT CHARSET=utf8;
/*!40101 SET character_set_client = @saved_cs_client */;

--
-- Dumping data for table `colleges`
--

LOCK TABLES `colleges` WRITE;
/*!40000 ALTER TABLE `colleges` DISABLE KEYS */;
INSERT INTO `colleges` VALUES (1,'Medical','طبي'),(2,'Computer Science Engineering','هندسة علوم الكمبيوتر'),(3,'Mechanical Engineering','هندسة ميكانيكي'),(4,'Electrical Engineering','الهندسة الكهربائية'),(5,'Civil Engineering','هندسة مدنية'),(6,'Finance','المالية'),(7,'Human Resource Management','ادارة الموارد البشرية'),(8,'Electronics and Communication Engineering','هندسة الإلكترونيات والإتصالات'),(9,'Sales and Marketing','المبيعات والتسويق'),(10,'Operations Management','إدارة العمليات'),(11,'Information Technology','تكنولوجيا المعلومات'),(12,'Law','القانون');
/*!40000 ALTER TABLE `colleges` ENABLE KEYS */;
UNLOCK TABLES;

--
-- Table structure for table `feedback_repay`
--

DROP TABLE IF EXISTS `feedback_repay`;
/*!40101 SET @saved_cs_client     = @@character_set_client */;
/*!40101 SET character_set_client = utf8 */;
CREATE TABLE `feedback_repay` (
  `id` int(11) NOT NULL AUTO_INCREMENT,
  `user_id` int(11) NOT NULL,
  `acc_type` enum('user','piver') NOT NULL,
  `feedback_id` int(11) NOT NULL,
  `message` varchar(2000) CHARACTER SET utf8 NOT NULL,
  `create_date` datetime NOT NULL,
  PRIMARY KEY (`id`)
) ENGINE=InnoDB AUTO_INCREMENT=20 DEFAULT CHARSET=latin1;
/*!40101 SET character_set_client = @saved_cs_client */;

--
-- Dumping data for table `feedback_repay`
--

LOCK TABLES `feedback_repay` WRITE;
/*!40000 ALTER TABLE `feedback_repay` DISABLE KEYS */;
INSERT INTO `feedback_repay` VALUES (1,3,'user',2,'Wtf','2020-01-08 11:40:56'),(2,20,'piver',3,'مسك هاواي\r\nرائحة عطرة نفاذة تمتزج بها رائحة الفواكه مع الروائح الأساسية المكونة لعطور الرجال.\r\nتضيف روائح الأناناس والكشمش الأسود والبرغموت شعورًا بالحيوية إلى العطر بينما تضيف إليه روائح الإيفرنيا الخوخية والفانيليا والمسك شعورًا بالدفء.\r\nمناسب للاس','2020-01-13 13:18:18'),(3,23,'user',25,'Thanks','2020-01-31 15:08:06'),(4,23,'user',25,'khsakfhd','2020-02-03 06:54:44'),(5,23,'user',26,'sadsd','2020-02-03 08:16:39'),(6,23,'user',27,'sadasdasd','2020-02-03 08:17:41'),(7,24,'user',29,'Hi Thankq for test','2020-02-03 08:33:05'),(8,24,'user',29,'Test','2020-02-03 08:36:11'),(9,24,'user',29,'Test','2020-02-03 08:37:09'),(10,24,'user',29,'asdasd','2020-02-03 08:39:20'),(11,24,'user',29,'awewqewqe','2020-02-03 08:45:10'),(12,23,'user',28,'Hello Vishal ','2020-02-03 10:31:24'),(13,18,'user',24,'Thanks for your feedback','2020-02-03 11:37:49'),(14,1,'user',38,'as','2020-02-05 07:51:22'),(15,29,'user',59,'dfgdg','2020-03-05 11:58:48'),(16,29,'user',59,'dfgdg','2020-03-05 11:58:50'),(17,1,'user',39,'a','2020-03-17 14:05:33'),(18,29,'user',59,'mmmmmmmmm','2020-03-19 15:15:44'),(19,1,'user',38,'kjhnm,','2020-03-19 15:15:55');
/*!40000 ALTER TABLE `feedback_repay` ENABLE KEYS */;
UNLOCK TABLES;

--
-- Table structure for table `feedbacks`
--

DROP TABLE IF EXISTS `feedbacks`;
/*!40101 SET @saved_cs_client     = @@character_set_client */;
/*!40101 SET character_set_client = utf8 */;
CREATE TABLE `feedbacks` (
  `id` int(11) NOT NULL AUTO_INCREMENT,
  `user_id` int(11) NOT NULL,
  `ride_id` int(11) NOT NULL,
  `acc_type` enum('user','piver') NOT NULL,
  `message` varchar(2000) CHARACTER SET utf8 NOT NULL,
  `read_status` enum('unread','read') NOT NULL,
  `create_date` datetime NOT NULL,
  PRIMARY KEY (`id`)
) ENGINE=InnoDB AUTO_INCREMENT=60 DEFAULT CHARSET=latin1;
/*!40101 SET character_set_client = @saved_cs_client */;

--
-- Dumping data for table `feedbacks`
--

LOCK TABLES `feedbacks` WRITE;
/*!40000 ALTER TABLE `feedbacks` DISABLE KEYS */;
INSERT INTO `feedbacks` VALUES (1,3,0,'user','Test','unread','2020-01-08 11:38:34'),(2,3,0,'user','Test','read','2020-01-08 11:39:08'),(3,20,0,'piver','Test','read','2020-01-13 13:17:57'),(4,16,0,'user','مسك هاواي\r\nرائحة عطرة نفاذة تمتزج بها رائحة الفواكه مع الروائح الأساسية المكونة لعطور الرجال.\r\nتضيف روائح الأناناس والكشمش الأسود والبرغموت شعورًا بالحيوية إلى العطر بينما تضيف إليه روائح الإيفرنيا الخوخية والفانيليا والمسك شعورًا بالدفء.\r\nمناسب للاس','unread','2020-01-13 13:37:46'),(5,16,0,'user','Send your feedback','unread','2020-01-13 13:37:46'),(6,16,0,'user','مسك هاواي\r\nرائحة عطرة نفاذة تمتزج بها رائحة الفواكه مع الروائح الأساسية المكونة لعطور الرجال.\r\nتضيف روائح الأناناس والكشمش الأسود والبرغموت شعورًا بالحيوية إلى العطر بينما تضيف إليه روائح الإيفرنيا الخوخية والفانيليا والمسك شعورًا بالدفء.\r\nمناسب للاس','unread','2020-01-13 13:37:46'),(7,16,0,'user','Send your feedback','unread','2020-01-13 13:37:46'),(8,16,0,'user','Send your feedback','unread','2020-01-13 13:37:46'),(9,16,0,'user','Send your feedback','unread','2020-01-13 13:37:46'),(10,16,0,'user','Send your feedback','unread','2020-01-13 13:37:46'),(11,16,0,'user','Send your feedback','unread','2020-01-13 13:37:46'),(12,16,0,'user','Send your feedback','unread','2020-01-13 13:37:46'),(13,16,0,'user','Send your feedback','unread','2020-01-13 13:37:47'),(14,16,0,'user','Send your feedback','unread','2020-01-13 13:37:47'),(15,1,0,'user','Send your feedback','unread','2020-01-17 04:45:26'),(16,1,0,'user','Send your feedback','unread','2020-01-17 04:45:33'),(17,1,0,'user','bison hhjklll','unread','2020-01-17 04:57:50'),(18,1,0,'user','هذا اللفظ قادم من شركة قديمة تدعى سجل النقد الدولي هو المنشأ لهذا اللفظ قادم من شركة قديمة تدعى سجل النقد الدولي','unread','2020-01-17 05:05:03'),(19,1,0,'user','لا يوجد بالقرب مني فرع لهذه الشركة هو ماذا','unread','2020-01-17 05:06:04'),(20,1,0,'user','هههههه ه من ع','unread','2020-01-17 05:10:57'),(21,1,0,'user','this is my feedback','unread','2020-01-22 05:27:17'),(22,3,0,'piver','Hello please check','unread','2020-01-22 05:30:34'),(23,18,0,'user','Send your feedback','unread','2020-01-24 08:06:29'),(24,18,0,'user','Send your feedback','read','2020-01-24 08:06:34'),(25,23,0,'user','Nice trip','read','2020-01-31 15:07:14'),(26,23,0,'user','Yo','read','2020-02-03 06:55:00'),(27,23,0,'user','Ghhbv','read','2020-02-03 06:55:07'),(28,23,0,'user','As','read','2020-02-03 06:55:59'),(29,24,0,'user','Test Deeksha ','read','2020-02-03 08:32:46'),(30,1,0,'user','v','unread','2020-02-04 06:22:23'),(31,1,0,'user','v','unread','2020-02-04 06:22:24'),(32,1,0,'user','v','read','2020-02-04 06:22:25'),(33,1,0,'user','v','read','2020-02-04 06:22:25'),(34,1,0,'user','v','read','2020-02-04 06:22:26'),(35,1,0,'user','Hdhdhd','read','2020-02-04 09:45:15'),(36,1,0,'user','Dbdbf','read','2020-02-04 09:45:23'),(37,1,0,'user','Hdhd','read','2020-02-04 09:47:57'),(38,1,0,'user','Gegegdhdhgdhdgdgdggdgdgdgdgdgdg','read','2020-02-04 09:48:05'),(39,1,0,'user','y','read','2020-02-06 07:21:45'),(40,3,0,'piver','Send your feedback','read','2020-02-26 06:13:38'),(41,3,0,'piver','Send your feedback','unread','2020-02-26 06:13:40'),(42,3,0,'piver','Send your feedback','read','2020-02-26 06:13:41'),(43,3,0,'piver','Send your feedback','unread','2020-02-26 06:13:48'),(44,3,0,'piver','Send your feedback','unread','2020-02-26 06:22:04'),(45,3,0,'piver','Send your feedback','unread','2020-02-26 06:22:10'),(46,3,0,'piver','Send your feedback','unread','2020-02-26 06:22:12'),(47,3,0,'piver','Send your feedback','unread','2020-02-26 06:22:15'),(48,3,0,'piver','Send your feedback','unread','2020-02-26 06:22:25'),(49,3,0,'piver','Send your feedback','unread','2020-02-26 06:24:30'),(50,3,0,'piver','Send your feedback','unread','2020-02-26 06:24:31'),(51,3,0,'piver','Send your feedback','unread','2020-02-26 06:31:53'),(52,3,0,'piver','Send your feedback','unread','2020-02-26 06:31:56'),(53,3,0,'piver','Send your feedback','unread','2020-02-26 06:32:00'),(54,3,0,'piver','Send your feedback','unread','2020-02-26 06:32:00'),(55,3,0,'piver','Send your feedback','unread','2020-02-26 06:32:00'),(56,3,0,'piver','Send your feedback','unread','2020-02-26 06:32:00'),(57,3,0,'piver','Send your feedback','unread','2020-02-26 06:32:07'),(58,3,0,'piver','Send your feedback','unread','2020-02-26 06:32:07'),(59,29,0,'user','Is this working??','read','2020-03-03 11:35:04');
/*!40000 ALTER TABLE `feedbacks` ENABLE KEYS */;
UNLOCK TABLES;

--
-- Table structure for table `notification_posts`
--

DROP TABLE IF EXISTS `notification_posts`;
/*!40101 SET @saved_cs_client     = @@character_set_client */;
/*!40101 SET character_set_client = utf8 */;
CREATE TABLE `notification_posts` (
  `id` int(11) NOT NULL AUTO_INCREMENT,
  `mess_type` enum('posts','notification') NOT NULL,
  `image_url` varchar(500) NOT NULL,
  `title` varchar(150) CHARACTER SET utf8 NOT NULL,
  `brief` varchar(250) CHARACTER SET utf8 NOT NULL,
  `content` text CHARACTER SET utf8 NOT NULL,
  `send_for` enum('all','minibus','private','match','unmatch','university') NOT NULL,
  `university_id` int(11) NOT NULL,
  `acc_type` enum('user','piver','both') NOT NULL,
  `create_date` datetime NOT NULL,
  PRIMARY KEY (`id`)
) ENGINE=InnoDB AUTO_INCREMENT=86 DEFAULT CHARSET=latin1;
/*!40101 SET character_set_client = @saved_cs_client */;

--
-- Dumping data for table `notification_posts`
--

LOCK TABLES `notification_posts` WRITE;
/*!40000 ALTER TABLE `notification_posts` DISABLE KEYS */;
INSERT INTO `notification_posts` VALUES (1,'posts','1577952444_image_url.jpeg','Neque porro quisquam est qui dolorem ipsum quia dolor sit amet, consectetur, adipisci velit','Neque porro quisquam est qui dolorem ipsum quia dolor sit amet, consectetur, adipisci velit','<p>What is Lorem Ipsum?</p>\n\n<p><strong>Lorem Ipsum</strong>&nbsp;is simply dummy text of the printing and typesetting industry. Lorem Ipsum has been the industry&#39;s standard dummy text ever since the 1500s, when an unknown printer took a galley of type and scrambled it to make a type specimen book. It has survived not only five centuries, but a','all',0,'both','2020-01-02 08:07:24'),(2,'notification','','Neque porro quisquam est qui dolorem ipsum quia dolor sit amet, consectetur','مسك هاواي\r\nرائحة عطرة نفاذة تمتزج بها رائحة الفواكه مع الروائح الأساسية المكونة لعطور الرجال.\r\nتضيف روائح الأناناس والكشمش الأسود والبرغموت شعورًا بالحيوية إلى العطر بينما تضيف إليه روائح الإيفرنيا الخوخية والفانيليا والمسك شعورًا بالدفء.','<p>What is Lorem Ipsum?</p>\n\n<p><strong>Lorem Ipsum</strong>&nbsp;is simply dummy text of the printing and typesetting industry. Lorem Ipsum has been the industry&#39;s standard dummy text ever since the 1500s, when an unknown printer took a galley of type and scrambled it to make a type specimen book. It has survived not only five centuries, but a','all',0,'both','2020-01-02 08:07:54'),(3,'posts','1577955941_image_url.jpg','Techugo Team','test','<p>testetste</p>\n','all',0,'both','2020-01-02 09:05:41'),(4,'notification','','What is Lorem Ipsum?','What is Lorem Ipsum?','<p><strong>Lorem Ipsum</strong>&nbsp;is simply dummy text of the printing and typesetting industry. Lorem Ipsum has been the industry&#39;s standard dummy text ever since the 1500s, when an unknown printer took a galley of type and scrambled it to make a type specimen book. It has survived not only five centuries, but also the leap into electronic ','all',0,'both','2020-01-02 10:34:14'),(5,'notification','','What is Lorem Ipsum?','What is Lorem Ipsum?','<p>Why do we use it?</p>\n\n<p>It is a long established fact that a reader will be distracted by the readable content of a page when looking at its layout. The point of using Lorem Ipsum is that it has a more-or-less normal distribution of letters, as opposed to using &#39;Content here, content here&#39;, making it look like readable English. Many de','all',0,'user','2020-01-02 10:49:24'),(6,'notification','','Neque porro quisquam est qui dolorem ipsum quia dolor sit amet, consectetur, adipisci velit.There is no one who loves pain itself, who seeks after it ','Neque porro quisquam est qui dolorem ipsum quia dolor sit amet, consectetur, adipisci velit.There is no one who loves pain itself, who seeks after it and wants to have it, simply because it is pain.','<p><strong>Lorem Ipsum</strong>&nbsp;is simply dummy text of the printing and typesetting industry. Lorem Ipsum has been the industry&#39;s standard dummy text ever since the 1500s, when an unknown printer took a galley of type and scrambled it to make a type specimen book. It has survived not only five centuries, but also the leap into electronic ','all',0,'piver','2020-01-02 10:52:08'),(7,'notification','','Neque porro quisquam est qui dolorem ipsum quia dolor sit amet, consectetur','Neque porro quisquam est qui dolorem ipsum quia dolor sit amet, consectetur','<p>What is Lorem Ipsum?</p>\n\n<p><strong>Lorem Ipsum</strong>&nbsp;is simply dummy text of the printing and typesetting industry. Lorem Ipsum has been the industry&#39;s standard dummy text ever since the 1500s, when an unknown printer took a galley of type and scrambled it to make a type specimen book. It has survived not only five centuries, but also the leap into electronic typesetting, remaining essentially unchanged. It was popularised in the 1960s with the release of Letraset sheets containing Lorem Ipsum passages, and more recently with desktop publishing software like Aldus PageMaker including versions of Lorem Ipsum.</p>\n\n<p>Why do we use it?</p>\n\n<p>It is a long established fact that a reader will be distracted by the readable content of a page when looking at its layout. The point of using Lorem Ipsum is that it has a more-or-less normal distribution of letters, as opposed to using &#39;Content here, content here&#39;, making it look like readable English. Many desktop publishing packages and web page editors now use Lorem Ipsum as their default model text, and a search for &#39;lorem ipsum&#39; will uncover many web sites still in their infancy. Various versions have evolved over the years, sometimes by accident, sometimes on purpose (injected humour and the like).</p>\n\n<p>&nbsp;</p>\n\n<p>Where does it come from?</p>\n\n<p>Contrary to popular belief, Lorem Ipsum is not simply random text. It has roots in a piece of classical Latin literature from 45 BC, making it over 2000 years old. Richard McClintock, a Latin professor at Hampden-Sydney College in Virginia, looked up one of the more obscure Latin words, consectetur, from a Lorem Ipsum passage, and going through the cites of the word in classical literature, discovered the undoubtable source. Lorem Ipsum comes from sections 1.10.32 and 1.10.33 of &quot;de Finibus Bonorum et Malorum&quot; (The Extremes of Good and Evil) by Cicero, written in 45 BC. This book is a treatise on the theory of ethics, very popular during the Renaissance. The first line of Lorem Ipsum, &quot;Lorem ipsum dolor sit amet..&quot;, comes from a line in section 1.10.32.</p>\n\n<p>The standard chunk of Lorem Ipsum used since the 1500s is reproduced below for those interested. Sections 1.10.32 and 1.10.33 from &quot;de Finibus Bonorum et Malorum&quot; by Cicero are also reproduced in their exact original form, accompanied by English versions from the 1914 translation by H. Rackham.</p>\n\n<p>Where can I get some?</p>\n\n<p>There are many variations of passages of Lorem Ipsum available, but the majority have suffered alteration in some form, by injected humour, or randomised words which don&#39;t look even slightly believable. If you are going to use a passage of Lorem Ipsum, you need to be sure there isn&#39;t anything embarrassing hidden in the middle of text. All the Lorem Ipsum generators on the Internet tend to repeat predefined chunks as necessary, making this the first true generator on the Internet. It uses a dictionary of over 200 Latin words, combined with a handful of model sentence structures, to generate Lorem Ipsum which looks reasonable. The generated Lorem Ipsum is therefore always free from repetition, injected humour, or non-characteristic words etc.</p>\n','all',0,'piver','2020-01-02 11:08:09'),(8,'posts','1578482924_image_url.png','يشمل هذا العطر الفاخر أجود الروائح مثل رائحة الكشمش الأسود والتوت والليمون الحلو والأناناس\r\n','مسك هاواي\r\nرائحة عطرة نفاذة تمتزج بها رائحة الفواكه مع الروائح الأساسية المكونة لعطور الرجال.\r\nتضيف روائح الأناناس والكشمش الأسود والبرغموت شعورًا بالحيوية إلى العطر بينما تضيف إليه روائح الإيفرنيا الخوخية والفانيليا والمسك شعورًا بالدفء.\r\nمناسب للاس','مسك هاواي\r\nرائحة عطرة نفاذة تمتزج بها رائحة الفواكه مع الروائح الأساسية المكونة لعطور الرجال.\r\nتضيف روائح الأناناس والكشمش الأسود والبرغموت شعورًا بالحيوية إلى العطر بينما تضيف إليه روائح الإيفرنيا الخوخية والفانيليا والمسك شعورًا بالدفء.\r\nمناسب للاس','all',0,'both','2020-01-08 11:28:44'),(9,'posts','1578483268_image_url.png','Welcome Iraqia University','We are proud to announce that Iraqia university has joined us','<p><span style=\"background-color:#2ecc71\">مسك هاواي\r\nرائحة عطرة نفاذة تمتزج بها رائحة الفواكه مع الروائح الأساسية المكونة لعطور الرجال.\r\nتضيف روائح الأناناس والكشمش الأسود والبرغموت شعورًا بالحيوية إلى العطر بينما تضيف إليه روائح الإيفرنيا الخوخية والفانيليا والمسك شعورًا بالدفء.\r\nمناسب للاس</span></p>\r\n','all',0,'both','2020-01-08 11:34:28'),(10,'notification','','We wish you a Happy Friday','From all of us at TransPi','<p>From all of us at TransPi, Holy Friday to you. :) &lt;3</p>\r\n','all',0,'user','2020-01-08 11:37:08'),(11,'notification','','Hi Abbas','Something','<p>Hi my Abbas</p>\n','all',0,'piver','2020-01-13 13:01:23'),(12,'notification','','يحتوي هذا العطر الفاخر على أجود المكونات مثل المسك والفانيليا والطحالب\r\n','يحتوي هذا العطر الفاخر على أجود المكونات مثل المسك والفانيليا والطحالب\r\n','<p style=\"text-align:center\"><br />\r\nمسك هاواي\r\nرائحة عطرة نفاذة تمتزج بها رائحة الفواكه مع الروائح الأساسية المكونة لعطور الرجال.\r\nتضيف روائح الأناناس والكشمش الأسود والبرغموت شعورًا بالحيوية إلى العطر بينما تضيف إليه روائح الإيفرنيا الخوخية والفانيليا والمسك شعورًا بالدفء.\r\nمناسب للاس</p>\r\n','university',3,'user','2020-01-15 08:57:36'),(13,'notification','','يحتوي هذا العطر الفاخر على أجود المكونات مثل المسك والفانيليا والطحالب\r\n','يحتوي هذا العطر الفاخر على أجود المكونات مثل المسك والفانيليا والطحالب\r\n','<p><span style=\"background-color:#2ecc71\">مسك هاواي\r\nرائحة عطرة نفاذة تمتزج بها رائحة الفواكه مع الروائح الأساسية المكونة لعطور الرجال.\r\nتضيف روائح الأناناس والكشمش الأسود والبرغموت شعورًا بالحيوية إلى العطر بينما تضيف إليه روائح الإيفرنيا الخوخية والفانيليا والمسك شعورًا بالدفء.\r\nمناسب للاس</span></p>\r\n','all',0,'user','2020-01-17 04:47:54'),(14,'notification','','HI','something about something','<p><br />\r\n<strong>Testing the html syntax </strong></p>\r\n','all',0,'user','2020-01-23 07:29:16'),(15,'notification','','JKJJ','KJJ','<p>KKJLJJ</p>\n','university',19,'user','2020-01-31 15:17:49'),(16,'notification','','Hello','kdflfjl','<p>dkjsfljs</p>\n','all',0,'user','2020-01-31 16:19:33'),(17,'notification','','Test1','Test','<p><strong>Lorem Ipsum</strong>&nbsp;is simply dummy text of the printing and typesetting industry. Lorem Ipsum has been the industry&#39;s standard dummy text ever since the 1500s, when an unknown printer took a galley of type and scrambled it to make a type specimen book. It has survived not only five centuries, but also the leap into electronic typesetting, remaining essentially unchanged. It was popularised in the 1960s with the release of Letraset sheets containing Lorem Ipsum passages, and more recently with desktop publishing software like Aldus <u><strong>PageMaker including versions of Lorem Ipsum.</strong></u></p>\n','all',0,'user','2020-02-03 07:14:30'),(18,'posts','1580714767_image_url.jpeg','Test Deeksha','Test Deeksha','<p><strong>Lorem Ipsum</strong>&nbsp;is simply dummy text of the printing and typesetting industry. Lorem Ipsum has been the industry&#39;s standard dummy text ever since the 1500s, when an unknown printer took a galley of type and scrambled it to make a type specimen book. It has survived not only five centuries, but also the leap into electronic typesetting, remaining essentially unchanged. It was popularised in the 1960s with the release of Letraset sheets containing Lorem Ipsum passages, and more recently with desktop publishing software like Aldus PageMaker including versions of Lorem Ipsum.</p>\n','all',0,'both','2020-02-03 07:26:07'),(19,'posts','1580714798_image_url.jpeg','test 2','test 2','<p><strong>Lorem Ipsum</strong>&nbsp;is simply dummy text of the printing and typesetting industry. Lorem Ipsum has been the industry&#39;s standard dummy text ever since the 1500s, when an unknown printer took a galley of type and scrambled it to make a type specimen book. It has survived not only five centuries, but also the leap into electronic typesetting, remaining essentially unchanged. It was popularised in the 1960s with the release of Letraset sheets containing Lorem Ipsum passages, and more recently with desktop publishing software like Aldus PageMaker including versions of Lorem Ipsum.</p>\n','all',0,'both','2020-02-03 07:26:38'),(20,'posts','1580714903_image_url.jpeg','Test 3','Test 3','<p><u><strong>Where can I get some?</strong></u></p>\n\n<p>There are many variations of passages of Lorem Ipsum available, but the majority have suffered alteration in some form, by injected humour, or randomised words which don&#39;t look even slightly believable. If you are going to use a passage of Lorem Ipsum, you need to be sure there isn&#39;t anything embarrassing hidden in the middle of text. All the Lorem Ipsum generators on the Internet tend to repeat predefined chunks as necessary, making this the first true generator on the Internet. It uses a dictionary of over 200 Latin words, combined with a handful of model sentence structures, to generate Lorem Ipsum which looks reasonable. The generated Lorem Ipsum is therefore always free from repetition, injected humour, or non-characteristic words et</p>\n','all',0,'both','2020-02-03 07:28:23'),(21,'notification','','Test Notes','Test Notes','<p>Where does it come from?</p>\n\n<p>Contrary to popular belief, Lorem Ipsum is not simply random text. It has roots in a piece of classical Latin literature from 45 BC, making it over 2000 years old. Richard McClintock, a Latin professor at Hampden-Sydney College in Virginia, looked up one of the more obscure Latin words, consectetur, from a Lorem Ipsum passage, and going through the cites of the word in classical literature, discovered the undoubtable source. Lorem Ipsum comes from sections 1.10.32 and 1.10.33 of &quot;de Finibus Bonorum et Malorum&quot; (The Extremes of Good and Evil) by Cicero, written in 45 BC. This book is a treatise on the theory of ethics, very popular during the Renaissance. The first line of Lorem Ipsum, &quot;Lorem ipsum dolor sit amet..&quot;, comes from a line in section 1.10.32.</p>\n\n<p>The standard chunk of Lorem Ipsum used since the 1500s is reproduced below for those interested. Sections 1.10.32 and 1.10.33 from &quot;de Finibus Bonorum et Malorum&quot; by</p>\n\n<p>Contrary to popular belief, Lorem Ipsum is not simply random text. It has roots in a piece of classical Latin literature from 45 BC, making it over 2000 years old. Richard McClintock, a Latin professor at Hampden-Sydney College in Virginia, looked up one of the more obscure Latin words, consectetur, from a Lorem Ipsum passage, and going through the cites of the word in classical literature, discovered the undoubtable source. Lorem Ipsum comes from sections 1.10.32 and 1.10.33 of &quot;de Finibus Bonorum et Malorum&quot; (The Extremes of Good and Evil) by Cicero, written in 45 BC. This book is a treatise on the theory of ethics, very popular during the Renaissance. The first line of Lorem Ipsum, &quot;Lorem ipsum dolor sit amet..&quot;, comes from a line in section 1.10.32.</p>\n\n<p>The standard chunk of Lorem Ipsum used since the 1500s is reproduced below for those interested. Sections 1.10.32 and 1.10.33 from &quot;de Finibus Bonorum et Malorum&quot; by</p>\n','all',0,'user','2020-02-03 07:29:12'),(22,'notification','','sad','asd','<p>SDasd</p>\n','all',0,'user','2020-02-03 08:11:38'),(23,'notification','','sad','asd','<p>SDasd</p>\n','',0,'user','2020-02-03 08:11:42'),(24,'notification','','sad','asd','<p>SDasd</p>\n','private',0,'user','2020-02-03 08:11:49'),(25,'notification','','asd','ads','<p>asd</p>\n','all',0,'piver','2020-02-03 08:11:55'),(26,'notification','','asd','ads','<p>asd</p>\n','',0,'piver','2020-02-03 08:11:59'),(27,'notification','','asd','ads','<p>asd</p>\n','private',0,'piver','2020-02-03 08:12:33'),(28,'notification','','Aad','asd','<p><span style=\"font-size:20px\">What is Lorem Ipsum?</span></p>\n\n<p><span style=\"font-size:20px\"><strong>Lorem Ipsum</strong>&nbsp;is simply dummy text of the printing and typesetting industry. Lorem Ipsum has been the industry&#39;s standard dummy text ever since the 1500s, when an unknown printer took a galley of type and scrambled it to make a type specimen book. It has survived not only five centuries, but also the leap into electronic typesetting, remaining essentially unchanged. It was popularised in the 1960s with the release of Letraset sheets containing Lorem Ipsum passages, and more recently with desktop publishing software like Aldus PageMaker including versions of Lorem Ipsum.</span></p>\n\n<p><span style=\"font-size:20px\">Why do we use it?</span></p>\n\n<p><span style=\"font-size:20px\">It is a long established fact that a reader will be distracted by the readable content of a page when looking at its layout. The point of using Lorem Ipsum is that it has a more-or-less normal distribution of letters, as opposed to using &#39;Content here, content here&#39;, making it look like readable English. Many desktop publishing packages and web page editors now use Lorem Ipsum as their default model text, and a search for &#39;lorem ipsum&#39; will uncover many web sites still in their infancy. Various versions have evolved over the years, sometimes by accident, sometimes on purpose (injected humour and the like).</span></p>\n\n<p>&nbsp;</p>\n\n<p><strong><span style=\"font-size:20px\">Where does it come from?</span></strong></p>\n\n<p><span style=\"font-size:20px\">Contrary to popular belief, Lorem Ipsum is not simply random text. It has roots in a piece of classical Latin literature from 45 BC, making it over 2000 years old. Richard McClintock, a Latin professor at Hampden-Sydney College in Virginia, looked up one of the more obscure Latin words, consectetur, from a Lorem Ipsum passage, and going through the cites of the word in classical literature, discovered the undoubtable source. Lorem Ipsum comes from sections 1.10.32 and 1.10.33 of &quot;de Finibus Bonorum et Malorum&quot; (The Extremes of Good and Evil) by Cicero, written in 45 BC. This book is a treatise on the theory of ethics, very popular during the Renaissance. The first line of Lorem Ipsum, &quot;Lorem ipsum dolor sit amet..&quot;, comes from a line in section 1.10.32.</span></p>\n\n<p><span style=\"font-size:20px\">The standard chunk of Lorem Ipsum used since the 1500s is reproduced below for those interested. Sections 1.10.32 and 1.10.33 from &quot;de Finibus Bonorum et Malorum&quot; by Cicero are also reproduced in their exact original form, accompanied by English versions from the 1914 translation by H. Rackham.</span></p>\n','all',0,'user','2020-02-03 08:23:37'),(29,'posts','1580718248_image_url.jpeg','asdasd','asd','<p>What is Lorem Ipsum?</p>\n\n<p><strong>Lorem Ipsum</strong>&nbsp;is simply dummy text of the printing and typesetting industry. Lorem Ipsum has been the industry&#39;s standard dummy text ever since the 1500s, when an unknown printer took a galley of type and scrambled it to make a type specimen book. It has survived not only five centuries, but also the leap into electronic typesetting, remaining essentially unchanged. It was popularised in the 1960s with the release of Letraset sheets containing Lorem Ipsum passages, and more recently with desktop publishing software like Aldus PageMaker including versions of Lorem Ipsum.</p>\n\n<p>Why do we use it?</p>\n\n<p>It is a long established fact that a reader will be distracted by the readable content of a page when looking at its layout. The point of using Lorem Ipsum is that it has a more-or-less normal distribution of letters, as opposed to using &#39;Content here, content here&#39;, making it look like readable English. Many desktop publishing packages and web page editors now use Lorem Ipsum as their default model text, and a search for &#39;lorem ipsum&#39; will uncover many web sites still in their infancy. Various versions have evolved over the years, sometimes by accident, sometimes on purpose (injected humour and the like).</p>\n\n<p>&nbsp;</p>\n\n<p>What is Lorem Ipsum?</p>\n\n<p><strong>Lorem Ipsum</strong>&nbsp;is simply dummy text of the printing and typesetting industry. Lorem Ipsum has been the industry&#39;s standard dummy text ever since the 1500s, when an unknown printer took a galley of type and scrambled it to make a type specimen book. It has survived not only five centuries, but also the leap into electronic typesetting, remaining essentially unchanged. It was popularised in the 1960s with the release of Letraset sheets containing Lorem Ipsum passages, and more recently with desktop publishing software like Aldus PageMaker including versions of Lorem Ipsum.</p>\n\n<p>Why do we use it?</p>\n\n<p>It is a long established fact that a reader will be distracted by the readable content of a page when looking at its layout. The point of using Lorem Ipsum is that it has a more-or-less normal distribution of letters, as opposed to using &#39;Content here, content here&#39;, making it look like readable English. Many desktop publishing packages and web page editors now use Lorem Ipsum as their default model text, and a search for &#39;lorem ipsum&#39; will uncover many web sites still in their infancy. Various versions have evolved over the years, sometimes by accident, sometimes on purpose (injected humour and the like).</p>\n\n<p>&nbsp;</p>\n\n<p><strong>Where does it come from?</strong></p>\n\n<p>Contrary to popular belief, Lorem Ipsum is not simply random text. It has roots in a piece of classical Latin literature from 45 BC, making it over 2000 years old. Richard McClintock, a Latin professor at Hampden-Sydney College in Virginia, looked up one of the more obscure Latin words, consectetur, from a Lorem Ipsum passage, and going through the cites of the word in classical literature, discovered the undoubtable source. Lorem Ipsum comes from sections 1.10.32 and 1.10.33 of &quot;de Finibus Bonorum et Malorum&quot; (The Extremes of Good and Evil) by Cicero, written in 45 BC. This book is a treatise on the theory of ethics, very popular during the Renaissance. The first line of Lorem Ipsum, &quot;Lorem ipsum dolor sit amet..&quot;, comes from a line in section 1.10.32.</p>\n\n<p>The standard chunk of Lorem Ipsum used since the 1500s is reproduced below for those interested. Sections 1.10.32 and 1.10.33 from &quot;de Finibus Bonorum et Malorum&quot; by Cicero are also reproduced in their exact original form, accompanied by English versions from the 1914 translation by H. Rackham.</p>\n\n<p>Contrary to popular belief, Lorem Ipsum is not simply random text. It has roots in a piece of classical Latin literature from 45 BC, making it over 2000 years old. Richard McClintock, a Latin professor at Hampden-Sydney College in Virginia, looked up one of the more obscure Latin words, consectetur, from a Lorem Ipsum passage, and going through the cites of the word in classical literature, discovered the undoubtable source. Lorem Ipsum comes from sections 1.10.32 and 1.10.33 of &quot;de Finibus Bonorum et Malorum&quot; (The Extremes of Good and Evil) by Cicero, written in 45 BC. This book is a treatise on the theory of ethics, very popular during the Renaissance. The first line of Lorem Ipsum, &quot;Lorem ipsum dolor sit amet..&quot;, comes from a line in section 1.10.32.</p>\n\n<p>The standard chunk of Lorem Ipsum used since the 1500s is reproduced below for those interested. Sections 1.10.32 and 1.10.33 from &quot;de Finibus Bonorum et Malorum&quot; by Cicero are also reproduced in their exact original form, accompanied by English versions from the 1914 translation by H. Rackham.</p>\n','all',0,'both','2020-02-03 08:24:08'),(30,'posts','1580718282_image_url.jpeg','asdasd','asd','<p>What is Lorem Ipsum?</p>\n\n<p><strong>Lorem Ipsum</strong>&nbsp;is simply dummy text of the printing and typesetting industry. Lorem Ipsum has been the industry&#39;s standard dummy text ever since the 1500s, when an unknown printer took a galley of type and scrambled it to make a type specimen book. It has survived not only five centuries, but also the leap into electronic typesetting, remaining essentially unchanged. It was popularised in the 1960s with the release of Letraset sheets containing Lorem Ipsum passages, and more recently with desktop publishing software like Aldus PageMaker including versions of Lorem Ipsum.</p>\n\n<p>Why do we use it?</p>\n\n<p>It is a long established fact that a reader will be distracted by the readable content of a page when looking at its layout. The point of using Lorem Ipsum is that it has a more-or-less normal distribution of letters, as opposed to using &#39;Content here, content here&#39;, making it look like readable English. Many desktop publishing packages and web page editors now use Lorem Ipsum as their default model text, and a search for &#39;lorem ipsum&#39; will uncover many web sites still in their infancy. Various versions have evolved over the years, sometimes by accident, sometimes on purpose (injected humour and the like).</p>\n\n<p>&nbsp;</p>\n\n<p>What is Lorem Ipsum?</p>\n\n<p><strong>Lorem Ipsum</strong>&nbsp;is simply dummy text of the printing and typesetting industry. Lorem Ipsum has been the industry&#39;s standard dummy text ever since the 1500s, when an unknown printer took a galley of type and scrambled it to make a type specimen book. It has survived not only five centuries, but also the leap into electronic typesetting, remaining essentially unchanged. It was popularised in the 1960s with the release of Letraset sheets containing Lorem Ipsum passages, and more recently with desktop publishing software like Aldus PageMaker including versions of Lorem Ipsum.</p>\n\n<p>Why do we use it?</p>\n\n<p>It is a long established fact that a reader will be distracted by the readable content of a page when looking at its layout. The point of using Lorem Ipsum is that it has a more-or-less normal distribution of letters, as opposed to using &#39;Content here, content here&#39;, making it look like readable English. Many desktop publishing packages and web page editors now use Lorem Ipsum as their default model text, and a search for &#39;lorem ipsum&#39; will uncover many web sites still in their infancy. Various versions have evolved over the years, sometimes by accident, sometimes on purpose (injected humour and the like).</p>\n\n<p>&nbsp;</p>\n\n<p><strong>Where does it come from?</strong></p>\n\n<p>Contrary to popular belief, Lorem Ipsum is not simply random text. It has roots in a piece of classical Latin literature from 45 BC, making it over 2000 years old. Richard McClintock, a Latin professor at Hampden-Sydney College in Virginia, looked up one of the more obscure Latin words, consectetur, from a Lorem Ipsum passage, and going through the cites of the word in classical literature, discovered the undoubtable source. Lorem Ipsum comes from sections 1.10.32 and 1.10.33 of &quot;de Finibus Bonorum et Malorum&quot; (The Extremes of Good and Evil) by Cicero, written in 45 BC. This book is a treatise on the theory of ethics, very popular during the Renaissance. The first line of Lorem Ipsum, &quot;Lorem ipsum dolor sit amet..&quot;, comes from a line in section 1.10.32.</p>\n\n<p>The standard chunk of Lorem Ipsum used since the 1500s is reproduced below for those interested. Sections 1.10.32 and 1.10.33 from &quot;de Finibus Bonorum et Malorum&quot; by Cicero are also reproduced in their exact original form, accompanied by English versions from the 1914 translation by H. Rackham.</p>\n\n<p>Contrary to popular belief, Lorem Ipsum is not simply random text. It has roots in a piece of classical Latin literature from 45 BC, making it over 2000 years old. Richard McClintock, a Latin professor at Hampden-Sydney College in Virginia, looked up one of the more obscure Latin words, consectetur, from a Lorem Ipsum passage, and going through the cites of the word in classical literature, discovered the undoubtable source. Lorem Ipsum comes from sections 1.10.32 and 1.10.33 of &quot;de Finibus Bonorum et Malorum&quot; (The Extremes of Good and Evil) by Cicero, written in 45 BC. This book is a treatise on the theory of ethics, very popular during the Renaissance. The first line of Lorem Ipsum, &quot;Lorem ipsum dolor sit amet..&quot;, comes from a line in section 1.10.32.</p>\n\n<p>The standard chunk of Lorem Ipsum used since the 1500s is reproduced below for those interested. Sections 1.10.32 and 1.10.33 from &quot;de Finibus Bonorum et Malorum&quot; by Cicero are also reproduced in their exact original form, accompanied by English versions from the 1914 translation by H. Rackham.</p>\n','all',0,'both','2020-02-03 08:24:42'),(31,'posts','1580718562_image_url.jpeg','What is Lorem Ipsum?','What is Lorem Ipsum?','<p>What is Lorem Ipsum?</p>\n','all',0,'both','2020-02-03 08:29:22'),(32,'posts','1580718605_image_url.jpeg','What is Lorem Ipsum?','What is Lorem Ipsum?','<p>What is Lorem Ipsum?</p>\n','all',0,'both','2020-02-03 08:30:05'),(33,'posts','1580718678_image_url.jpeg','What is Lorem Ipsum?','What is Lorem Ipsum?','<p>What is Lorem Ipsum?</p>\n','all',0,'both','2020-02-03 08:31:18'),(34,'posts','1580718725_image_url.jpeg','sad','asd','<p>it is a long established fact that a reader will be distracted by the readable content of a page when looking at its layout. The point of using Lorem Ipsum is that it has a more-or-less normal distribution of letters, as opposed to using &#39;Content here, content here&#39;, making it look like readable English. Many desktop publishing packages and web page editors now use Lorem Ipsum as their default model text, and a search for &#39;lorem ipsum&#39; will uncover many web sites still in their infancy. Various versions have evolved over the years, sometimes by accident, sometimes on purpose (injected humour and the like).</p>\n','all',0,'both','2020-02-03 08:32:05'),(35,'notification','','test','test','<p>t is a long established fact that a reader will be distracted by the readable content of a page when looking at its layout. The point of using Lorem Ipsum is that it has a more-or-less normal distribution of letters, as opposed to using &#39;Content here, content here&#39;, making it look like readable English. Many desktop publishing packages and web page editors now use Lorem Ipsum as their default model text, and a search for &#39;lorem ipsum&#39; will uncover many web sites still in their infancy. Various versions have evolved over the years, sometimes by accident, sometimes on purpose (injected humour and the like).</p>\n','all',0,'user','2020-02-03 08:32:28'),(36,'posts','1580962972_image_url.jpeg','What is Lorem Ipsum?','What is Lorem Ipsum?','<p><strong>Lorem Ipsum</strong>&nbsp;is simply dummy text of the printing and typesetting industry. Lorem Ipsum has been the industry&#39;s standard dummy text ever since the 1500s, when an unknown printer took a galley of type and scrambled it to make a type specimen book. It has survived not only five centuries, but also the leap into electronic typesetting, remaining essentially unchanged. It was popularised in the 1960s with the release of Letraset sheets containing Lorem Ipsum passages, and more recently with desktop publishing software like Aldus PageMaker including versions of Lorem Ipsum.</p>\n','all',0,'both','2020-02-06 04:22:52'),(37,'posts','1580963037_image_url.jpeg','What is Lorem Ipsum?','What is Lorem Ipsum?','<p><strong>Lorem Ipsum</strong>&nbsp;is simply dummy text of the printing and typesetting industry. Lorem Ipsum has been the industry&#39;s standard dummy text ever since the 1500s, when an unknown printer took a galley of type and scrambled it to make a type specimen book. It has survived not only five centuries, but also the leap into electronic typesetting, remaining essentially unchanged. It was popularised in the 1960s with the release of Letraset sheets containing Lorem Ipsum passages, and more recently with desktop publishing software like Aldus PageMaker including versions of Lorem Ipsum.</p>\n','all',0,'both','2020-02-06 04:23:57'),(38,'notification','','What is Lorem Ipsum?','What is Lorem Ipsum?','<p><strong>Lorem Ipsum</strong>&nbsp;is simply dummy text of the printing and typesetting industry. Lorem Ipsum has been the industry&#39;s standard dummy text ever since the 1500s, when an unknown printer took a galley of type and scrambled it to make a type specimen book. It has survived not only five centuries, but also the leap into electronic typesetting, remaining essentially unchanged. It was popularised in the 1960s with the release of Letraset sheets containing Lorem Ipsum passages, and more recently with desktop publishing software like Aldus PageMaker including versions of Lorem Ipsum.</p>\n','all',0,'user','2020-02-06 04:25:58'),(39,'posts','1580963261_image_url.jpeg','What is Lorem Ipsum?','What is Lorem Ipsum?','<p>It is a long established fact that a reader will be distracted by the readable content of a page when looking at its layout. The point of using Lorem Ipsum is that it has a more-or-less normal distribution of letters, as opposed to using &#39;Content here, content here&#39;, making it look like readable English. Many desktop publishing packages and web page editors now use Lorem Ipsum as their default model text, and a search for &#39;lorem ipsum&#39; will uncover many web sites still in their infancy. Various versions have evolved over the years, sometimes by accident, sometimes on purpose (injected humour and the like).</p>\n','all',0,'both','2020-02-06 04:27:41'),(40,'posts','1580963324_image_url.jpeg','What is Lorem Ipsum?','What is Lorem Ipsum?','<p>It is a long established fact that a reader will be distracted by the readable content of a page when looking at its layout. The point of using Lorem Ipsum is that it has a more-or-less normal distribution of letters, as opposed to using &#39;Content here, content here&#39;, making it look like readable English. Many desktop publishing packages and web page editors now use Lorem Ipsum as their default model text, and a search for &#39;lorem ipsum&#39; will uncover many web sites still in their infancy. Various versions have evolved over the years, sometimes by accident, sometimes on purpose (injected humour and the like).</p>\n','all',0,'both','2020-02-06 04:28:44'),(41,'posts','1580963776_image_url.jpeg','What is Lorem Ipsum?','What is Lorem Ipsum?','<p>It is a long established fact that a reader will be distracted by the readable content of a page when looking at its layout. The point of using Lorem Ipsum is that it has a more-or-less normal distribution of letters, as opposed to using &#39;Content here, content here&#39;, making it look like readable English. Many desktop publishing packages and web page editors now use Lorem Ipsum as their default model text, and a search for &#39;lorem ipsum&#39; will uncover many web sites still in their infancy. Various versions have evolved over the years, sometimes by accident, sometimes on purpose (injected humour and the like).</p>\n','all',0,'both','2020-02-06 04:36:16'),(42,'notification','','What is Lorem Ipsum?','What is Lorem Ipsum?','<p><strong>Lorem Ipsum</strong>&nbsp;is simply dummy text of the printing and typesetting industry. Lorem Ipsum has been the industry&#39;s standard dummy text ever since the 1500s, when an unknown printer took a galley of type and scrambled it to make a type specimen book. It has survived not only five centuries, but also the leap into electronic typesetting, remaining essentially unchanged. It was popularised in the 1960s with the release of Letraset sheets containing Lorem Ipsum passages, and more recently with desktop publishing software like Aldus PageMaker including versions of Lorem Ipsum.</p>\n','all',0,'user','2020-02-06 04:40:24'),(43,'notification','','What is Lorem Ipsum?','What is Lorem Ipsum?','<p><strong>Lorem Ipsum</strong>&nbsp;is simply dummy text of the printing and typesetting industry. Lorem Ipsum has been the industry&#39;s standard dummy text ever since the 1500s, when an unknown printer took a galley of type and scrambled it to make a type specimen book. It has survived not only five centuries, but also the leap into electronic typesetting, remaining essentially unchanged. It was popularised in the 1960s with the release of Letraset sheets containing Lorem Ipsum passages, and more recently with desktop publishing software like Aldus PageMaker including versions of Lorem Ipsum.</p>\n','all',0,'user','2020-02-06 04:46:51'),(44,'notification','','What is Lorem Ipsum?','What is Lorem Ipsum?','<p><strong>Lorem Ipsum</strong>&nbsp;is simply dummy text of the printing and typesetting industry. Lorem Ipsum has been the industry&#39;s standard dummy text ever since the 1500s, when an unknown printer took a galley of type and scrambled it to make a type specimen book. It has survived not only five centuries, but also the leap into electronic typesetting, remaining essentially unchanged. It was popularised in the 1960s with the release of Letraset sheets containing Lorem Ipsum passages, and more recently with desktop publishing software like Aldus PageMaker including versions of Lorem Ipsum.</p>\n','all',0,'user','2020-02-06 04:47:33'),(45,'notification','','What is Lorem Ipsum?','What is Lorem Ipsum?','<p><strong>Lorem Ipsum</strong>&nbsp;is simply dummy text of the printing and typesetting industry. Lorem Ipsum has been the industry&#39;s standard dummy text ever since the 1500s, when an unknown printer took a galley of type and scrambled it to make a type specimen book. It has survived not only five centuries, but also the leap into electronic typesetting, remaining essentially unchanged. It was popularised in the 1960s with the release of Letraset sheets containing Lorem Ipsum passages, and more recently with desktop publishing software like Aldus PageMaker including versions of Lorem Ipsum.</p>\n','all',0,'user','2020-02-06 04:49:03'),(46,'posts','1580964706_image_url.jpeg','What is Lorem Ipsum?','What is Lorem Ipsum?','<p><strong>Lorem Ipsum</strong>&nbsp;is simply dummy text of the printing and typesetting industry. Lorem Ipsum has been the industry&#39;s standard dummy text ever since the 1500s, when an unknown printer took a galley of type and scrambled it to make a type specimen book. It has survived not only five centuries, but also the leap into electronic typesetting, remaining essentially unchanged. It was popularised in the 1960s with the release of Letraset sheets containing Lorem Ipsum passages, and more recently with desktop publishing software like Aldus PageMaker including versions of Lorem Ipsum.</p>\n','all',0,'both','2020-02-06 04:51:46'),(47,'posts','1580964919_image_url.jpeg','What is Lorem Ipsum?','What is Lorem Ipsum?','<p><strong>Lorem Ipsum</strong>&nbsp;is simply dummy text of the printing and typesetting industry. Lorem Ipsum has been the industry&#39;s standard dummy text ever since the 1500s, when an unknown printer took a galley of type and scrambled it to make a type specimen book. It has survived not only five centuries, but also the leap into electronic typesetting, remaining essentially unchanged. It was popularised in the 1960s with the release of Letraset sheets containing Lorem Ipsum passages, and more recently with desktop publishing software like Aldus PageMaker including versions of Lorem Ipsum.</p>\n','all',0,'both','2020-02-06 04:55:19'),(48,'notification','','What is Lorem Ipsum?','What is Lorem Ipsum?','<p><strong>Lorem Ipsum</strong>&nbsp;is simply dummy text of the printing and typesetting industry. Lorem Ipsum has been the industry&#39;s standard dummy text ever since the 1500s, when an unknown printer took a galley of type and scrambled it to make a type specimen book. It has survived not only five centuries, but also the leap into electronic typesetting, remaining essentially unchanged. It was popularised in the 1960s with the release of Letraset sheets containing Lorem Ipsum passages, and more recently with desktop publishing software like Aldus PageMaker including versions of Lorem Ipsum.</p>\n','all',0,'user','2020-02-06 05:00:59'),(49,'notification','','What is Lorem Ipsum?','What is Lorem Ipsum?','<p><strong>Lorem Ipsum</strong>&nbsp;is simply dummy text of the printing and typesetting industry. Lorem Ipsum has been the industry&#39;s standard dummy text ever since the 1500s, when an unknown printer took a galley of type and scrambled it to make a type specimen book. It has survived not only five centuries, but also the leap into electronic typesetting, remaining essentially unchanged. It was popularised in the 1960s with the release of Letraset sheets containing Lorem Ipsum passages, and more recently with desktop publishing software like Aldus PageMaker including versions of Lorem Ipsum.</p>\n','all',0,'user','2020-02-06 05:54:47'),(50,'notification','','What is Lorem Ipsum?','What is Lorem Ipsum?','<p><strong>Lorem Ipsum</strong>&nbsp;is simply dummy text of the printing and typesetting industry. Lorem Ipsum has been the industry&#39;s standard dummy text ever since the 1500s, when an unknown printer took a galley of type and scrambled it to make a type specimen book. It has survived not only five centuries, but also the leap into electronic typesetting, remaining essentially unchanged. It was popularised in the 1960s with the release of Letraset sheets containing Lorem Ipsum passages, and more recently with desktop publishing software like Aldus PageMaker including versions of Lorem Ipsum.</p>\n','all',0,'user','2020-02-06 05:55:32'),(51,'notification','','ss','ss','<p>ssss</p>\n','all',0,'user','2020-02-06 06:03:07'),(52,'notification','','ss','ss','<p>ssss</p>\n','all',0,'user','2020-02-06 06:04:38'),(53,'notification','','ss','ss','<p>ssss</p>\n','all',0,'user','2020-02-06 06:11:30'),(54,'notification','','What is Lorem Ipsum?','Neque porro quisquam est qui dolorem ipsum quia dolor sit amet, consectetur, adipisci velit...\" \"There is no one who loves pain itself, who seeks after it and wants to have it, simply because it is pain..','<p><strong>Lorem Ipsum</strong>&nbsp;is simply dummy text of the printing and typesetting industry. Lorem Ipsum has been the industry&#39;s standard dummy text ever since the 1500s, when an unknown printer took a galley of type and scrambled it to make a type specimen book. It has survived not only five centuries, but also the leap into electronic typesetting, remaining essentially unchanged. It was popularised in the 1960s with the release of Letraset sheets containing Lorem Ipsum passages, and more recently with desktop publishing software like Aldus PageMaker including versions of Lorem Ipsum.</p>\n','all',0,'user','2020-02-06 06:14:16'),(55,'notification','','What is Lorem Ipsum?','Neque porro quisquam est qui dolorem ipsum quia dolor sit amet, consectetur, adipisci velit...\" \"There is no one who loves pain itself, who seeks after it and wants to have it, simply because it is pain..','<p><strong>Lorem Ipsum</strong>&nbsp;is simply dummy text of the printing and typesetting industry. Lorem Ipsum has been the industry&#39;s standard dummy text ever since the 1500s, when an unknown printer took a galley of type and scrambled it to make a type specimen book. It has survived not only five centuries, but also the leap into electronic typesetting, remaining essentially unchanged. It was popularised in the 1960s with the release of Letraset sheets containing Lorem Ipsum passages, and more recently with desktop publishing software like Aldus PageMaker including versions of Lorem Ipsum.</p>\n','all',0,'user','2020-02-06 06:16:18'),(56,'notification','','What is Lorem Ipsum?','Neque porro quisquam est qui dolorem ipsum quia dolor sit amet, consectetur, adipisci velit...\" \"There is no one who loves pain itself, who seeks after it and wants to have it, simply because it is pain..','<p><strong>Lorem Ipsum</strong>&nbsp;is simply dummy text of the printing and typesetting industry. Lorem Ipsum has been the industry&#39;s standard dummy text ever since the 1500s, when an unknown printer took a galley of type and scrambled it to make a type specimen book. It has survived not only five centuries, but also the leap into electronic typesetting, remaining essentially unchanged. It was popularised in the 1960s with the release of Letraset sheets containing Lorem Ipsum passages, and more recently with desktop publishing software like Aldus PageMaker including versions of Lorem Ipsum.</p>\n','all',0,'user','2020-02-06 06:17:00'),(57,'notification','','What is Lorem Ipsum?','Neque porro quisquam est qui dolorem ipsum quia dolor sit amet, consectetur, adipisci velit...\" \"There is no one who loves pain itself, who seeks after it and wants to have it, simply because it is pain..','<p><strong>Lorem Ipsum</strong>&nbsp;is simply dummy text of the printing and typesetting industry. Lorem Ipsum has been the industry&#39;s standard dummy text ever since the 1500s, when an unknown printer took a galley of type and scrambled it to make a type specimen book. It has survived not only five centuries, but also the leap into electronic typesetting, remaining essentially unchanged. It was popularised in the 1960s with the release of Letraset sheets containing Lorem Ipsum passages, and more recently with desktop publishing software like Aldus PageMaker including versions of Lorem Ipsum.</p>\n','all',0,'user','2020-02-06 06:18:21'),(58,'notification','','What is Lorem Ipsum?','Neque porro quisquam est qui dolorem ipsum quia dolor sit amet, consectetur, adipisci velit...\" \"There is no one who loves pain itself, who seeks after it and wants to have it, simply because it is pain..','<p><strong>Lorem Ipsum</strong>&nbsp;is simply dummy text of the printing and typesetting industry. Lorem Ipsum has been the industry&#39;s standard dummy text ever since the 1500s, when an unknown printer took a galley of type and scrambled it to make a type specimen book. It has survived not only five centuries, but also the leap into electronic typesetting, remaining essentially unchanged. It was popularised in the 1960s with the release of Letraset sheets containing Lorem Ipsum passages, and more recently with desktop publishing software like Aldus PageMaker including versions of Lorem Ipsum.</p>\n','all',0,'user','2020-02-06 06:19:42'),(59,'notification','','What is Lorem Ipsum?','Neque porro quisquam est qui dolorem ipsum quia dolor sit amet, consectetur, adipisci velit...\" \"There is no one who loves pain itself, who seeks after it and wants to have it, simply because it is pain..','<p><strong>Lorem Ipsum</strong>&nbsp;is simply dummy text of the printing and typesetting industry. Lorem Ipsum has been the industry&#39;s standard dummy text ever since the 1500s, when an unknown printer took a galley of type and scrambled it to make a type specimen book. It has survived not only five centuries, but also the leap into electronic typesetting, remaining essentially unchanged. It was popularised in the 1960s with the release of Letraset sheets containing Lorem Ipsum passages, and more recently with desktop publishing software like Aldus PageMaker including versions of Lorem Ipsum.</p>\n','all',0,'user','2020-02-06 06:21:50'),(60,'notification','','What is Lorem Ipsum?','Neque porro quisquam est qui dolorem ipsum quia dolor sit amet, consectetur, adipisci velit...\" \"There is no one who loves pain itself, who seeks after it and wants to have it, simply because it is pain..','<p><strong>Lorem Ipsum</strong>&nbsp;is simply dummy text of the printing and typesetting industry. Lorem Ipsum has been the industry&#39;s standard dummy text ever since the 1500s, when an unknown printer took a galley of type and scrambled it to make a type specimen book. It has survived not only five centuries, but also the leap into electronic typesetting, remaining essentially unchanged. It was popularised in the 1960s with the release of Letraset sheets containing Lorem Ipsum passages, and more recently with desktop publishing software like Aldus PageMaker including versions of Lorem Ipsum.</p>\n','all',0,'user','2020-02-06 06:22:18'),(61,'notification','','What is Lorem Ipsum?','Neque porro quisquam est qui dolorem ipsum quia dolor sit amet, consectetur, adipisci velit...\" \"There is no one who loves pain itself, who seeks after it and wants to have it, simply because it is pain..','<p><strong>Lorem Ipsum</strong>&nbsp;is simply dummy text of the printing and typesetting industry. Lorem Ipsum has been the industry&#39;s standard dummy text ever since the 1500s, when an unknown printer took a galley of type and scrambled it to make a type specimen book. It has survived not only five centuries, but also the leap into electronic typesetting, remaining essentially unchanged. It was popularised in the 1960s with the release of Letraset sheets containing Lorem Ipsum passages, and more recently with desktop publishing software like Aldus PageMaker including versions of Lorem Ipsum.</p>\n','all',0,'user','2020-02-06 06:22:29'),(62,'notification','','What is Lorem Ipsum?','Neque porro quisquam est qui dolorem ipsum quia dolor sit amet, consectetur, adipisci velit...\" \"There is no one who loves pain itself, who seeks after it and wants to have it, simply because it is pain..','<p><strong>Lorem Ipsum</strong>&nbsp;is simply dummy text of the printing and typesetting industry. Lorem Ipsum has been the industry&#39;s standard dummy text ever since the 1500s, when an unknown printer took a galley of type and scrambled it to make a type specimen book. It has survived not only five centuries, but also the leap into electronic typesetting, remaining essentially unchanged. It was popularised in the 1960s with the release of Letraset sheets containing Lorem Ipsum passages, and more recently with desktop publishing software like Aldus PageMaker including versions of Lorem Ipsum.</p>\n','all',0,'user','2020-02-06 06:23:51'),(63,'notification','','What is Lorem Ipsum?','Neque porro quisquam est qui dolorem ipsum quia dolor sit amet, consectetur, adipisci velit...\" \"There is no one who loves pain itself, who seeks after it and wants to have it, simply because it is pain..','<p><strong>Lorem Ipsum</strong>&nbsp;is simply dummy text of the printing and typesetting industry. Lorem Ipsum has been the industry&#39;s standard dummy text ever since the 1500s, when an unknown printer took a galley of type and scrambled it to make a type specimen book. It has survived not only five centuries, but also the leap into electronic typesetting, remaining essentially unchanged. It was popularised in the 1960s with the release of Letraset sheets containing Lorem Ipsum passages, and more recently with desktop publishing software like Aldus PageMaker including versions of Lorem Ipsum.</p>\n','all',0,'user','2020-02-06 06:26:10'),(64,'notification','','What is Lorem Ipsum?','Neque porro quisquam est qui dolorem ipsum quia dolor sit amet, consectetur, adipisci velit...\" \"There is no one who loves pain itself, who seeks after it and wants to have it, simply because it is pain..','<p><strong>Lorem Ipsum</strong>&nbsp;is simply dummy text of the printing and typesetting industry. Lorem Ipsum has been the industry&#39;s standard dummy text ever since the 1500s, when an unknown printer took a galley of type and scrambled it to make a type specimen book. It has survived not only five centuries, but also the leap into electronic typesetting, remaining essentially unchanged. It was popularised in the 1960s with the release of Letraset sheets containing Lorem Ipsum passages, and more recently with desktop publishing software like Aldus PageMaker including versions of Lorem Ipsum.</p>\n','all',0,'user','2020-02-06 06:30:20'),(65,'notification','','Lorem Ipsum is simply dummy text of t','Lorem Ipsum is simply dummy text of t','<p><strong>Lorem Ipsum</strong>&nbsp;is simply dummy text of the printing and typesetting industry. Lorem Ipsum has been the industry&#39;s standard dummy text ever since the 1500s, when an unknown printer took a galley of type and scrambled it to make a type specimen book. It has survived not only five centuries, but also the leap into electronic typesetting, remaining essentially unchanged. It was popularised in the 1960s with the release of Letraset sheets containing Lorem Ipsum passages, and more recently with desktop publishing software like Aldus PageMaker including versions of Lorem Ipsum.</p>\n','all',0,'piver','2020-02-06 06:39:14'),(66,'notification','','Lorem Ipsum is simply dummy text of t','Lorem Ipsum is simply dummy text of t','<p><strong>Lorem Ipsum</strong>&nbsp;is simply dummy text of the printing and typesetting industry. Lorem Ipsum has been the industry&#39;s standard dummy text ever since the 1500s, when an unknown printer took a galley of type and scrambled it to make a type specimen book. It has survived not only five centuries, but also the leap into electronic typesetting, remaining essentially unchanged. It was popularised in the 1960s with the release of Letraset sheets containing Lorem Ipsum passages, and more recently with desktop publishing software like Aldus PageMaker including versions of Lorem Ipsum.</p>\n','all',0,'piver','2020-02-06 06:48:08'),(67,'notification','','Lorem Ipsum is simply dummy text of t','Lorem Ipsum is simply dummy text of t','<p><strong>Lorem Ipsum</strong>&nbsp;is simply dummy text of the printing and typesetting industry. Lorem Ipsum has been the industry&#39;s standard dummy text ever since the 1500s, when an unknown printer took a galley of type and scrambled it to make a type specimen book. It has survived not only five centuries, but also the leap into electronic typesetting, remaining essentially unchanged. It was popularised in the 1960s with the release of Letraset sheets containing Lorem Ipsum passages, and more recently with desktop publishing software like Aldus PageMaker including versions of Lorem Ipsum.</p>\n','all',0,'piver','2020-02-06 06:48:29'),(68,'notification','','Lorem Ipsum is simply dummy text','Lorem Ipsum is simply dummy text','<p><strong>Lorem Ipsum</strong>&nbsp;is simply dummy text of the printing and typesetting industry. Lorem Ipsum has been the industry&#39;s standard dummy text ever since the 1500s, when an unknown printer took a galley of type and scrambled it to make a type specimen book. It has survived not only five centuries, but also the leap into electronic typesetting, remaining essentially unchanged. It was popularised in the 1960s with the release of Letraset sheets containing Lorem Ipsum passages, and more recently with desktop publishing software like Aldus PageMaker including versions of Lorem Ipsum.</p>\n','all',0,'user','2020-02-06 06:49:55'),(69,'notification','','Lorem Ipsum is simply dummy text','Lorem Ipsum is simply dummy text','<p><strong>Lorem Ipsum</strong>&nbsp;is simply dummy text of the printing and typesetting industry. Lorem Ipsum has been the industry&#39;s standard dummy text ever since the 1500s, when an unknown printer took a galley of type and scrambled it to make a type specimen book. It has survived not only five centuries, but also the leap into electronic typesetting, remaining essentially unchanged. It was popularised in the 1960s with the release of Letraset sheets containing Lorem Ipsum passages, and more recently with desktop publishing software like Aldus PageMaker including versions of Lorem Ipsum.</p>\n','all',0,'piver','2020-02-06 06:50:49'),(70,'posts','1580972009_image_url.jpg','Lorem Ipsum is simply dummy','Lorem Ipsum is simply dummy','<p><strong>Lorem Ipsum</strong>&nbsp;is simply dummy text of the printing and typesetting industry. Lorem Ipsum has been the industry&#39;s standard dummy text ever since the 1500s, when an unknown printer took a galley of type and scrambled it to make a type specimen book. It has survived not only five centuries, but also the leap into electronic typesetting, remaining essentially unchanged. It was popularised in the 1960s with the release of Letraset sheets containing Lorem Ipsum passages, and more recently with desktop publishing software like Aldus PageMaker including versions of Lorem Ipsum.</p>\n','all',0,'both','2020-02-06 06:53:29'),(71,'posts','1580974773_image_url.jpeg','Neque porro quisquam est qui dolorem ipsum quia dolor sit amet, consectetur','Neque porro quisquam est qui dolorem ipsum quia dolor sit amet, consectetur','<p>Why do we use it?</p>\n\n<p>It is a long established fact that a reader will be distracted by the readable content of a page when looking at its layout. The point of using Lorem Ipsum is that it has a more-or-less normal distribution of letters, as opposed to using &#39;Content here, content here&#39;, making it look like readable English. Many desktop publishing packages and web page editors now use Lorem Ipsum as their default model text, and a search for &#39;lorem ipsum&#39; will uncover many web sites still in their infancy. Various versions have evolved over the years, sometimes by accident, sometimes on purpose (injected humour and the like).</p>\n\n<p>&nbsp;</p>\n','all',0,'both','2020-02-06 07:39:33'),(72,'notification','','Neque porro quisquam est qui dolorem ipsum quia dolor sit amet, consectetur, adipisci velit...\" \"There is no one who loves pain itself, who seeks afte','Neque porro quisquam est qui dolorem ipsum quia dolor sit amet, consectetur, adipisci velit...\" \"There is no one who loves pain itself, who seeks after it and wants','<p>Why do we use it?</p>\n\n<p>It is a long established fact that a reader will be distracted by the readable content of a page when looking at its layout. The point of using Lorem Ipsum is that it has a more-or-less normal distribution of letters, as opposed to using &#39;Content here, content here&#39;, making it look like readable English. Many desktop publishing packages and web page editors now use Lorem Ipsum as their default model text, and a search for &#39;lorem ipsum&#39; will uncover many web sites still in their infancy. Various versions have evolved over the years, sometimes by accident, sometimes on purpose (injected humour and the like).</p>\n\n<p>&nbsp;</p>\n','all',0,'user','2020-02-06 07:40:09'),(73,'notification','','Neque porro quisquam est qui dolorem ipsum quia dolor sit amet, consectetur, adipisci velit...\" \"There is no one who loves pain itself, who seeks afte','Neque porro quisquam est qui dolorem ipsum quia dolor sit amet, consectetur, adipisci velit...\" \"There is no one who loves pain itself, who seeks after it and wants','<p>Neque porro quisquam est qui dolorem ipsum quia dolor sit amet, consectetur, adipisci velit...&quot;</p>\n\n<p>&quot;There is no one who loves pain itself, who seeks after it and wants</p>\n','all',0,'piver','2020-02-06 07:40:40'),(74,'notification','','Neque porro quisquam est qui dolorem ipsum quia dolor sit amet, consectetur, adipisci velit...\" \"There is no one who loves pain itself, who seeks afte','Neque porro quisquam est qui dolorem ipsum quia dolor sit amet, consectetur, adipisci velit...\" \"There is no one who loves pain itself, who seeks after it and wants','<p><strong>Lorem Ipsum</strong>&nbsp;is simply dummy text of the printing and typesetting industry. Lorem Ipsum has been the industry&#39;s standard dummy text ever since the 1500s, when an unknown printer took a galley of type and scrambled it to make a type specimen book. It has survived not only five centuries, but also the leap into electronic typesetting, remaining essentially unchanged. It was popularised in the 1960s with the release of Letraset sheets containing Lorem Ipsum passages, and more recently with desktop publishing software like Aldus PageMaker including versions of Lorem Ipsum.</p>\n','all',0,'user','2020-02-06 07:56:08'),(75,'notification','','Neque porro quisquam est qui dolorem ipsum quia dolor sit amet, consectetur, adipisci velit...\" \"There is no one who loves pain itself, who seeks afte','Neque porro quisquam est qui dolorem ipsum quia dolor sit amet, consectetur, adipisci velit...\" \"There is no one who loves pain itself, who seeks after it and wants to have it, simply because it is pain','<p><strong>Lorem Ipsum</strong>&nbsp;is simply dummy text of the printing and typesetting industry. Lorem Ipsum has been the industry&#39;s standard dummy text ever since the 1500s, when an unknown printer took a galley of type and scrambled it to make a type specimen book. It has survived not only five centuries, but also the leap into electronic typesetting, remaining essentially unchanged. It was popularised in the 1960s with the release of Letraset sheets containing Lorem Ipsum passages, and more recently with desktop publishing software like Aldus PageMaker including versions of Lorem Ipsum.</p>\n','all',0,'user','2020-02-06 07:57:22'),(76,'notification','','Neque porro quisquam est qui dolorem ipsum quia dolor sit amet, consectetur, adipisci velit...\" \"There is no one who loves pain itself, who seeks afte','Neque porro quisquam est qui dolorem ipsum quia dolor sit amet, consectetur, adipisci velit...\" \"There is no one who loves pain itself, who seeks after it and wants to have it, simply because it is pain','<p>Neque porro quisquam est qui dolorem ipsum quia dolor sit amet, consectetur, adipisci velit...&quot;</p>\n\n<p>&quot;There is no one who loves pain itself, who seeks after it and wants to have it, simply because it is pain</p>\n','all',0,'user','2020-02-06 08:00:03'),(77,'posts','1581050987_image_url.jpeg','Neque porro quisquam est qui dolorem ipsum quia dolor sit amet, consectetur','Neque porro quisquam est qui dolorem ipsum quia dolor sit amet, consectetur','<p><strong>Lorem Ipsum</strong>&nbsp;is simply dummy text of the printing and typesetting industry. Lorem Ipsum has been the industry&#39;s standard dummy text ever since the 1500s, when an unknown printer took a galley of type and scrambled it to make a type specimen book. It has survived not only five centuries, but also the leap into electronic typesetting, remaining essentially unchanged. It was popularised in the 1960s with the release of Letraset sheets containing Lorem Ipsum passages, and more recently with desktop publishing software like Aldus PageMaker including versions of Lorem Ipsum.</p>\n','all',0,'both','2020-02-07 04:49:47'),(78,'posts','1581053049_image_url.jpeg','Neque porro quisquam est qui dolorem ipsum quia dolor sit amet','Neque porro quisquam est qui dolorem ipsum quia dolor sit amet','<p><strong>Lorem Ipsum</strong>&nbsp;is simply dummy text of the printing and typesetting industry. Lorem Ipsum has been the industry&#39;s standard dummy text ever since the 1500s, when an unknown printer took a galley of type and scrambled it to make a type specimen book. It has survived not only five centuries, but also the leap into electronic typesetting, remaining essentially unchanged. It was popularised in the 1960s with the release of Letraset sheets containing Lorem Ipsum passages, and more recently with desktop publishing software like Aldus PageMaker including versions of Lorem Ipsum</p>\n','all',0,'both','2020-02-07 05:24:09'),(79,'notification','','Lorem Ipsum','Lorem Ipsum','<p><strong>Lorem Ipsum</strong>&nbsp;is simply dummy text of the printing and typesetting industry. Lorem Ipsum has been the industry&#39;s standard dummy text ever since the 1500s, when an unknown printer took a galley of type and scrambled it to make a type specimen book. It has survived not only five centuries, but also the leap into electronic typesetting, remaining essentially unchanged. It was popularised in the 1960s with the release of Letraset sheets containing Lorem Ipsum passages, and more recently with desktop publishing software like Aldus PageMaker including versions of Lorem Ipsum</p>\n','all',0,'user','2020-02-07 05:24:52'),(80,'notification','','Lorem Ipsum','Lorem Ipsum','<p><strong>Lorem Ipsum</strong>&nbsp;is simply dummy text of the printing and typesetting industry. Lorem Ipsum has been the industry&#39;s standard dummy text ever since the 1500s, when an unknown printer took a galley of type and scrambled it to make a type specimen book. It has survived not only five centuries, but also the leap into electronic typesetting, remaining essentially unchanged. It was popularised in the 1960s with the release of Letraset sheets containing Lorem Ipsum passages, and more recently with desktop publishing software like Aldus PageMaker including versions of Lorem Ipsum</p>\n','all',0,'piver','2020-02-07 05:25:17'),(81,'notification','','Hello','Good morning','<p>So I can prove it to you</p>\n','all',0,'user','2020-02-07 06:06:26'),(82,'notification','','Hello','Good morning','<p>So I can prove it to you</p>\n','all',0,'user','2020-02-07 06:06:36'),(83,'notification','','Hello','Good morning','<p>So I can prove it to you</p>\n','all',0,'user','2020-02-07 06:06:46'),(84,'notification','','Once','It should','<p>Send once</p>\n','all',0,'user','2020-02-07 06:08:08'),(85,'posts','1581055882_image_url.jpg','Sense','Hard to read','<p>I think I have a good feeling about this one is a little more than I can say is that I have to go to the store and get some rest and feel better soon and that is why I am asking for a <strong><em>friend</em></strong> to talk to you about it when I get home I will send you the link to the video of the guy who was the guy who was the guy who</p>\n','all',0,'both','2020-02-07 06:11:22');
/*!40000 ALTER TABLE `notification_posts` ENABLE KEYS */;
UNLOCK TABLES;

--
-- Table structure for table `packageDetails`
--

DROP TABLE IF EXISTS `packageDetails`;
/*!40101 SET @saved_cs_client     = @@character_set_client */;
/*!40101 SET character_set_client = utf8 */;
CREATE TABLE `packageDetails` (
  `pId` int(11) NOT NULL AUTO_INCREMENT,
  `pName` varchar(100) CHARACTER SET utf8 NOT NULL,
  `university_id` int(11) NOT NULL,
  `car_id` int(11) NOT NULL,
  `pCreate_date_time` datetime NOT NULL,
  PRIMARY KEY (`pId`)
) ENGINE=InnoDB AUTO_INCREMENT=117 DEFAULT CHARSET=latin1;
/*!40101 SET character_set_client = @saved_cs_client */;

--
-- Dumping data for table `packageDetails`
--

LOCK TABLES `packageDetails` WRITE;
/*!40000 ALTER TABLE `packageDetails` DISABLE KEYS */;
INSERT INTO `packageDetails` VALUES (1,'Package_1',2,1,'2019-11-26 09:03:01'),(2,'Package_2',2,1,'2019-11-26 09:03:44'),(3,'Package_3',1,2,'2019-11-26 09:03:51'),(4,'Package_4',7,2,'2019-11-26 16:48:17'),(5,'Package_5',7,2,'2019-11-27 07:34:06'),(6,'Package_6',7,2,'2019-11-27 07:50:10'),(7,'Package_7',1,1,'2019-11-27 08:12:49'),(8,'Package_8',1,1,'2019-11-28 05:52:08'),(9,'Package_9',5,1,'2019-11-28 05:52:23'),(10,'Package_10',7,1,'2019-11-28 05:52:32'),(11,'Package_11',7,2,'2019-11-28 05:52:52'),(12,'Package_12',5,1,'2019-11-28 06:41:28'),(13,'Package_13',5,1,'2019-11-28 06:48:12'),(14,'Package_14',5,1,'2019-11-28 06:50:24'),(15,'Package_15',5,1,'2019-11-28 06:50:46'),(16,'Package_16',7,2,'2019-11-28 07:02:01'),(17,'Package_17',5,1,'2019-11-28 07:17:58'),(18,'Package_18',5,1,'2019-11-28 07:18:17'),(19,'Package_19',5,1,'2019-11-28 07:18:48'),(20,'Package_20',5,1,'2019-11-28 07:19:23'),(21,'Package_21',5,1,'2019-11-28 07:19:57'),(22,'Package_22',5,1,'2019-11-28 07:20:08'),(23,'Package_23',5,1,'2019-11-28 07:21:07'),(24,'Package_24',5,1,'2019-11-28 07:21:40'),(25,'Package_25',5,1,'2019-11-28 07:21:55'),(26,'Package_26',5,1,'2019-11-28 07:22:37'),(27,'Package_27',5,1,'2019-11-28 07:25:01'),(28,'Package_28',5,1,'2019-11-28 07:25:54'),(29,'Package_29',5,1,'2019-11-28 07:27:20'),(30,'Package_30',5,1,'2019-11-28 07:27:59'),(31,'Package_31',5,1,'2019-11-28 07:28:24'),(32,'Package_32',5,1,'2019-11-28 07:28:40'),(33,'Package_33',5,1,'2019-11-28 07:50:56'),(34,'Package_34',5,1,'2019-11-28 08:04:46'),(35,'Package_35',5,1,'2019-11-28 08:05:26'),(36,'Package_36',5,1,'2019-11-28 08:07:20'),(37,'Package_37',5,1,'2019-11-28 08:08:07'),(38,'Package_38',5,1,'2019-11-28 08:08:47'),(39,'Package_39',5,1,'2019-11-28 08:10:35'),(40,'Package_40',5,1,'2019-11-28 08:11:24'),(41,'Package_41',5,1,'2019-11-28 08:12:05'),(42,'Package_42',5,1,'2019-11-28 08:15:01'),(43,'Package_43',5,1,'2019-11-28 08:16:17'),(44,'Package_44',5,1,'2019-11-28 08:17:31'),(45,'Package_45',5,1,'2019-11-28 08:19:04'),(46,'Package_46',5,1,'2019-11-28 09:05:45'),(47,'Package_47',5,1,'2019-11-28 09:06:04'),(48,'Package_48',5,1,'2019-11-28 11:08:53'),(49,'Package_49',5,1,'2019-11-29 04:42:06'),(50,'Package_50',7,2,'2019-11-29 05:25:47'),(51,'Package_51',1,1,'2019-11-29 05:31:06'),(52,'Package_52',1,1,'2019-11-29 06:19:00'),(53,'Package_53',1,1,'2019-11-29 10:25:04'),(54,'Package_54',1,1,'2019-11-29 10:58:36'),(55,'Test',1,1,'2019-12-12 08:03:50'),(56,'For Akriti',1,2,'2019-12-20 09:12:58'),(57,'deeTest',1,1,'2019-12-20 10:38:18'),(58,'P1',1,1,'2019-12-20 10:48:21'),(59,'p2',1,1,'2019-12-20 10:49:39'),(60,'p3',1,1,'2019-12-20 11:06:44'),(61,'حسين',7,1,'2019-12-22 15:15:58'),(62,'مرييييييييم',10,2,'2019-12-22 15:25:43'),(63,'هشاااااااام',10,2,'2019-12-22 15:41:31'),(64,'محمد علي\r\n\r\n',7,1,'2019-12-22 15:41:53'),(65,'t2',7,1,'2019-12-22 15:44:54'),(66,'???',7,1,'2019-12-22 15:52:43'),(67,'Goal',7,1,'2019-12-22 15:58:04'),(68,'tt1',7,2,'2019-12-23 02:03:12'),(69,'tt4',7,2,'2019-12-23 02:23:35'),(70,'Something',5,1,'2019-12-23 08:54:21'),(71,'Route',10,2,'2019-12-23 11:44:20'),(72,'tr',1,1,'2020-01-02 06:35:34'),(73,'Test New',1,1,'2020-01-02 06:37:18'),(74,'Raj New',1,1,'2020-01-02 06:46:24'),(75,'yes New',1,1,'2020-01-02 06:50:36'),(76,'yes New',1,1,'2020-01-02 06:51:33'),(77,'nnnn',1,1,'2020-01-02 06:55:44'),(78,'wewe',1,1,'2020-01-02 06:58:40'),(79,'as',1,1,'2020-01-02 07:00:02'),(80,'dep',1,1,'2020-01-02 07:03:47'),(81,'asdasd',1,1,'2020-01-02 07:29:01'),(82,'as',1,1,'2020-01-02 07:30:10'),(83,'Techugo',2,1,'2020-01-02 08:54:27'),(84,'Test1',3,2,'2020-01-13 12:54:08'),(85,'Test2',3,2,'2020-01-13 13:05:26'),(86,'Someone',2,2,'2020-01-15 09:38:05'),(87,'test1',1,1,'2020-01-17 05:21:08'),(88,'sdsd',1,1,'2020-01-17 05:24:04'),(89,'as',1,1,'2020-01-17 05:27:01'),(90,'ss',2,1,'2020-01-17 05:28:00'),(91,'asd',2,1,'2020-01-17 08:16:18'),(92,'as',2,1,'2020-01-17 08:52:07'),(93,'aa',18,1,'2020-01-29 10:33:51'),(94,'Test Pack',21,1,'2020-02-03 08:55:10'),(95,'New',1,1,'2020-02-03 09:39:05'),(96,'Test',1,1,'2020-02-03 09:51:13'),(97,'Test New',18,1,'2020-02-03 10:41:35'),(98,'test 333',18,1,'2020-02-03 10:42:28'),(99,'DDDDDD',18,1,'2020-02-03 10:45:03'),(100,'kkk',18,1,'2020-02-03 10:45:30'),(101,'sdsd',18,1,'2020-02-05 05:01:28'),(102,'as',18,1,'2020-02-05 05:02:11'),(103,'sdsd',18,1,'2020-02-05 05:03:03'),(104,'ASas',18,1,'2020-02-05 05:13:18'),(105,'asd',18,1,'2020-02-05 05:14:15'),(106,'asd',18,1,'2020-02-05 05:15:05'),(107,'asdasd',3,1,'2020-02-05 05:24:44'),(108,'sss',1,1,'2020-02-05 05:34:45'),(109,'kkkk',18,1,'2020-02-05 08:57:53'),(110,'Te1',1,1,'2020-02-05 09:04:13'),(111,'Te2',2,1,'2020-02-05 09:04:47'),(112,'live trek',5,1,'2020-02-07 06:47:33'),(113,'QA Test',18,1,'2020-02-10 05:51:46'),(114,'sdf',2,1,'2020-02-26 06:26:28'),(115,'sdsdsd',1,1,'2020-02-26 06:27:29'),(116,'test final',3,2,'2020-02-26 16:01:06');
/*!40000 ALTER TABLE `packageDetails` ENABLE KEYS */;
UNLOCK TABLES;

--
-- Table structure for table `piver_car_details`
--

DROP TABLE IF EXISTS `piver_car_details`;
/*!40101 SET @saved_cs_client     = @@character_set_client */;
/*!40101 SET character_set_client = utf8 */;
CREATE TABLE `piver_car_details` (
  `id` int(11) NOT NULL AUTO_INCREMENT,
  `piver_id` int(11) NOT NULL,
  `car_id` int(11) NOT NULL,
  `look_status` enum('good','ok','excellent') NOT NULL,
  `settings_status` enum('good','ok','excellent') NOT NULL,
  `ac_status` enum('good','ok','excellent') NOT NULL,
  `passengers` int(2) NOT NULL,
  `menufacturer` varchar(30) NOT NULL,
  `car_years` varchar(30) NOT NULL,
  `create_date_time` datetime NOT NULL,
  PRIMARY KEY (`id`)
) ENGINE=InnoDB AUTO_INCREMENT=35 DEFAULT CHARSET=latin1;
/*!40101 SET character_set_client = @saved_cs_client */;

--
-- Dumping data for table `piver_car_details`
--

LOCK TABLES `piver_car_details` WRITE;
/*!40000 ALTER TABLE `piver_car_details` DISABLE KEYS */;
INSERT INTO `piver_car_details` VALUES (1,1,1,'good','good','good',22,'1222','2111','2020-02-07 04:18:22'),(2,2,1,'excellent','excellent','excellent',2,'sadsa','sad','2019-11-28 06:03:28'),(3,3,1,'excellent','excellent','excellent',20,'sadsa','sad','2019-11-28 06:03:28'),(4,4,2,'excellent','excellent','excellent',2,'sadsa','sad','2019-11-28 06:03:28'),(5,5,2,'excellent','excellent','excellent',2,'ef','sdfad','2019-11-28 06:03:28'),(6,6,2,'excellent','excellent','excellent',2,'dfhgtt','dfg','2019-11-28 06:03:28'),(7,7,1,'excellent','excellent','excellent',2,'dsfdf','dfxcvvcg','2019-11-28 06:03:28'),(8,8,2,'excellent','excellent','excellent',2,'dsfdf','dfxcvvcg','2019-11-28 06:03:28'),(9,9,1,'excellent','excellent','excellent',2,'kiui','iui','2019-11-28 06:03:28'),(10,10,2,'excellent','excellent','excellent',2,'kiui','iui','2019-11-28 06:03:28'),(11,11,1,'excellent','excellent','excellent',2,'kiui','iui','2019-11-28 06:03:28'),(12,12,1,'excellent','excellent','excellent',2,'sadsef','iuewrei','2019-11-28 06:03:28'),(13,13,2,'excellent','excellent','excellent',2,'dfggcxv','iui','2019-11-28 06:03:28'),(14,14,2,'excellent','excellent','excellent',2,'sadscxvxcvef','iuewrei','2019-11-28 06:03:28'),(15,15,1,'excellent','excellent','excellent',2,'dfggcxv','iui','2019-11-28 06:03:28'),(16,16,1,'excellent','excellent','excellent',2,'sadscxvxcvef','iuewrei','2019-11-28 06:03:28'),(17,17,1,'excellent','excellent','excellent',2,'dfggcxv','iui','2019-11-28 06:03:28'),(18,18,1,'excellent','excellent','excellent',2,'sadscxvxcvef','iuewrei','2019-11-28 06:03:28'),(19,19,1,'excellent','excellent','excellent',2,'asddsss','iui','2019-11-28 06:03:28'),(20,20,2,'excellent','excellent','excellent',2,'sddsf','ds','2019-11-28 06:03:28'),(21,21,1,'excellent','good','excellent',4,'ert','5','2020-01-02 06:34:34'),(22,22,2,'excellent','excellent','good',0,'test','2000','2020-01-02 07:42:30'),(23,23,1,'excellent','excellent','excellent',4,'2323','fd','2020-01-03 04:38:40'),(24,24,1,'excellent','excellent','excellent',4,'2323','fd','2020-01-03 04:39:30'),(25,25,1,'excellent','good','excellent',3,'34234','34','2020-01-09 10:51:44'),(26,26,1,'excellent','good','excellent',22,'2222','2w323','2020-01-10 06:51:48'),(27,27,2,'excellent','excellent','excellent',4,'Nissan','2019','2020-01-13 12:46:13'),(28,28,1,'good','ok','good',10,'ABC','2015','2020-01-31 16:23:35'),(29,29,1,'ok','good','good',10,'jfdhkjhfk','2015','2020-02-03 06:31:13'),(30,30,1,'ok','good','ok',22,'sadasd','asdasd','2020-02-05 06:22:45'),(31,31,1,'ok','ok','good',33,'sdf','2013','2020-02-05 06:24:31'),(32,32,1,'good','good','good',34,'32','3233','2020-02-05 06:25:31'),(33,33,1,'excellent','excellent','excellent',44,'4444','4444','2020-02-07 04:10:33'),(34,34,1,'excellent','excellent','excellent',14,'nisan','2010','2020-02-07 06:46:27');
/*!40000 ALTER TABLE `piver_car_details` ENABLE KEYS */;
UNLOCK TABLES;

--
-- Table structure for table `piver_details`
--

DROP TABLE IF EXISTS `piver_details`;
/*!40101 SET @saved_cs_client     = @@character_set_client */;
/*!40101 SET character_set_client = utf8 */;
CREATE TABLE `piver_details` (
  `piver_id` int(11) NOT NULL AUTO_INCREMENT,
  `full_name` varchar(200) NOT NULL,
  `gender` enum('male','female') NOT NULL,
  `dob` date NOT NULL,
  `job` enum('student','employee','other') NOT NULL,
  `email` varchar(200) NOT NULL,
  `password` varchar(50) NOT NULL,
  `mobile` varchar(20) NOT NULL,
  `alt_mobile` varchar(20) NOT NULL,
  `device_type` enum('android','ios') NOT NULL,
  `status` enum('active','deactive','block','unblock') NOT NULL,
  `creation_date` datetime NOT NULL,
  `device_id` varchar(250) NOT NULL,
  `access_key` varchar(250) NOT NULL,
  `profile_picture` varchar(200) NOT NULL,
  `ref_code` varchar(10) NOT NULL,
  `car_id` int(11) NOT NULL,
  `user_lat` varchar(50) NOT NULL,
  `address` varchar(200) NOT NULL,
  `seatStatus` enum('pedding','full') NOT NULL,
  `user_long` varchar(50) NOT NULL,
  `certificate_list_files` text NOT NULL,
  PRIMARY KEY (`piver_id`)
) ENGINE=MyISAM AUTO_INCREMENT=35 DEFAULT CHARSET=utf8;
/*!40101 SET character_set_client = @saved_cs_client */;

--
-- Dumping data for table `piver_details`
--

LOCK TABLES `piver_details` WRITE;
/*!40000 ALTER TABLE `piver_details` DISABLE KEYS */;
INSERT INTO `piver_details` VALUES (1,'Deeksha Singh','','2002-02-01','employee','deeksha.singhss@techugo.com','25d55ad283aa400af464c76d713c07ad','1234567891','','android','active','2020-02-07 04:18:22','asdasdasdasd','6f0268d3ec30e4019a930210d73beaf1','','46MP5DBG',1,'28.784196799524924','Unnamed Road, Sirsa Inayatpur, Uttar Pradesh 244001, India','pedding','78.78746390000002','[]'),(8,'Abbas','male','1970-11-01','other','Abby@gmail.com','81dc9bdb52d04dc20036dbd8313ed055','07902262240','','android','active','2019-12-22 15:06:35','','37ebff38dc8a7ba2d17bc853a1e96305','','SQXMGIYH',2,'33.294954704794776','Safarat, Baghdad, Iraq','full','44.31452435723625',''),(2,'Test','male','2019-12-11','employee','desskha@gm.com','81dc9bdb52d04dc20036dbd8313ed055','1234567811','','ios','deactive','2019-12-12 08:07:02','','93dcd18db6dc9f05ae9f1eec2ff7cbde','','PIXNFDE0',1,'55.66702621164083','Smolensk Oblast, Russia, 216238','pedding','32.32722703015362',''),(3,'C','female','2019-12-19','student','akriti@techugo.com','25d55ad283aa400af464c76d713c07ad','6666666666','wertyhujkl;','android','active','2019-12-19 10:46:45','dC58pooimH0:APA91bFu85YxGZijK0v4ZIiXtVSFSn9L-t5_isZALBtxInvAPLthIq6RUJL3NcvY3Wve3gKIs3EUIEJ7PPGaCVe8DNlyJ7YDxbixUokqy_OtN95FMhvAUn8Z0yfKo5ZcXesMD4KweTDi','b0593e1d4d3a536ea3c28bbfbfd86f2b','','B160UBPE',1,'55.66702621164083','Smolensk Oblast, Russia, 216238','pedding','32.32722703015362',''),(4,'A','female','2019-06-06','employee','akriti@techugo.com','81dc9bdb52d04dc20036dbd8313ed055','djfskfhdskjhsdkjhf','3fhdgvhdvbdhcvbdhcvd','android','active','2019-12-19 11:57:03','','4373235d38c0a845bb78de3120940c0a','','OONKQ3YP',2,'55.66702621164083','Smolensk Oblast, Russia, 216238','pedding','32.32722703015362',''),(5,'B','female','2019-12-05','employee','akriti@techugo.com','81dc9bdb52d04dc20036dbd8313ed055','dddddddddddddddddddd','dddddddddddddddddd','android','active','2019-12-19 11:58:25','','ffe8fd481c49caf09e2c24b63de3ef82','','K4I24OQ5',2,'55.66702621164083','Smolensk Oblast, Russia, 216238','pedding','32.32722703015362',''),(6,'Akriti Sharma','female','2011-02-18','employee','akriti@techugo.com','81dc9bdb52d04dc20036dbd8313ed055','8630943809','8630943809','android','active','2019-12-19 12:00:25','12345','a4b3697833b5e3edd88f04d27c090d9f','','M03NIV3Z',2,'55.66702621164083','Smolensk Oblast, Russia, 216238','pedding','32.32722703015362',''),(7,'Password','male','2000-12-01','other','Pass@gmail.com','25d55ad283aa400af464c76d713c07ad','07901234456','','android','active','2019-12-20 15:49:52','cN_rmSxxGVI:APA91bHejgnKZRT_zBCMF66sE5tTCrlZrlhhy4o_nKzx3FBMK4DMtunPD19a5e4fyxHVakgoBk_kOXAIlsb8KH55BrCN7a9v0qNOHyvd9IGF0MmAuFZEFSpvc3DrXDFQSIK5Op4LukUb','de98a7d465e893107199b989e425ddc0','','9MXHIOHD',1,'33.15256584230873','Babylon Governorate, Iraq','full','44.49024624421307',''),(9,'كابتن ماجد','male','0000-00-00','other','gdghjk@gmail.com','81dc9bdb52d04dc20036dbd8313ed055','765434567','','android','active','2019-12-22 15:08:02','','615ae956c22e831188f88a0a77bf31dc','','BHLX4GGO',1,'33.28220171001587','Babil, Baghdad, Iraq','pedding','44.4003388369604',''),(10,'Mohammed','male','1980-12-12','other','mate@gmail.com','81dc9bdb52d04dc20036dbd8313ed055','07902262241','','android','active','2019-12-22 15:08:40','','d3b50cf065786309331237f35f0329be','','QRYP3AMP',2,'33.33972545428574','Unnamed Road، بغداد،، Baghdad, Iraq','pedding','44.40284561782025',''),(11,'كابتن يخ يخ','male','0000-00-00','student','hjdsj@gmail.com','81dc9bdb52d04dc20036dbd8313ed055','7439293','','android','active','2019-12-22 15:10:33','','f00facc376b01217907cc74421594e88','','TPW4GLM5',1,'33.31472916988507','Al Amerat, Baghdad, Iraq','full','44.343163657798954',''),(12,'كابتن ميسي','male','0000-00-00','student','hfsdfns@gmail.com','81dc9bdb52d04dc20036dbd8313ed055','463893','','android','active','2019-12-22 15:57:27','','060119cf8a06b06ff48ce869b613488b','','FG4E2MA2',1,'33.29285714143053','Inner Karada, Baghdad, Iraq','full','44.41298753066826',''),(13,'المقوقس','male','0000-00-00','student','gdjnd@gmail.com','81dc9bdb52d04dc20036dbd8313ed055','74839t','','android','active','2019-12-23 01:55:10','','e7a2e97d1ebe82d027fed0e50e44da96','','O5I9MY0P',2,'33.293587706946724','Janain, Baghdad, Iraq','pedding','44.37510151079991',''),(14,'عباس ابن فرناس','male','2019-12-03','student','dbsl@gmail.com','25d55ad283aa400af464c76d713c07ad','4728230890','','android','active','2019-12-23 02:23:04','','af2076cdc828b699421f72969f8d8b83','','HTKS1PXK',2,'54.98611533014494','Smolensk Oblast, Russia, 215871','pedding','32.53877113455155',''),(15,'asaa','male','2019-12-11','student','asas@g.com','25d55ad283aa400af464c76d713c07ad','123456980','','android','active','2019-12-23 03:29:12','','89cf5ad363e1e657851958c76c9b73e9','','7N5F4XRN',1,'56.319177597925375','Russia, 172857','full','31.474023596520738',''),(16,'23','male','2019-12-03','student','ere@2H.COM','25d55ad283aa400af464c76d713c07ad','33333333','','android','active','2019-12-23 03:32:03','','029243f4025d9c41367d8095e3e9d131','','IV9YVF3V',1,'56.03487388670101','Zharkovsky District, Tver Oblast, Russia','full','32.401672796629356',''),(17,'RER','female','2019-12-04','student','ER@G.BM','25d55ad283aa400af464c76d713c07ad','4444444444','','android','active','2019-12-23 03:33:09','12345','2f39df952fd496afb2d9883d2e0aa926','','32NMEXK1',1,'56.46428599070322','Pskov Oblast, Russia, 182165','pedding','30.23895758148825',''),(18,'Deeksha Singh','female','2009-12-01','employee','medeeksha@gmail.com','25d55ad283aa400af464c76d713c07ad','9711002063','','android','active','2019-12-23 05:33:31','adasdasdadsd','4a1955562ae426378434ea814416f4f8','','DD63FH5K',1,'56.28208801280215','Tver Oblast, Russia, 172508','full','32.39344723606396',''),(19,'Switch','male','1888-08-08','student','3322@gmail.com','25d55ad283aa400af464c76d713c07ad','005551155','','android','active','2019-12-23 09:01:03','','78f753a756c2664aad6f53b7712d4494','','CA3A7NLS',1,'56.999864457254034','Tver Oblast, Russia, 171524','full','37.01528548184913',''),(20,'Ahmed','male','1999-01-01','student','1223@gmail.com','25d55ad283aa400af464c76d713c07ad','5555555555','','android','active','2019-12-23 11:42:26','epPKMdV8Af8:APA91bENELid20uwof7C-j_FuXexjcpdwb5keWcPAhJu9sPhcQ3CnFw2HRlubh-h3rfMa9YCbAVhVYW8e4z5h-Hw_t9jAcTq4H8iLzoAWBleFW7slwD258jh4ceIn7WGBeURYhTGBadr','f7597291884e033f944b2b5518839bb0','','O3JJ6J84',2,'33.26679060063083','الحي الصناعي، بغداد، Iraq','pedding','44.332961272176306',''),(21,'Raj','','2020-01-01','employee','raj@gmail.com','25d55ad283aa400af464c76d713c07ad','4444555566','','android','active','2020-01-02 06:34:34','','79e73d072ab6f79bf3e50a74c27222e9','','FJ3QWA98',1,'33.34553020876112','Jihad Street, Baghdad, Iraq','pedding','44.40349236583239',''),(22,'Deep','male','2020-01-01','student','deep@gmail.com','25d55ad283aa400af464c76d713c07ad','9717975164','','android','active','2020-01-02 07:42:30','ectjGwhvYqM:APA91bEtVvI2-HzV2-38uEIjZofsElk1ONf-iMVToUuglrokuYlq_16qvC9u4kfcW6ttaTCzJOG-rZBcCeZRPqlzln4bPXNfSl4I7_vFeDD230M8byZPOTVcXe0gLiPk4sxCGE2UZ3ec','d5a6443669140f335b0149e6e833d261','','C633WW4S',2,'44.40088','Not found','pedding','33.34058',''),(23,'Testers','','2002-01-01','employee','testers@gmail.com','25d55ad283aa400af464c76d713c07ad','2323232323','','android','active','2020-01-03 04:38:40','','c2d212185de9ad8587b8198b0b898269','','107SOSJ1',1,'33.74415847688557','المفرق، بعقوبة، Iraq','pedding','44.607311609375415',''),(24,'Testers1','','2002-01-01','employee','testers1@gmail.com','25d55ad283aa400af464c76d713c07ad','2323232321','','android','active','2020-01-03 04:39:30','','00abc5832aa21aa9600b4359c5bb0831','','9MQK2WT7',1,'33.74415847688557','المفرق، بعقوبة، Iraq','pedding','44.607311609375415','[\"562538-Skype_Picture_2019_12_24T11_06_59_801Z.jpeg\",\"591084-Skype_Picture_2019_12_24T11_03_54_677Z.jpeg\",\"743137-20191223_153458.jpg\",\"508822-20191220_140050.jpg\"]'),(25,'Sd','','2020-01-08','employee','sd@h.com','25d55ad283aa400af464c76d713c07ad','232323','','android','active','2020-01-09 10:51:44','','5a9f9119a84605a6a25322cf92c66414','','KMSX8Y4G',1,'33.355026','Unnamed Road, Al-Fallujah, Iraq','pedding','43.783337','[]'),(26,'Swd','','2020-01-01','other','','25d55ad283aa400af464c76d713c07ad','333333332','','android','active','2020-01-10 06:51:48','','fb3b1a1c6e3f9001ebf5d64f3ceb1b3a','','M75LKUO4',1,'33.355026','Unnamed Road, Al-Fallujah, Iraq','pedding','43.783337','[]'),(27,'Abbas','','1999-01-12','other','Abbas231@gmail.com','25d55ad283aa400af464c76d713c07ad','7902262240','','android','active','2020-01-13 12:46:13','fpD0F_n_7x0:APA91bEb56lpwL8EHjgFeMYteDTsxBy554XyundJ_nx6y_eicG2AiLDf8UMtmA310V5XzIuo4a_tKpmN1MN7EDF9WGDAF82cHsHBGdUstuh9mTNGsPc61KHQYmzA1yjIZac3RB8iJKGL','2429234d20c292868c8d8d831bc80298','','77EAQMVR',2,'33.359060326434175','Safi Al Din Al Hilli Street, Baghdad, Iraq','pedding','44.39457607860061','[]'),(28,'Vishal','','2002-01-01','employee','vishal.kumar694@gmail.com','25d55ad283aa400af464c76d713c07ad','7838084871','','android','active','2020-01-31 16:23:35','f97eTUfEpy8:APA91bF-zWGDSxMJebxsrsdnhWXSs8rqDxJtgy6dvalf_mFi3w5eJOdXVtKAuPStBHjRlVieNpKem-iU6BOa0hCZKj5sHxbkaDl77ZcwjSiAg801a07P3-OT61LI4QjAJNCPMJ74U5OH','7cfa230729a7d268f8192487fb210f80','','5VPEK71E',1,'28.61878138349094','D7, Block D, Pandav Nagar, New Delhi, Delhi 110092, India','pedding','77.28520131763435','[]'),(29,'Vishal Kumar','','2002-01-08','student','vishal.kumar694@gmail.com','25d55ad283aa400af464c76d713c07ad','8789111455','','android','active','2020-02-03 06:31:13','','e7b37da55eed5dab5e1f712d14fb6f16','','EZZ5D47S',1,'33.313524405904815','Unnamed Road, المزرعة، Iraq','pedding','43.94452516907549','[]'),(30,'Ruchi','','2002-02-01','employee','ruchi@gmai.com','25d55ad283aa400af464c76d713c07ad','3333333333','','android','active','2020-02-05 06:22:45','','39850f8b8f1d93b5c8f7cab7d414b356','','5MUWVKSE',1,'33.529207700060766','Unnamed Road, Iraq','pedding','43.3933223515625','[]'),(31,'Sdasdasd','','2002-02-01','employee','medesadsadaseksha@gmail.com','25d55ad283aa400af464c76d713c07ad','9090909090','','android','active','2020-02-05 06:24:31','','45576f4a771b4f070cc27659c529bdf6','','SAZ22VZH',1,'33.478822652451505','13, Iraq','pedding','45.6125606328125','[]'),(32,'Asdasd','','2002-02-01','student','medeesadasddsaksha@gmail.com','25d55ad283aa400af464c76d713c07ad','5050505050','','android','active','2020-02-05 06:25:31','','3dbf505b9eeef73e119c3d7bf6f39fb7','','1D5O56M4',1,'33.43299261996062','Unnamed Road, Iraq','pedding','44.475475671875','[]'),(33,'Ruchi','','2002-02-05','employee','ruchi@gmail.com','25d55ad283aa400af464c76d713c07ad','3333333331','','android','active','2020-02-07 04:10:33','','29fea2f6686c697a97a5de38f39d69c6','','1BL6SB6V',1,'33.39631115831537','Baladrooz, Iraq','pedding','45.2829707890625','[\"985815-15.jpeg\",\"428512-14.jpeg\"]'),(34,'Live','','2002-02-01','other','tracking@gmail.com','25d55ad283aa400af464c76d713c07ad','7777777777','','android','active','2020-02-07 06:46:27','eB5J84y5ma4:APA91bHzejHX7Sso7iIrw2GgU-wDNXHYurP9WSa30lch_OCgMnvU1Z3ucfRUL34PuvUThfGe8HbBBOh-8mOOGX5i9_Z5ONW_qv0MrhB1JndLirZKD2Bzc5KF04ITlZStq8ySpG9zZNGv','3bcbdb13177a58d95f4abc1a0721766e','','J0MZO7NR',1,'33.3091306249073','سد الفلوجة - Fallujah Dam، Iraq','pedding','43.783337','[]');
/*!40000 ALTER TABLE `piver_details` ENABLE KEYS */;
UNLOCK TABLES;

--
-- Table structure for table `polyThing`
--

DROP TABLE IF EXISTS `polyThing`;
/*!40101 SET @saved_cs_client     = @@character_set_client */;
/*!40101 SET character_set_client = utf8 */;
CREATE TABLE `polyThing` (
  `ID` int(11) NOT NULL AUTO_INCREMENT,
  `testarea` varchar(200) NOT NULL,
  `boundary_close` polygon DEFAULT NULL,
  `boundary_med` polygon DEFAULT NULL,
  `namevariable` varchar(20) NOT NULL,
  PRIMARY KEY (`ID`)
) ENGINE=InnoDB AUTO_INCREMENT=7 DEFAULT CHARSET=latin1;
/*!40101 SET character_set_client = @saved_cs_client */;

--
-- Dumping data for table `polyThing`
--

LOCK TABLES `polyThing` WRITE;
/*!40000 ALTER TABLE `polyThing` DISABLE KEYS */;
INSERT INTO `polyThing` VALUES (1,'qmust',_binary '\0\0\0\0\0\0\0\0\0\03\0\0\0\0\0\0\\.F@\xmb@@\0\0\0-F@4\\۴@@\0\0\0q)F@(O@@\0\0\0#\'F@8Eѧ@@\0\0\0(&F@\rк\@@\0\0\0a&F@uVj\@@\0\0\08$F@\/7ȩ@@\0\0\0&%F@Fh@@W$F@ƭ\:@@\\Z#F@y\XR@@\0\0\0\\"F@\)E\@@#F@\E\R?@@\0\0\0w#F@iC\C@@$F@(j\@@\0\0\0\"F@R|\a@@#F@-@@\0\0\0(S#F@6@@\#F@@@\G$F@H{2@@w%F@	\\@@&F@\t\\@@w&F@[j@@\'\'F@X\'\@@\0\0\0\*F@\ȡ@@\0\0\0,F@/vŠ@@G9,F@Y@@WG,F@(1E*\@@\0\0\00F@#ceS@@87F@\ԣ@@\0\0\0\T6F@r_@@\0\0\0\7F@:eW@@\0\0\0Ȯ6F@@@Ǖ1F@:2$@@\0\0\0Z1F@\\XR@@\0\0\0G1F@eLYm@@-2F@\Fc@@\0\0\03F@v@@\0\0\04F@eA@@\0\0\0\\7F@l\~@@\0\0\0pB7F@FJ\#@@\0\0\0h6F@8x\W@@4F@T$Ш@@7\2F@\F@@\0\0\0\1F@\\He@@\0\0\01F@/@@\0\0\0\1F@ܢu@@\0\0\0D1F@?@@\0\0\0Z1F@L\\f@@\0\0\0f1F@\\\3r@@w0F@\r:\ZPŦ@@\0\0\0\\.F@\xmb@@',_binary '\0\0\0\0\0\0\0\0\0\0B\0\0\0\0\0\0 wCF@V!@@\0\0\0FF@\Z\L@@\0\0\0M:F@\r`;\@@\0\0\09F@3\5i4@@\0\0\0\00F@\\sP\@@x+F@Ĥo@@\0\0\0@\#F@]\IƋ@@\0\0\0\TF@D[[׮@@\0\0\0FF@o1@@\0\0\0@!F@\\b@@\0\0\0 \ F@\"P\Z{@@y#F@[>\@@\0\0\0\\\'F@u\\@@\0\0\0 C,F@\@@\0\0\0=,F@\\\\\@@\0\0\0,F@iƠ@@\0\0\0*F@\;\ơ@@\0\0\0\'F@ax\ڡ@@{&F@1Ԧ@@\0\0\0!&F@&HY@@\0\0\0%F@\\7\n@@\0\0\0E$F@3k@@Ϲ#F@(\nø@@\0\0\0 L#F@@@\0\0\08#F@w+-@@\0\0\0\"F@-\pi@@\0\0\0\$F@[\"@@\0\0\0p#F@(W!2C@@\0\0\0#F@\#CB@@\0\0\0\\\"F@OXi\\@@\0\0\0x#F@M6b@@\0\0\0P$F@w>@@\0\0\0`%F@ur\n@@\0\0\00\$F@h-ѩ@@\0\0\0pb&F@\\\@@\0\0\0&F@Ƨ@@\0\0\0!\'F@(\ڧ@@\0\0\0\g)F@h\>V\\@@\0\0\0h*F@\*@@\0\0\0H-F@E\@@\0\0\0\.F@ݡj@@\0\0\0\01F@]lǦ@@\0\0\01F@T#H@@\0\0\0x2F@A>^D@@\0\0\0@1F@A@@\0\0\01F@l\~@@1F@)\LVl@@\0\0\0X\2F@)T\n@@\0\0\0\\4F@a\@@\0\0\0}6F@m\Z[@@\0\0\06F@~U`@@\0\0\0pB7F@,h\n@@\0\0\0h\7F@l\n}@@\0\0\0H|4F@Pg?@@\0\0\0H3F@ٛ\r@@\0\0\0pH1F@\|\0@@\0\0\0\01F@\c\A@@\0\0\0h6F@k?3ġ@@\0\0\0`\7F@\:4R@@\0\0\0\[6F@Ƒ\A@@\0\0\097F@2+\\@@\0\0\00F@Ba\Q@@\0\0\0=,F@`\@\@@\0\0\0\B,F@\@@\0\0\0\R>F@v};@@\0\0\0 wCF@V!@@','prices5'),(2,'pmust',_binary '\0\0\0\0\0\0\0\0\0\0\0\0\0\0\05F@\\Ӫ@@\0\0\"\:F@`9\"\0@@\0\0\3F@@[px@@\0\0\0Y2F@ֻr\0@@\0\0\0{1F@s@@\\0F@\ڨ@@\0\0\0.F@\y@@\0\0\0=,F@r	\M@@\0\0\0`m+F@>w@@\0\0\0*F@HN\\'\@@\0\0\0*F@ )!*@@\0\0\0t*F@o8@@\0\0\0P*F@X?Ɩ@@\0\0\0P\*F@2\~@@\0\0\0(\+F@@@\0\0\0Xt,F@Z\^@@\0\0*8-F@ǔSw@@\0\06/F@\F6X@@\0\0%1F@[vp@@\0\0U/F@]\ZZ#@@\0\00F@E\\D@@\0\0b2F@`9\"\0@@\0\05F@\\Ӫ@@',_binary '\0\0\0\0\0\0\0\0\0\0.\0\0\0\0\09F@P\![@@\0\0^0F@F>@@\0\0k+F@\r\E@@\0\0\#F@\\3@@\0\0SF@P5@@\0\0JF@{\nὧ@@\0\0#!F@/@@\0\0\\ F@qu辢@@\0\0^w#F@BlQJ?@@\0\0^U\'F@\#\@@\0\0^\\>F@3\]@@\0\0CF@#\N@@\0\0<hEF@\Ze@@\0\0F\8F@x\鱽@@\0\0^5F@U\^ƪ@@\0\0\w2F@Y\	\'@@\0\0\08q1F@(\;@@\0\0\0y0F@\\R\9@@\0\0\0@\/F@A\>\+@@\0\0\0H/F@00#@@\0\0\0j!1F@ֽ@@\0\0\0\3/F@\\n\0T@@\7-F@K\m@@\0\0lo,F@N\P@@\0\0+F@cjq\@@\0\0 \*F@ls@@\0\0z*F@AWz6@@\0\0z*F@\R!@@\0\0\\+F@T\➳@@\0\0p/,F@N@@\0\0\]-F@e\@@\0\0\0.F@x	44\n@@\0\0\0\.F@gAƴ@@\0\0\0,4/F@/T|@@O0F@yUG@@\0\0\0X2F@+M|@@\0\0\03F@9!@@\0\0\03F@n}D@@\0\0\3F@	\\5u@@\0\0>\:F@,y@@\0\0F\8F@x\鱽@@\0\0.gEF@˴\\e@@\0\0^&GF@I#@@\0\0@F@\\_\|@@\0\0:F@[V\S\@@\0\09F@P\![@@','prices4'),(3,'techno',_binary '\0\0\0\0\0\0\0\0\0\0\0\0\0\0\05F@\\Ӫ@@\0\0\"\:F@`9\"\0@@\0\0\3F@@[px@@\0\0\0Y2F@ֻr\0@@\0\0\0{1F@s@@\\0F@\ڨ@@\0\0\0.F@\y@@\0\0\0=,F@r	\M@@\0\0\0`m+F@>w@@\0\0\0*F@HN\\'\@@\0\0\0*F@ )!*@@\0\0\0t*F@o8@@\0\0\0P*F@X?Ɩ@@\0\0\0P\*F@2\~@@\0\0\0(\+F@@@\0\0\0Xt,F@Z\^@@\0\0*8-F@ǔSw@@\0\06/F@\F6X@@\0\0%1F@[vp@@\0\0U/F@]\ZZ#@@\0\00F@E\\D@@\0\0b2F@`9\"\0@@\0\05F@\\Ӫ@@',_binary '\0\0\0\0\0\0\0\0\0\0\0\0\0\0\0\06F@C̮)V@@\0\0\0\2F@\\jq@@\0\0\0#5F@\F@@4F@1\e(4@@\0\0\0p)2F@@@\/F@?\@@\0\0\0\.F@	\@@\0\0\0o/F@4tgԡ@@{0F@c\{|@@\0\0\0p0F@P\Ϡ@@\0\0\00F@C@@\0\0\0`g1F@\G0<֞@@\0\0\0\\2F@	8	@@r3F@>,{@@\0\0\04F@ZZ@@\0\0\0\q>F@\5\@@\'T@F@x\\Y@@\0\0\0\AAF@@@\0\0\0\\"BF@@@\0\0\0h\\CF@\Ξ@@\0\0\0DF@Q\@@\0\0\0|EF@{LGT@@\0\0\06F@C̮)V@@','prices3'),(4,'bab',_binary '\0\0\0\0\0\0\0\0\0\0\0\0\0\0\0\0\8F@=\\0@@\0\0\0 .F@,\@@\0\0\0,F@t92@@\0\0\0x*F@\\Z@@\0\0\0*F@1h@@\0\0\0\\n-F@qn\S@@u.F@训1V@@\0\0\0P\,F@b@@\0\0\0\,F@\)@@\0\0\0S-F@\Y@@\0\0\0=,F@(*g۬@@\0\0\0.F@r$@@\0\0\0P0F@\\\@@\1F@f@@\0\0\0\?4F@\Zg\@@\0\0\005F@@WҪ@@\0\0\0\8F@=\\0@@',_binary '\0\0\0\0\0\0\0\0\0\0*\0\0\0\0\0\0@2,F@-\"Co@@\0\0\0>F@.@@\0\0\0(AF@\kͶ@@\0\0\0\0[CF@%\\Ş@@hDF@$1#ѿ@@\0\0\0\0DF@a\e@@\0\0\0@GF@5=\{@@\0\0\0@\@F@V@@\0\0\0@:F@o޵@@\0\0\0@9F@]P@@\0\0\0\00F@Z?@@r+F@Ĥo@@\0\0\0,F@rj!p>@@\0\0\0P.F@P@@\0\0\0\.F@`w@@\0\0\0\\8F@Oڳ@@\8F@\3@@\0\0\0\5F@\\u@@\0\0\0X1F@+j-2@@1F@\@@w0F@\\\@@\0\0\0P.F@4qq@@\0\0\0,,F@%Cw߬@@\0\0\0\E-F@2\_@@\0\0\0\\,F@A\&@@,F@{@@@\0\0\0`j.F@训1V@@\0\0\0h	-F@\tIP@@\0\0\0p*F@\"\Hd@@\0\0\0ȍ*F@\\'j@@\0\0\0j*F@\\Z@@\0\0\0,F@3%>@@\0\0\0+F@.\r\@@r+F@~!@@\0$F@ۙ@@\0\0\0 \F@4\'8\'@@\0\0\0`F@O.\@@!F@@@\0\0\0*!F@-Э@@\0\0\0@\#F@\VZ@@\0\0\0\'F@\r˱o\\@@\0\0\0@2,F@-\"Co@@','prices2'),(5,'dijla',_binary '\0\0\0\0\0\0\0\0\0\0$\0\0\0\0\0\0l8F@\e4@@\0\0\0h6F@\`u@@\0\0\0x\5F@HMT@@\0\0\0H5F@vS\\B@@\0\0\05F@(/\#@@4F@K\D@@\0\0\0\0\2F@Z깥@@\0\0\0\1F@z报@@\0\0\00F@Ү\@@\0\0\0:/F@aB~@@\0\0\0\S.F@޳?ӣ@@\0\0\0-F@A(K@@\0\0\0H.F@\`@@\0\0\0\n.F@C_ʥ@@\0\0\0u-F@C6I@@\0\0\0 \,F@\`@@\0\0\0E,F@Ymn@@\0\0\0g+F@\ߛ@@\0\0\00b*F@\&\"i@@\0\0\0*F@\Q\͡@@\0\0\0\+F@Hk\@@\0\0\0,F@`\Z#@@\0\0\0,,F@2\Z!@@\0\0\0H,F@]\Ϭx@@\0\0\0/F@=u!@@\0\0\0 ?F@3p@@\0\0\0ABF@Ŧ@@\0\0\0 CF@\0\0@@\0\0\0DF@\C\R@@\0\0\0|EF@FZ\Q@@\0\0\0`AF@v\e@@\0\0\0\?F@9\@@\0\0\0\>F@9 \6@@\0\0\00#<F@\@@\0\0\0.;F@E\R\R@@\0\0\0l8F@\e4@@',_binary '\0\0\0\0\0\0\0\0\0\0*\0\0\0\0\0\0CF@Ymn@@\0\0\0DF@8@@\0\0\0\"GF@\ar@@\0\0\0\@F@v-0@@\0\0\0 :F@_ٵ@@\0\0\0@9F@fY@@\0\0\0\0F@H!@@\0\0\0g+F@Q@@\0\0\0`$F@v\r+Mt@@?F@.m@@\0\0\0 \F@g\7@@\0\0\0`!F@E\t)@@\0\0\0@L!F@\}¢@@\0\0\0@\#F@\	7sh@@\0\0\0\0\\'F@]\Ϭx@@\0\0\0,,F@]\Ϭx@@\0\0\0\r,F@`\Z#@@\0\0\0\\+F@:\@@\0\0\0X)F@\+YGС@@\]+F@)\	\@@\0\0\0\>,F@\\y@@\0\0\0x,F@ug@@\r-F@g\zR@@\0\0\0 .F@\?Х@@\0\0\0\L.F@Bwi@@\0\0\0ȷ-F@ǁ#G@@7/F@\.@@\0\0\0@j0F@\l\\@@\0\0\0\\1F@&~ @@\0\0\0`\4F@\\\/\L@@\0\0\08|5F@*(@@\0\0\05F@V$A@@\0\0\0\5F@~U`@@ϵ6F@~qEk~@@\0\0\0f8F@)ʮ@@\0\0\05;F@ɢW@@\0\0\0$<F@\r@@\0\0\0>F@ť@@\0\0\0P\?F@\|C@@\0\0\0 AF@B@@\0\0\0EF@FZ\Q@@\0\0\0CF@Ymn@@','prices1'),(6,'jadrya',_binary '\0\0\0\0\0\0\0\0\0\0\0\0\0\0\0\0m)F@8\rIU@@\0\0\0\0W)F@o*@@\x\'F@x5B@@\0\0\0\\'F@<N,@@\0\0\0`(F@ҟ~p@@\0\0\0K)F@6``ҡ@@\0\0\0\08*F@k?3ġ@@\0\0\0\0\',F@O&;ˠ@@\0\0\0@2,F@\\f{@@\0\0\0`0F@m*m@@\0\0\014F@YG@@\0\0\04F@\r@@w5F@`؞@@\0\0\0`E5F@%౵@@\0\0\0\7F@ԏv@@\0\0\08F@\4!r@@\0\0\0 E9F@4E2u@@\8F@\xKD@@\0\0\09F@]Q=@@\;F@\\Z֦@@\0\0\0\07F@ڻ&@@\0\0\0\05F@l@@\0\0\04F@ݡj@@\0\0\0\?3F@8@@\0\0\0\^2F@rV\l@@\0\0\0 0F@-\0@@\0\0\0`\.F@\Z\\҇\\@@\0\0\0`-F@\\\3r@@\0\0\0m)F@8\rIU@@',_binary '\0\0\0\0\0\0\0\0\0\0.\0\0\0\0\0\0`0F@\r@@\0\0\014F@\\Ϟ@@\0\0\00F@P@@\0\0\0,F@ P\8X@@\0\0\0 ,F@\\Ƞ@@\0\0\0)*F@(\nø@@\0\0\0\:)F@\B9ɡ@@\0\0\0P(F@f\g@@\0\0\0\\\'F@80#@@\0\0\0_\'F@g\zR@@\0\0\0\:)F@]Q=@@\0\0\0\Y)F@\$o@@x-F@n\Ŧ@@.F@9bv@@\0\0\0 0F@\%ǙN@@\0\0\0\\2F@WK@@\0\0\0\?3F@5\\/@@\0\0\04F@4\⍨@@\0\0\05F@Mf=@@\0\0\0p7F@\\G@@\0\0\0<F@7\\ߦ@@\0\0\0@9F@K1@@\0\0\0\n9F@A(K@@\0\0\00S9F@\#U[@@8F@\d(b@@\0\0\07F@L\da@@\0\0\0Y5F@v\@@\0\0\05F@\>=yʞ@@\0\0\04F@\'\\"\@@\0\0\0`74F@fH@@\0\0\0@BF@\'\\"\@@\0\0\0\0\DF@\P\@@\0\0\0 (GF@h@@\0\0\0\@F@\\+@@:F@,m	J˵@@\0\0\0\9F@fY@@\0\0\0`0F@ʹ$+@@\0\0\0g+F@\a\Z@@\0\0\0C$F@PVo@@\0\0\0`F@4\'8\'@@\0\0\0\F@U@@\0\0\0\0!F@\Z\0@@\0\0\0\Q!F@EТ@@\0\0\0\#F@D{@@\0\0\0@\\'F@Q`@@\0\0\0`0F@\r@@','prices0');
/*!40000 ALTER TABLE `polyThing` ENABLE KEYS */;
UNLOCK TABLES;

--
-- Table structure for table `polygon_details`
--

DROP TABLE IF EXISTS `polygon_details`;
/*!40101 SET @saved_cs_client     = @@character_set_client */;
/*!40101 SET character_set_client = utf8 */;
CREATE TABLE `polygon_details` (
  `id` int(11) NOT NULL AUTO_INCREMENT,
  `polygon_name` varchar(200) NOT NULL,
  `close_geometry` text NOT NULL,
  `med_geometry` text NOT NULL,
  `namevariable` varchar(50) NOT NULL,
  PRIMARY KEY (`id`)
) ENGINE=InnoDB AUTO_INCREMENT=7 DEFAULT CHARSET=utf8;
/*!40101 SET character_set_client = @saved_cs_client */;

--
-- Dumping data for table `polygon_details`
--

LOCK TABLES `polygon_details` WRITE;
/*!40000 ALTER TABLE `polygon_details` DISABLE KEYS */;
INSERT INTO `polygon_details` VALUES (1,'qmust',' [[44.3662691116333, 33.31552105279277],\r\n                    [44.35657024383545, 33.30239436162847],\r\n                    [44.3237829208374, 33.30712880594544],\r\n                    [44.305758476257324, 33.311073979863465],\r\n                    [44.30206775665283, 33.31057187673296],\r\n                    [44.29983615875244, 33.327283184258214],\r\n                    [44.288763999938965, 33.32642259432009],\r\n                    [44.290223121643066, 33.32054166893481],\r\n                    [44.28687572479247, 33.306483215037176],\r\n                    [44.27425861358642, 33.307200537973536],\r\n                    [44.272541999816895, 33.3041160074823],\r\n                    [44.277606010437005, 33.298807490278435],\r\n                    [44.27709102630615, 33.29113109002976],\r\n                    [44.28215503692626, 33.28216247733604],\r\n                    [44.27022457122803, 33.27642208152669],\r\n                    [44.27391529083251, 33.26702136827179],\r\n                    [44.27597522735596, 33.26522722402573],\r\n                    [44.279322624206536, 33.26350481087517],\r\n                    [44.28344249725341, 33.254461584604144],\r\n                    [44.289107322692864, 33.25826559543508],\r\n                    [44.297776222229, 33.260634046811845],\r\n                    [44.30052280426025, 33.263074202280364],\r\n                    [44.30893421173095, 33.26465309008292],\r\n                    [44.32876110076904, 33.26393541734718],\r\n                    [44.344725608825684, 33.25604062807394],\r\n                    [44.345498085021966, 33.23464934206843],\r\n                    [44.34592723846435, 33.21799209955708],\r\n                    [44.37510967254639, 33.22129508079367],\r\n                    [44.431414604187005, 33.23156224781629],\r\n                    [44.42446231842041, 33.24986784134483],\r\n                    [44.43639278411865, 33.25266718238568],\r\n                    [44.42720890045166, 33.26350481087517],\r\n                    [44.38738346099853, 33.2542462582836],\r\n                    [44.38558101654053, 33.26300243397483],\r\n                    [44.38498020172119, 33.26572958812975],\r\n                    [44.39201831817626, 33.27068130824576],\r\n                    [44.399142265319824, 33.27706789489992],\r\n                    [44.41017150878906, 33.28325669744843],\r\n                    [44.436821937561035, 33.29301438158913],\r\n                    [44.43171501159668, 33.3046002142551],\r\n                    [44.42600727081299, 33.31518035764876],\r\n                    [44.41381931304931, 33.29744444049052],\r\n                    [44.39725399017333, 33.294503049959324],\r\n                    [44.39019441604614, 33.29215345334882],\r\n                    [44.39028024673462, 33.293265484059],\r\n                    [44.390408992767334, 33.294772083701645],\r\n                    [44.388649463653564, 33.29674497246186],\r\n                    [44.38558101654053, 33.29999117413044],\r\n                    [44.38303828239441, 33.30241229561463],\r\n                    [44.382491111755364, 33.302896511846576],\r\n                    [44.3662691116333, 33.31552105279277]\r\n                ]','[\r\n                    [44.52707290649414, 33.239261832141594],\r\n                    [44.55436706542969, 33.36953127791294],\r\n                    [44.45549011230469, 33.41997983836345],\r\n                    [44.44999694824219, 33.44691195612031],\r\n                    [44.3792724609375, 33.444620186402545],\r\n                    [44.33961868286132, 33.453786901963696],\r\n                    [44.27936553955078, 33.42614058121101],\r\n                    [44.23696517944336, 33.365947169968905],\r\n                    [44.244346618652344, 33.3095855943084],\r\n                    [44.258766174316406, 33.29208170894531],\r\n                    [44.256534576416016, 33.2694075230104],\r\n                    [44.27713394165038, 33.25046001712027],\r\n                    [44.307518005371094, 33.202355099590875],\r\n                    [44.34579849243164, 33.20336054757081],\r\n                    [44.34562683105469, 33.218010050879045],\r\n                    [44.344468116760254, 33.256058571585726],\r\n                    [44.32863235473633, 33.26388159165423],\r\n                    [44.309020042419434, 33.26449161423148],\r\n                    [44.30065155029296, 33.26302037605672],\r\n                    [44.29790496826172, 33.26054433391464],\r\n                    [44.28932189941406, 33.25813999394796],\r\n                    [44.28335666656494, 33.2542642021639],\r\n                    [44.279108047485344, 33.263450984916915],\r\n                    [44.275760650634766, 33.26513751584592],\r\n                    [44.27365779876709, 33.26700342701173],\r\n                    [44.26983833312988, 33.27665529246256],\r\n                    [44.2818546295166, 33.282288044275184],\r\n                    [44.27687644958496, 33.29111315372421],\r\n                    [44.27743434906006, 33.29889716385984],\r\n                    [44.272027015686035, 33.304133941114394],\r\n                    [44.274001121520996, 33.307684727619815],\r\n                    [44.28666114807129, 33.30660874697699],\r\n                    [44.28983688354492, 33.32063132016633],\r\n                    [44.28854942321777, 33.3266915295888],\r\n                    [44.29987907409668, 33.32740868624739],\r\n                    [44.30211067199707, 33.31073326734024],\r\n                    [44.305715560913086, 33.31134296249394],\r\n                    [44.323482513427734, 33.30750539843467],\r\n                    [44.33399677276611, 33.30599901871942],\r\n                    [44.35648441314697, 33.30251989945407],\r\n                    [44.366183280944824, 33.31575415922935],\r\n                    [44.38283443450928, 33.302950313484175],\r\n                    [44.38673973083496, 33.29907651074617],\r\n                    [44.39073085784912, 33.29480795480459],\r\n                    [44.390602111816406, 33.293731815299985],\r\n                    [44.39047336578369, 33.29301438158913],\r\n                    [44.390430450439446, 33.2923686862053],\r\n                    [44.39673900604248, 33.29455685677414],\r\n                    [44.41347599029541, 33.29760585539294],\r\n                    [44.42570686340332, 33.31528794573283],\r\n                    [44.426350593566895, 33.315431396305016],\r\n                    [44.43171501159668, 33.304994751119324],\r\n                    [44.43699359893799, 33.29290676602368],\r\n                    [44.41004276275635, 33.283184945730184],\r\n                    [44.39905643463135, 33.276942320451504],\r\n                    [44.38502311706543, 33.265639880465955],\r\n                    [44.38751220703125, 33.2543718653684],\r\n                    [44.42738056182861, 33.26380982401209],\r\n                    [44.4367790222168, 33.25250568437855],\r\n                    [44.4246768951416, 33.24988578612424],\r\n                    [44.43144679069519, 33.23151737645675],\r\n                    [44.37507748603821, 33.22124571650285],\r\n                    [44.34563219547272, 33.21793375773518],\r\n                    [44.34578776359558, 33.2030283919261],\r\n                    [44.48690414428711, 33.204940513923354],\r\n                    [44.52707290649414, 33.239261832141594]\r\n                ]','prices5'),(2,'pmust','[\r\n                    [44.41880822181703, 33.334588891866346],\r\n                    [44.46017861366274, 33.359396831236836],\r\n                    [44.40507531166079, 33.40211300346573],\r\n                    [44.393370151519775, 33.39063867732697],\r\n                    [44.38656806945801, 33.395063772569685],\r\n                    [44.38137531280517, 33.398915392716894],\r\n                    [44.363694190979004, 33.41417687846613],\r\n                    [44.34562683105469, 33.40862430075039],\r\n                    [44.33927536010742, 33.40346545887449],\r\n                    [44.33575630187988, 33.39767930996874],\r\n                    [44.332237243652344, 33.39191069133916],\r\n                    [44.33225870132446, 33.38832750564251],\r\n                    [44.33335304260254, 33.38741376965592],\r\n                    [44.334726333618164, 33.386661273985105],\r\n                    [44.34189319610596, 33.39028036016046],\r\n                    [44.34730052947998, 33.39352307671388],\r\n                    [44.35327649116518, 33.394266555449484],\r\n                    [44.36885476112367, 33.39331705136058],\r\n                    [44.383960962295546, 33.372945003426786],\r\n                    [44.36979889869692, 33.3682858171421],\r\n                    [44.37889695167543, 33.35366151973407],\r\n                    [44.39460396766665, 33.359396831236836],\r\n                    [44.41880822181703, 33.334588891866346]\r\n                ]','[\r\n                    [44.44565176963812, 33.448093626221294],\r\n                    [44.38007712364202, 33.447234231380705],\r\n                    [44.33922171592717, 33.455254918741986],\r\n                    [44.27948355674747, 33.42746580015009],\r\n                    [44.236911535263104, 33.36756003681569],\r\n                    [44.244464635849035, 33.31048221515535],\r\n                    [44.25888419151311, 33.2932654840589],\r\n                    [44.25716757774359, 33.27059160566831],\r\n                    [44.27708029747014, 33.251931466824786],\r\n                    [44.307292699813885, 33.20339645621364],\r\n                    [44.487193822860775, 33.205981839792365],\r\n                    [44.527362585067806, 33.23929772605177],\r\n                    [44.542243480682416, 33.2765229901811],\r\n                    [44.44397807121282, 33.34953903116269],\r\n                    [44.418529272079525, 33.33418552521713],\r\n                    [44.39428210258489, 33.358921890105826],\r\n                    [44.38626766204834, 33.35626934103593],\r\n                    [44.3787145614624, 33.353329935481966],\r\n                    [44.374122619628906, 33.3607141072248],\r\n                    [44.369401931762695, 33.368276856928084],\r\n                    [44.38383221626282, 33.37298084235412],\r\n                    [44.36876893043518, 33.393218517323334],\r\n                    [44.353265762329094, 33.39397095623192],\r\n                    [44.34715032577519, 33.39309311020526],\r\n                    [44.34172153472905, 33.389814545635794],\r\n                    [44.33481216430665, 33.38633877384657],\r\n                    [44.331851005554206, 33.3879154298179],\r\n                    [44.331851005554206, 33.39164195753536],\r\n                    [44.33876037597657, 33.40328632691731],\r\n                    [44.34519767761231, 33.408660124970076],\r\n                    [44.35442447662355, 33.41156183769889],\r\n                    [44.36373710632324, 33.41437389889592],\r\n                    [44.36611890792847, 33.41229620641322],\r\n                    [44.36877965927124, 33.41005725801403],\r\n                    [44.37742710113525, 33.402641448813434],\r\n                    [44.39332723617554, 33.39087158269316],\r\n                    [44.39892768859863, 33.39633572182215],\r\n                    [44.40321922302246, 33.40052764813853],\r\n                    [44.404774904251134, 33.40201447940132],\r\n                    [44.46024298667913, 33.35910111347862],\r\n                    [44.44397807121282, 33.34953903116269],\r\n                    [44.54221129417424, 33.2765476567234],\r\n                    [44.55585837364201, 33.371860868896],\r\n                    [44.50762152671819, 33.40224735428251],\r\n                    [44.458011388778736, 33.42130515134769],\r\n                    [44.44565176963812, 33.448093626221294]\r\n                ]','prices4'),(3,'techno','[\r\n                    [44.42750930786133, 33.362004480696235],\r\n                    [44.394893646240234, 33.331603934433446],\r\n                    [44.4151496887207, 33.31044635049852],\r\n                    [44.41360473632812, 33.2984667298282],\r\n                    [44.391889572143555, 33.29466447030428],\r\n                    [44.374465942382805, 33.285552721287324],\r\n                    [44.366140365600586, 33.273426162562245],\r\n                    [44.37060356140137, 33.26431219626866],\r\n                    [44.37875747680663, 33.26237445878612],\r\n                    [44.37952995300293, 33.25634566727347],\r\n                    [44.37995910644531, 33.249526889835614],\r\n                    [44.38596725463867, 33.24091293675843],\r\n                    [44.39343452453613, 33.24249222503867],\r\n                    [44.401931762695305, 33.22253366660924],\r\n                    [44.41128730773926, 33.210757416993786],\r\n                    [44.48784828186035, 33.21133190496362],\r\n                    [44.502568244934075, 33.22149253767833],\r\n                    [44.50982093811035, 33.22655446200944],\r\n                    [44.51668739318848, 33.23201096014516],\r\n                    [44.52625751495361, 33.2406796303892],\r\n                    [44.53187942504883, 33.2575658134216],\r\n                    [44.54286575317383, 33.27600947603709],\r\n                    [44.42750930786133, 33.362004480696235]\r\n                ]','[\r\n                    [44.55574035644531, 33.37153831386554],\r\n                    [44.506988525390625, 33.40178160389602],\r\n                    [44.45823669433594, 33.42098277978099],\r\n                    [44.44622039794922, 33.44791458633172],\r\n                    [44.380130767822266, 33.44676872228684],\r\n                    [44.339790344238274, 33.45450301081396],\r\n                    [44.28056716918945, 33.42714345145944],\r\n                    [44.23919677734375, 33.36781092452689],\r\n                    [44.24640655517578, 33.31173746885087],\r\n                    [44.260826110839844, 33.29437750059564],\r\n                    [44.258079528808594, 33.27112981975059],\r\n                    [44.278507232666016, 33.252613349749794],\r\n                    [44.309234619140625, 33.204940513923354],\r\n                    [44.48810577392578, 33.20709496754046],\r\n                    [44.526472091674805, 33.24026685605683],\r\n                    [44.54338073730469, 33.27600947603709],\r\n                    [44.42746639251709, 33.36225538442702],\r\n                    [44.394636154174805, 33.33178321404308],\r\n                    [44.41489219665527, 33.31033875643944],\r\n                    [44.41317558288574, 33.29864607759951],\r\n                    [44.39146041870117, 33.29495143906896],\r\n                    [44.374122619628906, 33.28566034592271],\r\n                    [44.36583995819092, 33.27360556180104],\r\n                    [44.3703031539917, 33.26431219626866],\r\n                    [44.37854290008545, 33.26223092096623],\r\n                    [44.37970161437988, 33.24949100012571],\r\n                    [44.38570976257324, 33.240841150249594],\r\n                    [44.393348693847656, 33.24227686922596],\r\n                    [44.401845932006836, 33.222390063355405],\r\n                    [44.41098690032958, 33.210613794412104],\r\n                    [44.48780536651611, 33.211116472416855],\r\n                    [44.50827598571777, 33.225046685392485],\r\n                    [44.51782464981079, 33.23238787672221],\r\n                    [44.52634334564209, 33.24058989700446],\r\n                    [44.54226493835449, 33.27593771836159],\r\n                    [44.55574035644531, 33.37153831386554]\r\n                ]','prices3'),(4,'bab','[\r\n                    [44.44398880004883, 33.34924327991255],\r\n                    [44.363651275634766, 33.41331714772368],\r\n                    [44.34425354003906, 33.415609744124076],\r\n                    [44.33180809020996, 33.39139113856892],\r\n                    [44.3327522277832, 33.38601627251174],\r\n                    [44.35189247131348, 33.39318268673664],\r\n                    [44.362964630126946, 33.38544293385149],\r\n                    [44.34983253479004, 33.36458517023618],\r\n                    [44.35103416442871, 33.36064241924869],\r\n                    [44.35412406921387, 33.35920864732515],\r\n                    [44.34562683105469, 33.35046212708795],\r\n                    [44.36382293701172, 33.33368355522304],\r\n                    [44.375925064086914, 33.32744454392539],\r\n                    [44.388456344604485, 33.31338720336609],\r\n                    [44.4081974029541, 33.32758797448978],\r\n                    [44.41901206970215, 33.334544073442025],\r\n                    [44.44398880004883, 33.34924327991255]\r\n                ]',' [\r\n                    [44.34528350830078, 33.20652045176062],\r\n                    [44.48844909667969, 33.207382224016364],\r\n                    [44.50904846191406, 33.22432868739248],\r\n                    [44.526214599609375, 33.240410429958715],\r\n                    [44.53445434570312, 33.26366628855092],\r\n                    [44.531707763671875, 33.28433296614376],\r\n                    [44.555397033691406, 33.370964879747056],\r\n                    [44.505958557128906, 33.40106505996477],\r\n                    [44.45789337158203, 33.42083950314491],\r\n                    [44.445533752441406, 33.44777135415394],\r\n                    [44.380645751953125, 33.446052549571775],\r\n                    [44.33944702148437, 33.453786901963696],\r\n                    [44.34425354003906, 33.415967956844625],\r\n                    [44.36356544494629, 33.41374701415875],\r\n                    [44.36622619628906, 33.41188424424052],\r\n                    [44.44411754608154, 33.34938667458356],\r\n                    [44.44403171539306, 33.34895648986196],\r\n                    [44.414849281311035, 33.331711502243486],\r\n                    [44.38849925994873, 33.31320788590923],\r\n                    [44.38811302185058, 33.31335133990423],\r\n                    [44.37562465667724, 33.32740868624739],\r\n                    [44.36356544494629, 33.33354013469343],\r\n                    [44.34511184692383, 33.35056967160771],\r\n                    [44.353694915771484, 33.359172802724416],\r\n                    [44.350948333740234, 33.360534887173806],\r\n                    [44.349489212036126, 33.36469269730602],\r\n                    [44.36262130737305, 33.38544293385149],\r\n                    [44.35184955596924, 33.393075194887906],\r\n                    [44.33283805847168, 33.38587293820116],\r\n                    [44.332451820373535, 33.38605210605246],\r\n                    [44.33137893676758, 33.39139113856892],\r\n                    [44.34425354003906, 33.415959001544614],\r\n                    [44.34185028076172, 33.43487725129886],\r\n                    [44.33944702148437, 33.453800329059035],\r\n                    [44.28125381469726, 33.426570384164755],\r\n                    [44.24142837524414, 33.368384379435525],\r\n                    [44.24726486206055, 33.312741658795304],\r\n                    [44.261856079101555, 33.29466447030428],\r\n                    [44.25910949707031, 33.270986296319684],\r\n                    [44.27936553955078, 33.252756903371775],\r\n                    [44.30992126464844, 33.205945932210035],\r\n                    [44.34528350830078, 33.20652045176062]\r\n                ]','prices2'),(5,'dijla','[\r\n                    [44.440813064575195, 33.3174038177346],\r\n                    [44.42738056182861, 33.30825857853394],\r\n                    [44.42094326019287, 33.31507276943192],\r\n                    [44.4182825088501, 33.314534826355995],\r\n                    [44.41815376281738, 33.305783819493],\r\n                    [44.41377639770507, 33.29896890265862],\r\n                    [44.397125244140625, 33.29473621258394],\r\n                    [44.389915466308594, 33.293301355781416],\r\n                    [44.378929138183594, 33.288350918671775],\r\n                    [44.36897277832031, 33.27730110411063],\r\n                    [44.361934661865234, 33.27988430292808],\r\n                    [44.35635566711426, 33.283543703731546],\r\n                    [44.36159133911133, 33.29200996448282],\r\n                    [44.359703063964844, 33.2952384068897],\r\n                    [44.355154037475586, 33.29129251661336],\r\n                    [44.349918365478516, 33.29200996448282],\r\n                    [44.34588432312012, 33.284619968887675],\r\n                    [44.33910369873047, 33.28670071055548],\r\n                    [44.33112144470215, 33.268833416548325],\r\n                    [44.32863235473633, 33.264096894226824],\r\n                    [44.34288024902344, 33.257350494751336],\r\n                    [44.34459686279297, 33.25455130374775],\r\n                    [44.34511184692383, 33.235385203101075],\r\n                    [44.345970153808594, 33.20680771012187],\r\n                    [44.37309265136719, 33.203647816301306],\r\n                    [44.49686050415039, 33.207597665754655],\r\n                    [44.51763153076172, 33.23165199046623],\r\n                    [44.528446197509766, 33.24220508383714],\r\n                    [44.53213691711426, 33.25785290415648],\r\n                    [44.54286575317383, 33.27593771836159],\r\n                    [44.5081901550293, 33.29997323964646],\r\n                    [44.49831962585449, 33.29638626873316],\r\n                    [44.488277435302734, 33.294592727965615],\r\n                    [44.46982383728027, 33.301623196735775],\r\n                    [44.46235656738281, 33.30721847097133],\r\n                    [44.440813064575195, 33.3174038177346]\r\n                ]',' [\r\n                    [44.53102111816406, 33.284619968887675],\r\n                    [44.53685760498047, 33.312885113557456],\r\n                    [44.55574035644531, 33.37067816127025],\r\n                    [44.50664520263672, 33.39991857738394],\r\n                    [44.45840835571289, 33.42069622627243],\r\n                    [44.445533752441406, 33.448057818272964],\r\n                    [44.37978744506836, 33.44633901936737],\r\n                    [44.33910369873047, 33.45335723381494],\r\n                    [44.28159713745117, 33.425424238225716],\r\n                    [44.2422866821289, 33.36781092452689],\r\n                    [44.248294830322266, 33.3125982037971],\r\n                    [44.26237106323242, 33.29437750059564],\r\n                    [44.26013946533203, 33.271560388627904],\r\n                    [44.280738830566406, 33.25318756282271],\r\n                    [44.31060791015625, 33.20680771012187],\r\n                    [44.34511184692383, 33.20680771012187],\r\n                    [44.344167709350586, 33.25455130374775],\r\n                    [44.34249401092529, 33.25717106212071],\r\n                    [44.32807445526123, 33.264168661633065],\r\n                    [44.338803291320794, 33.287167076882106],\r\n                    [44.345669746398926, 33.28494284584647],\r\n                    [44.34953212738037, 33.29222519769329],\r\n                    [44.3550682067871, 33.29157949646906],\r\n                    [44.35953140258789, 33.29541776129832],\r\n                    [44.36172008514404, 33.29229694197881],\r\n                    [44.357171058654785, 33.28343607648599],\r\n                    [44.36888694763183, 33.27762400814312],\r\n                    [44.37824249267578, 33.28831504491411],\r\n                    [44.389400482177734, 33.293552457425356],\r\n                    [44.41343307495117, 33.2992199879897],\r\n                    [44.417853355407715, 33.305927285702936],\r\n                    [44.41793918609619, 33.31449896336623],\r\n                    [44.421072006225586, 33.315431396305016],\r\n                    [44.427423477172844, 33.3085455025748],\r\n                    [44.44064140319824, 33.317834158297195],\r\n                    [44.462571144104004, 33.30736193482101],\r\n                    [44.46986675262451, 33.301838406228946],\r\n                    [44.48844909667969, 33.295094923097324],\r\n                    [44.49814796447754, 33.296852583292846],\r\n                    [44.50784683227539, 33.30083409071759],\r\n                    [44.54329490661621, 33.27593771836159],\r\n                    [44.53102111816406, 33.284619968887675]\r\n                ]','prices1'),(6,'jadrya',' [\r\n                    [44.32365417480469, 33.307290202925685],\r\n                    [44.322967529296875, 33.290359825563534],\r\n                    [44.30837631225585, 33.291077281102126],\r\n                    [44.31129455566406, 33.28261092986074],\r\n                    [44.31730270385742, 33.276870563542744],\r\n                    [44.32262420654297, 33.26424042898036],\r\n                    [44.329833984375, 33.26380982401209],\r\n                    [44.344940185546875, 33.256202119547524],\r\n                    [44.34528350830078, 33.21470694562919],\r\n                    [44.38047409057617, 33.20091872530325],\r\n                    [44.40776824951172, 33.21614309366732],\r\n                    [44.41051483154297, 33.23394937094902],\r\n                    [44.41772460937499, 33.24098472320831],\r\n                    [44.41617965698242, 33.247732386284305],\r\n                    [44.43746566772461, 33.2536182201511],\r\n                    [44.442100524902344, 33.26912047025117],\r\n                    [44.44742202758789, 33.27701407730129],\r\n                    [44.44467544555663, 33.2833284491077],\r\n                    [44.450340270996094, 33.290933790466376],\r\n                    [44.46802139282226, 33.30341659295311],\r\n                    [44.4342041015625, 33.321491967297064],\r\n                    [44.419097900390625, 33.31345893024555],\r\n                    [44.41051483154297, 33.31575415922935],\r\n                    [44.400386810302734, 33.312885113557456],\r\n                    [44.39352035522461, 33.30800751922369],\r\n                    [44.380130767822266, 33.321778847785346],\r\n                    [44.3653678894043, 33.31532380839799],\r\n                    [44.35575485229492, 33.30241229561463],\r\n                    [44.32365417480469, 33.307290202925685]\r\n                ]','[\r\n                    [44.37910079956055, 33.19100710048419],\r\n                    [44.40776824951172, 33.21578405886748],\r\n                    [44.37995910644531, 33.20055962804929],\r\n                    [44.344682693481445, 33.21362981913285],\r\n                    [44.344425201416016, 33.256130345596105],\r\n                    [44.32940483093262, 33.263450984916915],\r\n                    [44.32210922241211, 33.26395335923739],\r\n                    [44.31687355041504, 33.276583535317876],\r\n                    [44.31069374084473, 33.28232392051035],\r\n                    [44.30760383605957, 33.29157949646906],\r\n                    [44.32210922241211, 33.290933790466376],\r\n                    [44.32305335998535, 33.30807925052896],\r\n                    [44.355239868164055, 33.302914445729456],\r\n                    [44.364767074584954, 33.31611278329923],\r\n                    [44.380130767822266, 33.32271120285048],\r\n                    [44.39343452453613, 33.3087248296209],\r\n                    [44.400386810302734, 33.31396101674947],\r\n                    [44.41017150878906, 33.316830027012855],\r\n                    [44.418840408325195, 33.314391374308435],\r\n                    [44.43446159362793, 33.32249604487461],\r\n                    [44.46913719177246, 33.303703532925674],\r\n                    [44.451026916503906, 33.29057506284455],\r\n                    [44.44561958312988, 33.283543703731546],\r\n                    [44.44785118103027, 33.276224748709744],\r\n                    [44.442873001098626, 33.26861812565201],\r\n                    [44.43737983703613, 33.252972233362556],\r\n                    [44.41678047180176, 33.247301699949205],\r\n                    [44.41841125488281, 33.24055400362481],\r\n                    [44.41128730773926, 33.2335186167059],\r\n                    [44.40793991088867, 33.216286707174746],\r\n                    [44.519691467285156, 33.2335186167059],\r\n                    [44.537200927734375, 33.31159401220036],\r\n                    [44.555912017822266, 33.37039144184844],\r\n                    [44.50630187988281, 33.39977526599774],\r\n                    [44.46046829223632, 33.420266394236336],\r\n                    [44.44570541381836, 33.448057818272964],\r\n                    [44.38047409057617, 33.44662548821687],\r\n                    [44.33910369873047, 33.45393012420684],\r\n                    [44.2833137512207, 33.42528096891931],\r\n                    [44.24314498901367, 33.368384379435525],\r\n                    [44.24846649169922, 33.313172022373614],\r\n                    [44.262542724609375, 33.29495143906896],\r\n                    [44.260311126708984, 33.271990955382115],\r\n                    [44.28056716918945, 33.253761772122225],\r\n                    [44.310951232910156, 33.20709496754046],\r\n                    [44.37910079956055, 33.19100710048419]\r\n                ]','prices0');
/*!40000 ALTER TABLE `polygon_details` ENABLE KEYS */;
UNLOCK TABLES;

--
-- Table structure for table `polygons_map_universities`
--

DROP TABLE IF EXISTS `polygons_map_universities`;
/*!40101 SET @saved_cs_client     = @@character_set_client */;
/*!40101 SET character_set_client = utf8 */;
CREATE TABLE `polygons_map_universities` (
  `id` int(11) NOT NULL AUTO_INCREMENT,
  `polygon_path` polygon NOT NULL,
  `university_id` int(11) NOT NULL,
  `fillColor` varchar(30) NOT NULL,
  `fillColorName` varchar(30) NOT NULL,
  `create_date` timestamp NOT NULL DEFAULT CURRENT_TIMESTAMP ON UPDATE CURRENT_TIMESTAMP,
  PRIMARY KEY (`id`)
) ENGINE=InnoDB AUTO_INCREMENT=4 DEFAULT CHARSET=latin1;
/*!40101 SET character_set_client = @saved_cs_client */;

--
-- Dumping data for table `polygons_map_universities`
--

LOCK TABLES `polygons_map_universities` WRITE;
/*!40000 ALTER TABLE `polygons_map_universities` DISABLE KEYS */;
INSERT INTO `polygons_map_universities` VALUES (1,_binary '\0\0\0\0\0\0\0\0\0\0\0\0\04-2\Z<@bodUS@m<@ur\US@ \>\0<@d\\1ZS@\S4<@e\0\\YS@P>\<@\WS@>\\Z-<@;M\rUS@4-2\Z<@bodUS@',18,'#32cd32','green','2020-03-17 08:37:45'),(3,_binary '\0\0\0\0\0\0\0\0\0\0\0\0\05\"@@k\\E@\\@@(\\E@XƆn@@\d`\E@p\\H@@]/M\E@p]1@@E*-\E@5\"@@k\\E@5\"@@k\\E@',24,'#32cd32','green','2020-03-19 09:02:38');
/*!40000 ALTER TABLE `polygons_map_universities` ENABLE KEYS */;
UNLOCK TABLES;

--
-- Table structure for table `regionsDetails`
--

DROP TABLE IF EXISTS `regionsDetails`;
/*!40101 SET @saved_cs_client     = @@character_set_client */;
/*!40101 SET character_set_client = utf8 */;
CREATE TABLE `regionsDetails` (
  `id` int(11) NOT NULL AUTO_INCREMENT,
  `name_en` varchar(200) CHARACTER SET utf8 NOT NULL,
  `name_ar` varchar(200) CHARACTER SET utf8 NOT NULL,
  PRIMARY KEY (`id`)
) ENGINE=InnoDB AUTO_INCREMENT=114 DEFAULT CHARSET=latin1;
/*!40101 SET character_set_client = @saved_cs_client */;

--
-- Dumping data for table `regionsDetails`
--

LOCK TABLES `regionsDetails` WRITE;
/*!40000 ALTER TABLE `regionsDetails` DISABLE KEYS */;
INSERT INTO `regionsDetails` VALUES (1,'Rashidiya','راشدية'),(2,'Orchards','بساتين'),(3,'Seven generations','سبع ابكار'),(4,'Cranes','الكريعات'),(5,'Screaming','الصليخ'),(6,'Tunis neighborhood','حي تونس'),(7,'Shamasiyah neighborhood','حي الشماسية'),(8,'Morocco','حي المغرب'),(9,'Adhamiya','الاعظمية'),(10,'Ministerial','الوزيرية'),(11,'Cairo district','حي القاهرة'),(12,'The student','الطالبية'),(13,'Banks','البنوك'),(14,'Sumer district','حي سومر'),(15,'The people','الشعب'),(16,'Ur neighborhood','حي اور'),(17,'ASSADAR city','مدينة الصدر'),(18,'Beautiful','جميلة'),(19,'Gwadar','جوادر'),(20,'Palestine Street / Mustansiriya','شارع فلسطين / مستنصرية'),(21,'Palestine Street / July 14\r\n','شارع فلسطين / 14 تموز'),(22,'Palestine Street / Kilani','شارع فلسطين / الكيلاني'),(23,'Palestine / Nile Street','شارع فلسطين / النيل'),(24,'Palestine Street / Mohandessin','شارع فلسطين / المهندسين'),(25,'Zionism','زيونة'),(26,'Granular','حبيبية'),(27,'Municipalities','البلديات'),(28,'Al Ameen Neighborhood','حي الامين'),(29,'Arboretum','المشتل'),(30,'Teachers\' neighborhood','حي المعلمين'),(31,'New Baghdad','بغداد الجديدة'),(32,'The Bourne','الغدير'),(33,'El-Nasr Neighborhood','حي النصر'),(34,'Obeidi','العبيدي'),(35,'Cerebral','الشماعية'),(36,'Virtue','الفضيلية'),(37,'Perfectionism','الكمالية'),(38,'Saffron','الزعفرانية'),(39,'Ptauen','البتاوين'),(40,'Karrada - Industry Street','الكرادة-شارع الصناعة'),(41,'Karrada-Camp Sara','الكرادة-كمب سارة'),(42,'Karrada-swimming pool','الكرادة-المسبح'),(43,'Karada-Arsat Indian','الكرادة-عرصات الهندية'),(44,'Karada-Karada inside','الكرادة-كرادة داخل'),(45,'Karrada-Karrada is out','الكرادة-كرادة خارج'),(46,'Jadriyah','الجادرية'),(47,'Kadhimiya','الكاظمية'),(48,'Freedom','الحرية'),(49,'Al - Dolai','الدولعي'),(50,'Jukes','جكوك'),(51,'Osteopathic','عطيفية'),(52,'Chalgea','شالجية'),(53,'Jeafer','الجعيفر'),(54,'Thorns','الشواكة'),(55,'Validity','الصالحية'),(56,'Mary\'s will','كرادة مريم'),(57,'Harthy','الحارثية'),(58,'Mansour','المنصور'),(59,'Yarmouk','اليرموك'),(60,'Qadisiyah','القادسية'),(61,'University neighborhood','حي الجامعة'),(62,'The chaos','الوشواش'),(63,'Ali the good','علي الصالح'),(64,'Housing','الاسكان'),(65,'Topji neighborhood peace','الطوبجي حي السلام'),(66,'District of Justice','حي العدل'),(67,'Hitteen district','حي حطين'),(68,'Green','الخضراء'),(69,'Amreya','العامرية'),(70,'Ghazalism','الغزالية'),(71,'Khatib district','حي الخطيب'),(72,'Al-Jawadeen Dist','حي الجوادين'),(73,'the flame','الشعلة'),(74,'Working district','حي العامل'),(75,'Bayaa','البياع'),(76,'Al Hussein District','حي الحسين'),(77,'Jihad neighborhood','حي الجهاد'),(78,'Education district','حي التعليم'),(79,'Feeder','المعالف'),(80,'Heritage','التراث'),(81,'Irrigation','الري'),(82,'Police district','حي الشرطة'),(83,'The message district','حي الرسالة'),(84,'Transportation','المواصلات'),(85,'The Saydiya','السيدية'),(86,'Dora-Refineries Street','الدورة-شارع المصافي'),(87,'Course-Mechanics','الدورة-الميكانيك'),(88,'Dora-Asia neighborhood','الدورة-حي اسيا'),(89,'Course-Graft','الدورة-الطعمة'),(90,'Dora-Health District','الدورة-حي الصحة'),(91,'The course - Mahdia','الدورة- المهدية'),(92,'ابو غريب Free Membership','ابو غريب'),(93,'Mahmudiyah','المحمودية'),(94,'Seven fallow','سبع البور'),(95,'As dribbles','كريعات'),(96,'Screaming','صليخ'),(97,'Tunisia','تونس'),(98,'Deaconess','شماسية'),(99,'Compelling','قاهرة'),(100,'Ministerial','وزيرية'),(101,'Adhamiya','اعظمية'),(102,'Otopic','العطيفية'),(103,'Student','طالبية'),(104,'Banks','بنوك'),(105,'Sumer','سومر'),(106,'freedom','حرية'),(107,'Dolly','دولعي'),(108,'Thorns','شواكة'),(109,'Jeafer','جعيفر'),(110,'Topji','طوبجي'),(112,'And gauze','وشاش'),(113,'housing','اسكان');
/*!40000 ALTER TABLE `regionsDetails` ENABLE KEYS */;
UNLOCK TABLES;

--
-- Table structure for table `regionsMaping`
--

DROP TABLE IF EXISTS `regionsMaping`;
/*!40101 SET @saved_cs_client     = @@character_set_client */;
/*!40101 SET character_set_client = utf8 */;
CREATE TABLE `regionsMaping` (
  `id` int(11) NOT NULL AUTO_INCREMENT,
  `region_id` int(11) NOT NULL,
  `universitie_id` int(11) NOT NULL,
  `area_id` int(11) NOT NULL,
  PRIMARY KEY (`id`)
) ENGINE=InnoDB AUTO_INCREMENT=847 DEFAULT CHARSET=latin1;
/*!40101 SET character_set_client = @saved_cs_client */;

--
-- Dumping data for table `regionsMaping`
--

LOCK TABLES `regionsMaping` WRITE;
/*!40000 ALTER TABLE `regionsMaping` DISABLE KEYS */;
INSERT INTO `regionsMaping` VALUES (1,3,1,1),(2,8,1,1),(3,47,1,1),(4,95,1,1),(5,96,1,1),(6,97,1,1),(7,98,1,1),(9,99,1,1),(10,100,1,1),(11,101,1,2),(12,102,1,1),(13,50,1,4),(14,2,1,3),(16,15,1,3),(17,16,1,3),(18,78,1,2),(19,79,1,2),(20,80,1,2),(21,81,1,1),(22,51,1,1),(23,52,1,1),(24,103,1,4),(25,104,1,4),(26,104,1,4),(27,108,1,4),(28,109,1,4),(29,110,1,4),(30,63,1,4),(31,112,1,3),(32,113,1,3),(33,50,1,3),(34,103,1,3),(35,3,2,1),(36,95,2,1),(37,96,2,1),(38,97,2,1),(39,98,2,1),(40,99,2,1),(41,100,2,1),(42,1,2,4),(43,2,2,4),(44,16,2,4),(45,17,2,4),(46,18,2,4),(47,19,2,4),(48,20,2,4),(49,21,2,4),(50,22,2,4),(51,23,2,4),(52,24,2,4),(53,47,2,4),(54,102,2,4),(55,103,2,4),(56,104,2,4),(57,105,2,4),(58,1,2,3),(59,25,2,3),(60,26,2,3),(61,27,2,3),(62,28,2,3),(63,29,2,3),(64,30,2,3),(65,31,2,3),(66,32,2,3),(67,33,2,3),(68,34,2,3),(69,35,2,3),(70,36,2,3),(71,37,2,3),(72,38,2,3),(73,39,2,3),(74,1,2,3),(75,25,2,3),(76,26,2,3),(77,27,2,3),(78,28,2,3),(79,29,2,3),(80,30,2,3),(81,31,2,3),(82,32,2,3),(83,33,2,3),(84,34,2,3),(85,35,2,3),(86,36,2,3),(87,37,2,3),(88,38,2,3),(89,39,2,3),(90,40,2,3),(91,41,2,3),(92,42,2,3),(93,43,2,3),(94,44,2,3),(95,45,2,3),(96,46,2,3),(97,47,2,3),(98,48,2,3),(99,49,2,3),(100,50,2,3),(101,51,2,3),(102,52,2,3),(103,53,2,3),(104,54,2,3),(105,55,2,3),(106,56,2,3),(107,57,2,3),(108,58,2,3),(109,59,2,3),(110,60,2,3),(111,61,2,3),(112,62,2,3),(113,63,2,3),(114,64,2,3),(115,67,2,3),(116,68,2,3),(117,69,2,3),(118,70,2,3),(119,71,2,3),(120,74,2,2),(121,75,2,2),(122,76,2,2),(123,77,2,2),(124,78,2,2),(125,79,2,2),(126,80,2,2),(127,81,2,2),(128,82,2,2),(129,83,2,2),(130,84,2,2),(131,85,2,2),(132,86,2,2),(133,37,2,2),(134,88,2,2),(135,89,2,2),(136,90,2,2),(137,91,2,2),(138,40,3,1),(139,46,3,1),(140,39,3,4),(141,40,3,4),(142,56,3,4),(143,59,3,4),(144,60,3,4),(145,75,3,4),(146,85,3,4),(147,86,3,4),(148,17,3,3),(149,18,3,3),(150,19,3,3),(151,20,3,3),(152,21,3,3),(153,22,3,3),(154,23,3,3),(155,24,3,3),(156,25,3,3),(157,26,3,3),(158,27,3,3),(159,28,3,3),(160,29,3,3),(161,30,3,3),(162,31,3,3),(163,32,3,3),(164,38,3,3),(165,47,3,3),(166,48,3,3),(167,49,3,3),(168,50,3,3),(169,51,3,3),(170,52,3,3),(171,53,3,3),(172,54,3,3),(173,55,3,3),(174,56,3,3),(175,57,3,3),(176,58,3,3),(177,61,3,3),(178,62,3,3),(179,63,3,3),(180,64,3,3),(181,67,3,3),(182,68,3,3),(183,69,3,3),(184,70,3,3),(185,71,3,3),(186,72,3,3),(187,73,3,3),(188,74,3,3),(189,77,3,3),(190,78,3,3),(191,79,3,3),(192,80,3,3),(193,81,3,3),(194,82,3,3),(195,83,3,3),(196,84,3,3),(197,87,3,3),(198,88,3,3),(199,89,3,3),(200,90,3,3),(201,1,3,2),(202,2,3,2),(203,3,3,2),(204,4,3,2),(205,5,3,2),(206,6,3,2),(207,7,3,2),(208,8,3,2),(209,9,3,2),(210,10,3,2),(211,11,3,2),(212,12,3,2),(213,13,3,2),(214,14,3,2),(215,33,3,2),(216,34,3,2),(217,35,3,2),(218,36,3,2),(219,37,3,2),(220,92,3,5),(221,1,4,1),(222,2,4,1),(223,3,4,1),(224,4,4,1),(225,5,4,1),(226,1,4,3),(227,2,4,3),(228,3,4,3),(229,4,4,3),(230,5,4,3),(231,6,4,3),(232,7,4,3),(233,11,4,3),(234,12,4,3),(235,13,4,3),(236,14,4,3),(237,15,4,3),(238,16,4,3),(239,17,4,3),(240,18,4,3),(241,19,4,3),(242,20,4,3),(243,21,4,3),(244,22,4,3),(245,23,4,3),(246,24,4,3),(247,25,4,3),(248,26,4,3),(249,39,4,3),(250,40,4,3),(251,41,4,3),(252,42,4,3),(253,43,4,3),(254,44,4,3),(255,45,4,3),(256,46,4,3),(257,47,4,3),(258,48,4,3),(259,49,4,3),(260,50,4,3),(261,56,4,3),(262,57,4,3),(263,58,4,3),(264,59,4,3),(265,60,4,3),(266,61,4,3),(267,62,4,3),(268,63,4,3),(269,64,4,3),(270,65,4,3),(271,27,4,2),(272,28,4,2),(273,29,4,2),(274,30,4,2),(275,31,4,2),(276,32,4,2),(277,33,4,2),(278,34,4,2),(279,35,4,2),(280,36,4,2),(281,37,4,2),(282,74,4,2),(283,75,4,2),(284,76,4,2),(285,77,4,2),(286,78,4,2),(287,79,4,2),(288,80,4,2),(289,81,4,2),(290,82,4,2),(291,83,4,2),(292,84,4,2),(293,85,4,2),(294,86,4,2),(295,87,4,2),(296,88,4,2),(297,89,4,2),(298,90,4,2),(299,91,4,2),(300,92,4,5),(301,51,4,5),(302,52,4,5),(303,100,4,5),(304,109,4,5),(305,1,5,3),(306,2,5,3),(307,3,5,3),(308,4,5,3),(309,5,5,3),(310,6,5,3),(311,7,5,3),(312,11,5,3),(313,12,5,3),(314,13,5,3),(315,14,5,3),(316,15,5,3),(317,16,5,3),(318,17,5,3),(319,18,5,3),(320,19,5,3),(321,20,5,3),(322,21,5,3),(323,22,5,3),(324,23,5,3),(325,24,5,3),(326,25,5,3),(327,26,5,3),(328,39,5,3),(329,40,5,3),(330,41,5,3),(331,42,5,3),(332,23,5,3),(333,44,5,3),(334,45,5,3),(335,46,5,3),(336,47,5,3),(337,48,5,3),(338,50,5,3),(339,56,5,3),(340,57,5,3),(341,58,5,3),(342,59,5,3),(343,60,5,3),(344,61,5,3),(345,62,5,3),(346,63,5,3),(347,64,5,3),(348,65,5,3),(349,27,5,2),(350,28,5,2),(351,28,5,2),(352,30,5,2),(353,31,5,2),(354,32,5,2),(355,33,5,2),(356,34,5,2),(357,35,5,2),(358,36,5,2),(359,37,5,2),(360,74,5,2),(361,75,5,2),(362,76,5,2),(363,77,5,2),(364,78,5,2),(365,79,5,2),(366,80,5,2),(367,81,5,2),(368,82,5,2),(369,83,5,2),(370,84,5,2),(371,85,5,2),(372,86,5,2),(373,87,5,2),(374,88,5,2),(375,89,5,2),(376,92,5,5),(377,3,6,1),(378,8,6,1),(379,47,6,1),(380,95,6,1),(381,96,6,1),(382,97,6,1),(383,98,6,1),(384,99,6,1),(385,100,6,1),(386,101,6,1),(387,102,6,1),(388,50,6,4),(389,63,6,4),(390,103,6,4),(391,104,6,4),(392,106,6,4),(393,107,6,4),(394,110,6,4),(395,112,6,4),(396,113,6,4),(397,1,6,3),(398,2,6,3),(399,15,6,3),(400,16,6,3),(401,17,6,3),(402,18,6,3),(403,19,6,3),(404,20,6,3),(405,21,6,3),(406,22,6,3),(407,23,6,3),(408,24,6,3),(409,25,6,3),(410,26,6,3),(411,27,6,3),(412,28,6,3),(413,29,6,3),(414,30,6,3),(415,31,6,3),(416,32,6,3),(417,39,6,3),(418,40,6,3),(419,41,6,3),(420,42,6,3),(421,43,6,3),(422,44,6,3),(423,45,6,3),(424,46,6,3),(425,55,6,3),(426,56,6,3),(427,57,6,3),(428,58,6,3),(429,59,6,3),(430,50,6,3),(431,60,6,3),(432,61,6,3),(433,66,6,3),(434,67,6,3),(435,68,6,3),(436,70,6,3),(437,71,3,3),(438,72,3,3),(439,73,3,3),(440,74,3,3),(441,75,3,3),(442,76,3,3),(443,51,7,4),(444,52,7,4),(445,100,7,4),(446,109,7,4),(447,1,7,3),(448,2,7,3),(449,3,7,3),(450,5,7,3),(451,6,7,3),(452,7,7,3),(453,11,7,3),(454,12,7,3),(455,13,7,3),(456,14,7,3),(457,15,7,3),(458,16,7,3),(459,17,7,3),(460,18,7,3),(461,19,7,3),(462,20,7,3),(463,21,7,3),(464,22,7,3),(465,23,7,3),(466,24,7,3),(467,25,7,3),(468,26,7,3),(469,39,7,3),(470,40,7,3),(471,41,7,3),(472,42,7,3),(473,43,7,3),(474,44,7,3),(475,45,7,3),(476,46,7,3),(477,47,7,3),(478,48,7,3),(479,49,7,3),(480,50,7,3),(481,56,7,3),(482,57,7,3),(483,58,7,3),(484,59,7,3),(485,60,7,3),(486,61,7,3),(487,62,7,3),(488,63,7,3),(489,64,7,3),(490,65,7,3),(491,27,7,2),(492,28,7,2),(493,29,7,2),(494,30,7,2),(495,31,7,2),(496,32,7,2),(497,33,7,2),(498,34,7,2),(499,35,7,2),(500,36,7,2),(501,37,7,2),(502,74,7,2),(503,75,7,2),(504,76,7,2),(505,77,7,2),(506,78,7,2),(507,79,7,2),(508,80,7,2),(509,81,7,2),(510,82,7,2),(511,83,7,2),(512,84,7,2),(513,85,7,2),(514,86,7,2),(515,87,7,2),(516,88,7,2),(517,89,7,2),(518,91,7,2),(519,92,7,5),(520,74,9,1),(521,43,9,4),(522,61,9,4),(523,67,9,4),(524,76,9,4),(525,77,9,4),(526,78,9,4),(527,80,9,4),(528,81,9,4),(529,82,9,4),(530,86,9,4),(531,87,9,4),(532,88,9,4),(533,89,9,4),(534,90,9,4),(535,91,9,4),(536,17,9,3),(537,18,9,3),(538,19,9,3),(539,20,9,3),(540,21,9,3),(541,22,9,3),(542,23,9,3),(543,24,9,3),(544,25,9,3),(545,26,9,3),(546,27,9,3),(547,28,9,3),(548,29,9,3),(549,30,9,3),(550,31,9,3),(551,32,9,3),(552,38,9,3),(553,40,9,3),(554,41,9,3),(555,42,9,3),(556,47,9,3),(557,48,9,3),(558,49,9,3),(559,50,9,3),(560,51,9,3),(561,52,9,3),(562,53,9,3),(563,54,9,3),(564,55,9,3),(565,62,9,3),(566,63,9,3),(567,64,9,3),(568,65,9,3),(569,66,9,3),(570,70,9,3),(571,71,9,3),(572,72,9,3),(573,73,9,3),(574,1,9,2),(575,2,9,2),(576,3,9,2),(577,4,9,2),(578,5,9,2),(579,6,9,2),(580,7,9,2),(581,8,9,2),(582,9,9,2),(583,10,9,2),(584,11,9,2),(585,12,9,2),(586,13,9,2),(587,14,9,2),(588,15,9,2),(589,33,9,2),(590,34,9,2),(591,35,9,2),(592,36,9,2),(593,37,9,2),(594,43,10,1),(595,46,10,1),(596,39,10,4),(597,40,10,4),(598,56,10,4),(599,59,10,4),(600,60,10,4),(601,75,10,4),(602,85,10,4),(603,86,6,4),(604,17,10,3),(605,18,10,3),(606,19,10,3),(607,20,10,3),(608,21,10,3),(609,22,10,3),(610,23,10,3),(611,24,10,3),(612,25,10,3),(613,26,10,3),(614,27,10,3),(615,28,10,3),(616,29,10,3),(617,30,10,3),(618,31,10,3),(619,32,10,3),(620,38,10,3),(621,47,10,3),(622,48,10,3),(623,49,10,3),(624,50,10,3),(625,51,10,3),(626,52,10,3),(627,53,10,3),(628,54,10,3),(629,55,10,3),(630,56,10,3),(631,57,10,3),(632,58,10,3),(633,60,10,3),(634,61,10,3),(635,62,10,3),(636,63,10,3),(637,64,10,3),(638,65,10,3),(639,68,10,3),(640,69,10,3),(641,70,10,3),(642,71,10,3),(643,72,10,3),(644,73,10,3),(645,74,10,3),(646,76,10,3),(647,77,10,3),(648,78,10,3),(649,79,10,3),(650,80,10,3),(651,81,10,3),(652,82,10,3),(653,83,10,3),(654,84,10,3),(655,87,10,3),(656,88,10,3),(657,89,10,3),(658,90,10,3),(659,1,10,2),(660,2,10,2),(661,3,10,2),(662,4,10,2),(663,5,10,2),(664,6,10,2),(665,7,10,2),(666,8,10,2),(667,9,10,2),(668,10,10,2),(669,11,10,2),(670,12,10,2),(671,13,10,2),(672,14,10,2),(673,33,10,2),(674,34,10,2),(675,35,10,2),(676,36,10,2),(677,37,10,2),(678,92,10,5),(679,86,11,1),(680,87,11,1),(681,88,11,1),(682,89,11,1),(683,38,11,4),(684,40,11,4),(685,41,11,4),(686,42,11,4),(687,43,11,4),(688,44,11,4),(689,45,11,4),(690,46,11,4),(691,17,11,3),(692,18,11,3),(693,19,11,3),(694,20,11,3),(695,21,11,3),(696,22,11,3),(697,23,11,3),(698,24,11,3),(699,25,11,3),(700,26,11,3),(701,27,11,3),(702,28,11,3),(703,29,11,3),(704,30,11,3),(705,31,11,3),(706,32,11,3),(707,39,11,3),(708,47,11,3),(709,48,11,3),(710,49,11,3),(711,50,11,3),(712,51,11,3),(713,52,11,3),(714,53,11,3),(715,54,11,3),(716,55,11,3),(717,56,11,3),(718,57,11,3),(719,58,11,3),(720,60,11,3),(721,61,11,3),(722,62,11,3),(723,63,11,3),(724,64,11,3),(725,65,11,3),(726,68,11,3),(727,69,11,3),(728,70,11,3),(729,71,11,3),(730,72,11,3),(731,73,11,3),(732,74,11,3),(733,76,11,3),(734,77,11,3),(735,78,11,3),(736,79,11,3),(737,80,11,3),(738,81,11,3),(739,82,11,3),(740,83,11,3),(741,84,11,3),(742,1,11,2),(743,2,11,2),(744,3,11,2),(745,4,11,2),(746,5,11,2),(747,6,11,2),(748,7,11,2),(749,8,11,2),(750,9,11,2),(751,10,11,2),(752,11,11,2),(753,12,11,2),(754,13,11,2),(755,14,11,2),(756,15,11,2),(757,33,11,2),(758,34,11,2),(759,35,11,2),(760,36,11,2),(761,37,11,2),(762,25,12,1),(763,31,12,1),(764,40,12,1),(765,41,12,1),(766,42,12,1),(767,43,12,1),(768,44,12,1),(769,45,12,1),(770,18,12,4),(771,19,12,4),(772,20,12,4),(773,21,12,4),(774,22,12,4),(775,27,12,4),(776,28,12,4),(777,29,12,4),(778,30,12,4),(779,1,12,2),(780,2,12,2),(781,3,12,2),(782,4,12,2),(783,5,12,2),(784,6,12,2),(785,7,12,2),(786,8,12,2),(787,9,12,2),(788,10,12,2),(789,11,12,2),(790,12,12,2),(791,13,12,2),(792,14,12,2),(793,15,12,2),(794,16,12,2),(795,33,12,2),(796,34,12,2),(797,35,12,2),(798,36,12,2),(799,37,12,2),(800,47,12,2),(801,48,12,2),(802,49,12,2),(803,50,12,2),(804,51,12,2),(805,52,12,2),(806,53,12,2),(807,54,12,2),(808,55,12,2),(809,56,12,2),(810,57,12,2),(811,58,12,2),(812,59,12,2),(813,60,12,2),(814,61,12,2),(815,62,12,2),(816,63,12,2),(817,64,12,2),(818,65,12,2),(819,66,12,2),(820,67,12,2),(821,68,12,2),(822,69,12,2),(823,70,12,2),(824,71,12,2),(825,72,12,2),(826,73,12,2),(827,74,12,2),(828,75,12,2),(829,76,12,2),(830,77,12,2),(831,78,12,2),(832,79,12,2),(833,80,12,2),(834,81,12,2),(835,82,12,2),(836,83,12,2),(837,84,12,2),(838,85,12,2),(839,86,12,2),(840,87,12,2),(841,88,12,2),(842,89,12,2),(843,90,12,2),(844,91,12,2),(845,94,12,2),(846,92,12,2);
/*!40000 ALTER TABLE `regionsMaping` ENABLE KEYS */;
UNLOCK TABLES;

--
-- Table structure for table `rideDetails`
--

DROP TABLE IF EXISTS `rideDetails`;
/*!40101 SET @saved_cs_client     = @@character_set_client */;
/*!40101 SET character_set_client = utf8 */;
CREATE TABLE `rideDetails` (
  `ride_id` int(11) NOT NULL AUTO_INCREMENT,
  `piver_id` int(11) NOT NULL,
  `car_id` int(11) NOT NULL,
  `university_id` int(11) NOT NULL,
  `piver_socket` varchar(20) NOT NULL,
  `ride_start_time` datetime NOT NULL,
  `ride_end_time` datetime NOT NULL,
  `student_count` int(11) NOT NULL,
  `default_path` text NOT NULL,
  `follow_path` text NOT NULL,
  `ride_status` enum('active','end') NOT NULL,
  `socketID` varchar(250) NOT NULL,
  `curr_let` varchar(100) NOT NULL,
  `curr_long` varchar(100) NOT NULL,
  PRIMARY KEY (`ride_id`)
) ENGINE=InnoDB AUTO_INCREMENT=4 DEFAULT CHARSET=latin1;
/*!40101 SET character_set_client = @saved_cs_client */;

--
-- Dumping data for table `rideDetails`
--

LOCK TABLES `rideDetails` WRITE;
/*!40000 ALTER TABLE `rideDetails` DISABLE KEYS */;
INSERT INTO `rideDetails` VALUES (1,3,1,18,'','2020-02-26 09:35:37','0000-00-00 00:00:00',5,'28.630124660623441 77.381156311130894,28.596730 77.371450,28.586730 77.371450,28.566179 77.336823,28.586399 77.375923,','28.6300212 77.3812843,28.6300307 77.3812548,28.630022 77.3812809,28.630022 77.3812809,28.6300222 77.3812723,28.6300222 77.3812723,28.6300267 77.3812741,28.6300201 77.3812855,','active','BqR4Qum4GZ3G1ro8AAAK','28.6300201','77.3812855'),(2,20,2,3,'','2020-02-26 16:02:02','0000-00-00 00:00:00',4,'28.630124660623441 77.381156311130894,33.33712417656057 44.32576172053814,33.33654547372654 44.32549014687538,28.586399 77.375923,','33.3195252 44.3100452,','end','','33.3195252','44.3100452'),(3,20,2,3,'','2020-02-26 16:02:11','0000-00-00 00:00:00',4,'28.630124660623441 77.381156311130894,33.33712417656057 44.32576172053814,33.33654547372654 44.32549014687538,28.586399 77.375923,','33.3195276 44.3100457,33.3195043 44.3099499,33.3195048 44.3099519,33.3195051 44.3099532,33.319505 44.3099528,33.319505 44.3099528,33.319505 44.3099528,33.3194418 44.3099285,33.3194 44.3099162,33.3193776 44.3099092,33.3193798 44.3099099,33.3193797 44.3099099,33.3193797 44.3099099,33.3193797 44.3099099,33.3193797 44.3099099,33.3193797 44.3099099,33.3193797 44.3099099,33.3193797 44.3099099,33.3193797 44.3099099,33.3193797 44.3099099,33.3193797 44.3099099,33.3193797 44.3099099,33.3193797 44.3099099,33.3193797 44.3099099,33.3193797 44.3099099,33.3193797 44.3099099,33.3193797 44.3099099,33.3193797 44.3099099,33.3193797 44.3099099,33.3193797 44.3099099,33.3193797 44.3099099,33.3193797 44.3099099,33.3193797 44.3099099,33.3193797 44.3099099,33.3195201 44.3099875,33.319509 44.3099851,33.319509 44.3099851,33.319509 44.3099851,33.3195211 44.3099659,33.3192793 44.309971,33.3193529 44.3100592,33.3195191 44.3100326,33.31954 44.3100023,33.3195481 44.309991,33.3195498 44.3099836,33.3195438 44.3099422,33.3195442 44.3099449,33.3195442 44.3099449,33.3195442 44.3099449,33.3195442 44.3099449,33.3195442 44.3099449,33.3195442 44.3099449,33.3195442 44.3099449,33.3195442 44.3099449,33.3195117 44.310024,33.3195124 44.3100222,33.3195123 44.3100226,33.3195123 44.3100226,33.3195123 44.3100226,33.3195123 44.3100226,33.3195123 44.3100226,33.3195123 44.3100226,33.3195123 44.3100226,33.3195123 44.3100226,33.3195123 44.3100226,33.3195123 44.3100226,33.3195123 44.3100226,33.3195123 44.3100226,33.3195123 44.3100226,33.3195123 44.3100226,33.3195123 44.3100226,33.3195123 44.3100226,33.3195123 44.3100226,33.3195123 44.3100226,33.3195123 44.3100226,33.3195123 44.3100226,33.3195123 44.3100226,33.3195123 44.3100226,33.3195123 44.3100226,33.3195123 44.3100226,33.3195123 44.3100226,33.3195123 44.3100226,33.3195123 44.3100226,33.3195123 44.3100226,33.3195123 44.3100226,33.3195123 44.3100226,33.3195123 44.3100226,33.3195123 44.3100226,33.3195123 44.3100226,33.3195123 44.3100226,33.3195123 44.3100226,33.3195123 44.3100226,33.3195123 44.3100226,33.3195123 44.3100226,33.3195123 44.3100226,33.3195123 44.3100226,33.3195123 44.3100226,33.3195123 44.3100226,33.3195123 44.3100226,33.3195123 44.3100226,33.3195123 44.3100226,33.3195123 44.3100226,33.3195123 44.3100226,33.3195123 44.3100226,33.3195123 44.3100226,33.3195123 44.3100226,33.3195123 44.3100226,33.3195123 44.3100226,33.3195123 44.3100226,33.3195123 44.3100226,33.3195123 44.3100226,33.3195123 44.3100226,33.3195123 44.3100226,33.3195123 44.3100226,33.3195123 44.3100226,33.3195123 44.3100226,33.3195123 44.3100226,33.3195123 44.3100226,33.3195123 44.3100226,33.3195123 44.3100226,33.3195123 44.3100226,33.3195123 44.3100226,33.3195123 44.3100226,33.3195123 44.3100226,33.3195123 44.3100226,33.3195123 44.3100226,33.3195123 44.3100226,33.3195123 44.3100226,33.3195123 44.3100226,33.3195123 44.3100226,33.3195123 44.3100226,33.3194565 44.3098916,33.3194595 44.3098986,33.3194595 44.3098987,33.3194595 44.3098986,33.3194595 44.3098986,33.3194595 44.3098986,33.3194595 44.3098986,33.3194595 44.3098986,33.3194595 44.3098986,33.3194595 44.3098986,33.3194595 44.3098986,33.3194595 44.3098986,33.3194595 44.3098986,33.3194595 44.3098986,33.3194595 44.3098986,33.3194595 44.3098986,33.3194595 44.3098986,33.3194595 44.3098986,33.3194595 44.3098986,33.3194595 44.3098986,33.3194595 44.3098986,33.3194595 44.3098986,33.3194595 44.3098986,33.3194595 44.3098986,33.3194595 44.3098986,33.3194595 44.3098986,33.3194595 44.3098986,33.3194595 44.3098986,33.3194595 44.3098986,33.3194595 44.3098986,33.3194595 44.3098986,33.3194595 44.3098986,33.3194595 44.3098986,33.3194595 44.3098986,33.3194595 44.3098986,33.3194595 44.3098986,33.3194595 44.3098986,33.3194595 44.3098986,33.3194595 44.3098986,33.3194595 44.3098986,33.3194595 44.3098986,33.3194595 44.3098986,33.3194595 44.3098986,33.3194595 44.3098986,33.319583 44.3102163,33.3195743 44.3101939,33.3195703 44.3101836,33.3195709 44.3101853,33.3195709 44.3101852,33.3195709 44.3101852,33.3196372 44.3104669,33.3196313 44.3104419,33.3196297 44.3104351,33.3196299 44.3104361,33.3196299 44.3104361,33.3196299 44.3104361,33.3196299 44.3104361,33.3196299 44.3104361,33.3196299 44.3104361,33.3196299 44.3104361,33.3196299 44.3104361,33.3196299 44.3104361,33.3196299 44.3104361,33.3196299 44.3104361,33.3196299 44.3104361,33.3196299 44.3104361,33.3196299 44.3104361,33.3196299 44.3104361,33.3196299 44.3104361,33.3196299 44.3104361,33.3196299 44.3104361,33.3196299 44.3104361,33.3196299 44.3104361,33.3196299 44.3104361,33.3196299 44.3104361,33.3196299 44.3104361,33.3196299 44.3104361,33.3196299 44.3104361,33.3196299 44.3104361,33.3196299 44.3104361,33.3196299 44.3104361,33.3196299 44.3104361,33.3196299 44.3104361,33.3196299 44.3104361,33.3196299 44.3104361,33.3196299 44.3104361,33.3196299 44.3104361,33.3196299 44.3104361,33.3196299 44.3104361,33.3196299 44.3104361,33.3196299 44.3104361,33.3196299 44.3104361,33.3196299 44.3104361,33.3196299 44.3104361,33.3196299 44.3104361,33.3196299 44.3104361,33.3196299 44.3104361,33.3196299 44.3104361,33.3196299 44.3104361,33.3196299 44.3104361,33.3196299 44.3104361,33.3196299 44.3104361,33.3196299 44.3104361,33.3196299 44.3104361,33.3196299 44.3104361,33.3196299 44.3104361,33.3196299 44.3104361,33.3196299 44.3104361,33.3196299 44.3104361,33.3196299 44.3104361,33.3196299 44.3104361,33.3196299 44.3104361,33.3196299 44.3104361,33.3196299 44.3104361,33.3196299 44.3104361,33.3195215 44.3100695,33.3195215 44.3100695,33.3193829 44.310016,33.3193346 44.3099803,33.3193956 44.310015,33.3194434 44.3100288,33.3194321 44.3100235,33.3195141 44.3100372,33.3195364 44.310041,33.3195276 44.3100395,33.3196352 44.310037,33.3196974 44.3101112,33.3197903 44.3101745,33.3197819 44.3101686,33.3197814 44.3101683,33.3197817 44.3101685,33.3196709 44.3101714,33.3196893 44.3101709,33.3196189 44.3101433,33.319633 44.3101487,33.319633 44.3101487,33.3196329 44.3101487,33.3196329 44.3101487,33.3196329 44.3101487,33.3196329 44.3101487,33.3196329 44.3101487,33.3196329 44.3101487,33.3196329 44.3101487,33.3196329 44.3101487,33.3196329 44.3101487,33.3196329 44.3101487,33.3196329 44.3101487,33.3196329 44.3101487,33.3196329 44.3101487,33.3196329 44.3101487,33.3196329 44.3101487,33.3196329 44.3101487,33.3196329 44.3101487,33.3196329 44.3101487,33.3196329 44.3101487,33.3196329 44.3101487,33.3196329 44.3101487,33.3196329 44.3101487,33.3196329 44.3101487,33.3196329 44.3101487,33.3196329 44.3101487,33.3196329 44.3101487,33.3196329 44.3101487,33.3196329 44.3101487,33.3196329 44.3101487,33.3196329 44.3101487,33.3196329 44.3101487,33.3196329 44.3101487,33.3196329 44.3101487,33.3196329 44.3101487,33.3196329 44.3101487,33.3196329 44.3101487,33.3196329 44.3101487,33.3196329 44.3101487,33.3196329 44.3101487,33.3196329 44.3101487,33.3196329 44.3101487,33.3196329 44.3101487,33.3196329 44.3101487,33.3196329 44.3101487,33.3196329 44.3101487,33.3196329 44.3101487,33.3196329 44.3101487,33.3196329 44.3101487,33.3196329 44.3101487,33.3196329 44.3101487,33.3196329 44.3101487,33.3196329 44.3101487,33.3196329 44.3101487,33.3196329 44.3101487,33.3196329 44.3101487,33.3196329 44.3101487,33.3196329 44.3101487,33.3196329 44.3101487,33.3196329 44.3101487,33.3196329 44.3101487,33.3196329 44.3101487,33.3196329 44.3101487,33.3196329 44.3101487,33.3196329 44.3101487,33.3196329 44.3101487,33.3196329 44.3101487,33.3196329 44.3101487,33.3196329 44.3101487,33.3196329 44.3101487,33.3196329 44.3101487,33.3196329 44.3101487,33.3196329 44.3101487,33.3196329 44.3101487,33.3196329 44.3101487,33.3196329 44.3101487,33.3196329 44.3101487,33.3196329 44.3101487,33.3196329 44.3101487,33.3196329 44.3101487,33.3196329 44.3101487,33.3196329 44.3101487,33.3196329 44.3101487,33.3196329 44.3101487,33.3196329 44.3101487,33.3196329 44.3101487,33.3196329 44.3101487,33.3196329 44.3101487,33.3196329 44.3101487,33.3196329 44.3101487,33.3196329 44.3101487,33.3196329 44.3101487,33.3196329 44.3101487,33.3196329 44.3101487,33.319525 44.3099796,','active','Gapgj1A_8_L26YUiAACG','33.319525','44.3099796');
/*!40000 ALTER TABLE `rideDetails` ENABLE KEYS */;
UNLOCK TABLES;

--
-- Table structure for table `rideTracking`
--

DROP TABLE IF EXISTS `rideTracking`;
/*!40101 SET @saved_cs_client     = @@character_set_client */;
/*!40101 SET character_set_client = utf8 */;
CREATE TABLE `rideTracking` (
  `track_id` int(11) NOT NULL AUTO_INCREMENT,
  `ride_id` int(11) NOT NULL,
  `user_id` int(11) NOT NULL,
  `user_socket` varchar(20) NOT NULL,
  `user_start_lat_lon` varchar(200) NOT NULL,
  `create_date` timestamp NOT NULL DEFAULT CURRENT_TIMESTAMP ON UPDATE CURRENT_TIMESTAMP,
  PRIMARY KEY (`track_id`)
) ENGINE=InnoDB DEFAULT CHARSET=latin1;
/*!40101 SET character_set_client = @saved_cs_client */;

--
-- Dumping data for table `rideTracking`
--

LOCK TABLES `rideTracking` WRITE;
/*!40000 ALTER TABLE `rideTracking` DISABLE KEYS */;
/*!40000 ALTER TABLE `rideTracking` ENABLE KEYS */;
UNLOCK TABLES;

--
-- Table structure for table `ride_price_list`
--

DROP TABLE IF EXISTS `ride_price_list`;
/*!40101 SET @saved_cs_client     = @@character_set_client */;
/*!40101 SET character_set_client = utf8 */;
CREATE TABLE `ride_price_list` (
  `id` int(11) NOT NULL AUTO_INCREMENT,
  `title` varchar(200) NOT NULL,
  `area_id` int(11) NOT NULL,
  `minDis` int(30) NOT NULL,
  `maxDis` int(30) NOT NULL,
  `price` int(11) NOT NULL,
  `color` varchar(20) NOT NULL,
  `colorss` varchar(100) NOT NULL,
  `selectedColor` varchar(20) NOT NULL,
  `color_code` varchar(20) NOT NULL,
  `car_type_id` int(11) NOT NULL,
  `car_name` varchar(20) NOT NULL,
  PRIMARY KEY (`id`)
) ENGINE=InnoDB AUTO_INCREMENT=11 DEFAULT CHARSET=utf8;
/*!40101 SET character_set_client = @saved_cs_client */;

--
-- Dumping data for table `ride_price_list`
--

LOCK TABLES `ride_price_list` WRITE;
/*!40000 ALTER TABLE `ride_price_list` DISABLE KEYS */;
INSERT INTO `ride_price_list` VALUES (1,'Near',1,0,5,0,'Blue Gray','green','#60af1a','#d6eedc',1,'Mini Bus'),(2,'Close',4,5,10,85000,'palevioletred','orange','#60af1a','#ffedd8',1,'Mini Bus'),(3,'Mid',3,10,15,95000,'pink','yellow','#60af1a','#ffedd8',1,'Mini Bus'),(4,'Far',2,15,50,105000,'lightpink','pink','#60af1a','#fdcccb',1,'Mini Bus'),(5,'Outside',5,50,100,120000,'red','red',' #ff0000',' #ff0000',1,'Mini Bus'),(6,'Near',1,0,5,100000,'Blue Gray','green','#60af1a','#d6eedc',2,'Private'),(7,'Close',4,5,10,115000,'palevioletred','orange','#60af1a','#ffedd8',2,'Private'),(8,'Mid',3,10,15,130000,'pink','yellow','#60af1a','#ffedd8',2,'Private'),(9,'Far',2,15,50,140000,'lightpink','pink','#60af1a','#fdcccb',2,'Private'),(10,'Outside',5,50,100,150000,'red','red',' #ff0000',' #ff0000',2,'Private');
/*!40000 ALTER TABLE `ride_price_list` ENABLE KEYS */;
UNLOCK TABLES;

--
-- Table structure for table `stage_list`
--

DROP TABLE IF EXISTS `stage_list`;
/*!40101 SET @saved_cs_client     = @@character_set_client */;
/*!40101 SET character_set_client = utf8 */;
CREATE TABLE `stage_list` (
  `id` int(11) NOT NULL AUTO_INCREMENT,
  `name` varchar(200) NOT NULL,
  `title` varchar(100) NOT NULL,
  `message` varchar(300) NOT NULL,
  PRIMARY KEY (`id`)
) ENGINE=InnoDB AUTO_INCREMENT=7 DEFAULT CHARSET=utf8;
/*!40101 SET character_set_client = @saved_cs_client */;

--
-- Dumping data for table `stage_list`
--

LOCK TABLES `stage_list` WRITE;
/*!40000 ALTER TABLE `stage_list` DISABLE KEYS */;
INSERT INTO `stage_list` VALUES (1,'1st','Friday - Saturday','TransPi offer its services to undergraduate college students enrolled in morning studies.'),(2,'2nd','Friday - Sunday','You can’t apply for a university you’re not registered in order to get to your university which is nearby. If we detect that, we’ll DENY your request.'),(3,'3rd','Friday - Tuesday','You can book for your friend to share the same ride by giving him your referral code. Your friend has to be from the same university, same off-days and nearby your home.'),(4,'4th','Friday - Wednesday','Your friend has to confirm the registration through the app within 24 hours of booking. After this time period if your friend HAS NOT confirmed registration. Your registration will be treated individually.'),(5,'5th','Friday - Thursday','After verifying and submitting the booking request. You will be matched with the perfect ride for you. If you cancel your ride after the matching process, you’ll not be able to re-apply for 90 days.'),(6,'','Friday - Monday','');
/*!40000 ALTER TABLE `stage_list` ENABLE KEYS */;
UNLOCK TABLES;

--
-- Table structure for table `student_attendance`
--

DROP TABLE IF EXISTS `student_attendance`;
/*!40101 SET @saved_cs_client     = @@character_set_client */;
/*!40101 SET character_set_client = utf8 */;
CREATE TABLE `student_attendance` (
  `id` int(11) NOT NULL AUTO_INCREMENT,
  `user_id` int(11) NOT NULL,
  `absent_date` date NOT NULL,
  `date_time` timestamp NOT NULL DEFAULT CURRENT_TIMESTAMP ON UPDATE CURRENT_TIMESTAMP,
  PRIMARY KEY (`id`)
) ENGINE=InnoDB AUTO_INCREMENT=54 DEFAULT CHARSET=latin1;
/*!40101 SET character_set_client = @saved_cs_client */;

--
-- Dumping data for table `student_attendance`
--

LOCK TABLES `student_attendance` WRITE;
/*!40000 ALTER TABLE `student_attendance` DISABLE KEYS */;
INSERT INTO `student_attendance` VALUES (1,13,'2019-12-27','2019-12-27 14:40:56'),(2,13,'2019-12-27','2019-12-27 14:47:09'),(3,13,'2019-12-27','2019-12-27 14:47:43'),(4,23,'2019-12-30','2019-12-30 09:25:32'),(5,23,'2019-12-30','2019-12-30 09:26:22'),(6,23,'2019-12-30','2019-12-30 09:26:24'),(7,23,'2019-12-30','2019-12-30 09:27:45'),(8,23,'2019-12-30','2019-12-30 09:27:46'),(9,13,'2019-12-31','2019-12-31 09:24:42'),(10,13,'2019-12-31','2019-12-31 09:26:10'),(11,17,'2020-01-13','2020-01-13 12:50:44'),(12,3,'2020-01-15','2020-01-15 08:56:57'),(13,3,'2020-01-15','2020-01-15 08:56:59'),(14,18,'2020-01-15','2020-01-15 09:31:41'),(15,18,'2020-01-15','2020-01-15 09:31:41'),(16,22,'2020-01-31','2020-01-31 06:44:56'),(17,22,'2020-01-31','2020-01-31 14:46:03'),(18,22,'2020-01-31','2020-01-31 14:46:07'),(19,22,'2020-01-31','2020-01-31 14:46:09'),(20,22,'2020-01-31','2020-01-31 14:46:12'),(21,23,'2020-01-31','2020-01-31 15:07:50'),(22,1,'2020-02-04','2020-02-04 06:24:23'),(23,1,'2020-02-04','2020-02-04 06:24:27'),(24,1,'2020-02-04','2020-02-04 09:45:29'),(25,1,'2020-02-04','2020-02-04 09:45:31'),(26,1,'2020-02-04','2020-02-04 09:48:17'),(27,1,'2020-02-06','2020-02-06 07:21:34'),(28,3,'2020-02-06','2020-02-06 22:30:31'),(29,29,'2020-02-07','2020-02-07 07:26:29'),(30,29,'2020-02-07','2020-02-07 09:37:11'),(31,21,'2020-02-07','2020-02-07 12:35:41'),(32,21,'2020-02-07','2020-02-07 12:39:34'),(33,21,'2020-02-07','2020-02-07 12:42:30'),(34,23,'2020-02-07','2020-02-07 12:43:38'),(35,32,'2020-02-26','2020-02-26 05:29:35'),(36,32,'2020-02-26','2020-02-26 05:29:40'),(37,32,'2020-02-26','2020-02-26 05:29:44'),(38,32,'2020-02-26','2020-02-26 05:41:33'),(39,32,'2020-02-26','2020-02-26 05:41:54'),(40,32,'2020-02-26','2020-02-26 05:41:55'),(41,32,'2020-02-26','2020-02-26 05:42:01'),(42,32,'2020-02-26','2020-02-26 05:42:08'),(43,32,'2020-02-26','2020-02-26 05:43:12'),(44,32,'2020-02-26','2020-02-26 05:43:18'),(45,32,'2020-02-26','2020-02-26 05:43:22'),(46,32,'2020-02-26','2020-02-26 05:43:28'),(47,32,'2020-02-26','2020-02-26 05:43:45'),(48,32,'2020-02-26','2020-02-26 05:43:47'),(49,32,'2020-02-26','2020-02-26 05:46:47'),(50,32,'2020-02-26','2020-02-26 06:30:32'),(51,18,'2020-02-26','2020-02-26 09:49:53'),(52,18,'2020-02-26','2020-02-26 09:52:00'),(53,29,'2020-03-03','2020-03-03 11:34:52');
/*!40000 ALTER TABLE `student_attendance` ENABLE KEYS */;
UNLOCK TABLES;

--
-- Table structure for table `templates`
--

DROP TABLE IF EXISTS `templates`;
/*!40101 SET @saved_cs_client     = @@character_set_client */;
/*!40101 SET character_set_client = utf8 */;
CREATE TABLE `templates` (
  `id` int(11) NOT NULL AUTO_INCREMENT,
  `type` varchar(100) NOT NULL,
  `content` text NOT NULL,
  PRIMARY KEY (`id`)
) ENGINE=InnoDB AUTO_INCREMENT=6 DEFAULT CHARSET=latin1;
/*!40101 SET character_set_client = @saved_cs_client */;

--
-- Dumping data for table `templates`
--

LOCK TABLES `templates` WRITE;
/*!40000 ALTER TABLE `templates` DISABLE KEYS */;
INSERT INTO `templates` VALUES (1,'faq','<h1><span style=\"color:#1f4067\">FAQ</span></h1>\n\n<hr />\n<div class=\"container\">\n<h3>&nbsp;</h3>\n\n<ul>\n	<li>\n	<h3>How does the actual coaching take place?</h3>\n	</li>\n</ul>\n\n<p style=\"margin-left:80px\">Once you book an appointment with a coach, and the coach accepts the appointment, you will see a green video call button appear on the appointment book screen prior to the start time.&nbsp; Simply click this button to initiate the video call with the coach.</p>\n\n<ul>\n	<li>\n	<h3>Do I have to sign up for a subscription?</h3>\n	</li>\n</ul>\n\n<p style=\"margin-left:80px\">No. You only pay for the coaching you have as you need it.</p>\n\n<ul>\n	<li>\n	<h3>Do I get any free coaching when I join?</h3>\n	</li>\n</ul>\n\n<p style=\"margin-left:80px\">Yes. As a new member you automatically receive 90 mins of free coaching, which you can use across multiple coaches. Some coaches however, choose to opt out of this offering, therefore not all coaches offer free sessions to new members.</p>\n\n<ul>\n	<li>\n	<h3>What if I am not ready for coaching?</h3>\n	</li>\n</ul>\n\n<p style=\"margin-left:80px\">The beauty about Sterkla is that we make it easy for you. If you are not ready for coaching, then you can begin learning by following coaches of your choice and receive their posts in your post feed. Our library of Quick Courses are also FREE to try, and only pay for them if you find them valuable.</p>\n\n<ul>\n	<li>\n	<h3>How do I find the right coach for me?</h3>\n	</li>\n</ul>\n\n<p style=\"margin-left:80px\">You can simply enter a keyword for what sort of coach / coaching you are looking for, you can then filter this search by coaching category and or gender. Then you sort the search based on rating, coach level, per minute rate and or personality match. All of this is designed to narrow down your search and help you easily find the right coach.</p>\n\n<ul>\n	<li>\n	<h3>How do I book a session with a coach?</h3>\n	</li>\n</ul>\n\n<p style=\"margin-left:80px\">Once you have found the right coach, you simply select &ldquo;Book&rdquo; in the appointments section or &ldquo;Book Session&rdquo; on your coach profile. Select the duration of the session and then you will be shown available time slots. Once you have selected a time slot, the coach will receive an appointment request, when they accept this request, the appointment status will change to confirmed.</p>\n\n<ul>\n	<li>\n	<h3>What if I need to cancel a booked session?</h3>\n	</li>\n</ul>\n\n<p style=\"margin-left:80px\">You may cancel a confirmed appointment without incurring any cancellation charges, provided that the appointment is cancelled more than 12 (twelve) hours prior to the session. If you cancel within 12 (twelve) hours but more than 4 (four) hours prior to the start time, you will be charged 50% (fifty percent) of the Coaching Fee. If you cancels within 4 (four) hours of the start time, you will be charged 100% (one hundred percent) of the Coaching Fee.</p>\n\n<ul>\n	<li>\n	<h3>What do I have to pay for?</h3>\n	</li>\n</ul>\n\n<p style=\"margin-left:80px\">You only pay when you have coaching or when you purchase a Quick Course.</p>\n\n<ul>\n	<li>\n	<h3>How do I pay?</h3>\n	</li>\n</ul>\n\n<p style=\"margin-left:80px\">You can choose to pay via a credit card or your PayPal account.</p>\n\n<ul>\n	<li>\n	<h3>Do I get rewarded for inviting my friends?</h3>\n	</li>\n</ul>\n\n<p style=\"margin-left:80px\">Yes. You have a unique referral code, if your friends register with this code, you will receive Awareness Rewards, which you can redeem for coaching or Quick Courses.</p>\n\n<ul>\n	<li>\n	<h3>What are Quick Courses?</h3>\n	</li>\n</ul>\n\n<p style=\"margin-left:80px\">Quick Course are online courses that focus&nbsp;on a very specific learning outcome and target a very specific topic.&nbsp;</p>\n\n<ul>\n	<li>\n	<h3>Why can&rsquo;t I purchase a Quick Course in the Mobile App?</h3>\n	</li>\n</ul>\n\n<p style=\"margin-left:80px\">Due to some restricts with Apple, we can only allow&nbsp;you to purchase the Quick Course on our Web App, once you have purchased it then it will show up on the mobile app.</p>\n</div>\n'),(2,'about-us','<h1>ABOUT US</h1>\n\n<p>Thanks for signing up, we are so excited to have you join our Sterkla community.&nbsp; We are on a mission&nbsp;to make coaching accessible to&nbsp;every person on the planet, and so&nbsp;help to awaken the world.&nbsp; We believe that our job is to make it as easy as possible for you to connect with the coaches you need, in the areas in which you need support.</p>\n\n<p>&nbsp;</p>\n\n<hr />\n<p>&nbsp;</p>\n\n<p><span style=\"color:#1f4067\"><strong>Here are a few important points to get you started&hellip;</strong></span></p>\n\n<p>&nbsp;</p>\n\n<h2><span style=\"color:#1f4067\">Free Coaching</span></h2>\n\n<p>As a new member you automatically qualify for 90 minutes of free coaching.&nbsp; While some coaches have opted out of this offering, you can use your free minutes to book coaching sessions with multiple coaches.&nbsp; This gives you the opportunity to experience the platform and their coaching with no risk.</p>\n\n<p>&nbsp;</p>\n\n<h2><span style=\"color:#1f4067\">Video Calling</span></h2>\n\n<p>Once you have booked an appointment with a coach, a video call button will appear just before the session is due to begin.&nbsp; Coaching happens via live video calling, all from within the app or web app.</p>\n\n<p>&nbsp;</p>\n\n<h2><span style=\"color:#1f4067\">Cancelling a Coaching Appointment</span></h2>\n\n<p>Once a coach has accepted your appointment request, it is considered &ldquo;Confirmed&rdquo;.&nbsp; Should you wish you cancel a confirmed appointment, you must cancel it more than 12 hours prior to the start time.&nbsp; Cancellations within 12 hours, but more than 4 hours prior to the sessions will carry a 50% cancellation fee.&nbsp; Any appointments cancelled within 4 hours of the sessions will be charged in full.</p>\n\n<p>&nbsp;</p>\n\n<h2><span style=\"color:#1f4067\">Accessing the Platform</span></h2>\n\n<p>You can access the Sterkla platform via our mobile app,&nbsp;click here to download it from the&nbsp;<a href=\"http://apps.apple.com/us/app/id1472511908\">Apple App Store</a> or&nbsp;click here to download it from the&nbsp;<a href=\"http://play.google.com/store/apps/details?id=com.sterkla.app\">Google Playstore</a>.&nbsp; We also have a web app, <a href=\"https://app.sterkla.comw\">https://app.sterkla.com</a> &nbsp;where you can access most of the mobile app features, including video calling, as you may find it easier to conduct the coaching via your laptop rather than your mobile phone.</p>\n\n<p>&nbsp;</p>\n\n<h2><span style=\"color:#1f4067\">Quick Courses</span></h2>\n\n<p>In the app we have a library of Quick Courses.&nbsp; Quick Courses are online courses that focus on a very specific topic, with a very clear learning objective. You can try 30% of any Quick Course for free, which you can do from the mobile app or web app.&nbsp; You will, however, need to login to the web app to purchase a Quick Course.&nbsp; Once you have purchased it on the webapp it will automatically be available on your mobile app as well.</p>\n\n<p>&nbsp;</p>\n\n<h2><span style=\"color:#1f4067\">Making Purchases on the Platform</span></h2>\n\n<p>In order to&nbsp;complete purchases on the platform, you will need to register a free PayPal account and add your credit card details. In the mobile app Settings Menus under &ldquo;Billing&rdquo; you will see &ldquo;Setup PayPal Account&rdquo; where you can register your free PayPal account. If you already have a PayPal account, all you need do is Login to Paypal during the checkout process to complete a purchase.</p>\n\n<p>&nbsp;</p>\n\n<h2><span style=\"color:#1f4067\">Awareness Rewards (AR)</span></h2>\n\n<p>In the app you have your own unique invite code, you can use this to invite your friends to Sterkla.&nbsp; When one of your friends registers with your code and has their first paid coaching session or purchases their first Quick Course, you will receive AR50 which you can redeem for coaching or Quick Courses.&nbsp; AR10 = $1.</p>\n\n<p>&nbsp;</p>\n\n<h2><span style=\"color:#1f4067\">Member Badges</span></h2>\n\n<p>We have four different badges that you can achieve based on how much coaching you have had, so that coaches know how serious you are about you own growth.&nbsp;</p>\n\n<p>&nbsp;</p>\n\n<table border=\"0\" cellpadding=\"1\" cellspacing=\"1\" style=\"width:500px\">\n	<tbody>\n		<tr>\n			<td><span style=\"color:#1f4067\"><strong><img alt=\"\" src=\"https://app.sterkla.com/upload_temp/1573470942_upload.png\" style=\"float:left; height:71px; width:71px\" /></strong></span></td>\n			<td>\n			<p><span style=\"color:#1f4067\"><strong>Rookie</strong></span></p>\n\n			<p>Rookies have had less than 10 hours of coaching and are beginning their exciting journey of self-discovery, as they move towards becoming Explorers!</p>\n			</td>\n		</tr>\n		<tr>\n			<td><span style=\"color:#1f4067\"><strong><img alt=\"\" src=\"https://app.sterkla.com/upload_temp/1573470977_upload.png\" style=\"float:left; height:71px; width:71px\" /></strong></span></td>\n			<td>\n			<p><br />\n			<span style=\"color:#1f4067\"><strong>Explorer</strong></span></p>\n\n			<p>Explorers have had between 10 - 60 hours of coaching and are fast building self-awareness, as they move towards becoming Awakening Explorers!</p>\n			</td>\n		</tr>\n		<tr>\n			<td><span style=\"color:#1f4067\"><strong><img alt=\"\" src=\"https://app.sterkla.com/upload_temp/1573471003_upload.png\" style=\"float:left; height:69px; width:69px\" /></strong></span></td>\n			<td>\n			<p>&nbsp;</p>\n\n			<p><span style=\"color:#1f4067\"><strong>Awakening Explorer</strong></span></p>\n\n			<p>Awakening Explorers have had between 60 - 100 hours of coaching and are beginning to enter self-mastery, as they progress towards becoming Enlightened Masters!</p>\n			</td>\n		</tr>\n		<tr>\n			<td><span style=\"color:#1f4067\"><strong><img alt=\"\" src=\"https://app.sterkla.com/upload_temp/1573471023_upload.png\" style=\"float:left; height:70px; width:70px\" /></strong></span></td>\n			<td>\n			<p>&nbsp;</p>\n\n			<p><span style=\"color:#1f4067\"><strong>Enlightened Master</strong></span></p>\n\n			<p>Enlightened Masters have had more than 100 hours of coaching and are changing the world with their wisdom!</p>\n			</td>\n		</tr>\n	</tbody>\n</table>\n\n<p>&nbsp;</p>\n\n<h2><span style=\"color:#1f4067\">Coach Badges</span></h2>\n\n<p>We have four different badges that the coaches can achieve based on their&nbsp;experience on the Sterkla platform.&nbsp;</p>\n\n<p>&nbsp;</p>\n\n<table border=\"0\" cellpadding=\"1\" cellspacing=\"1\" style=\"width:500px\">\n	<tbody>\n		<tr>\n			<td><span style=\"color:#1f4067\"><strong><img alt=\"\" src=\"https://app.sterkla.com/upload_temp/1573471381_upload.png\" style=\"float:left; height:73px; width:73px\" /></strong></span></td>\n			<td>\n			<p><span style=\"color:#1f4067\"><strong>Bright Spark</strong></span></p>\n\n			<p>Bright Sparks are super smart coaches who are still building their experience on Sterkla and have less than 150 hours of Sterkla coaching experience!</p>\n			</td>\n		</tr>\n		<tr>\n			<td><span style=\"color:#1f4067\"><strong><img alt=\"\" src=\"https://app.sterkla.com/upload_temp/1573471439_upload.png\" style=\"float:left; height:71px; width:71px\" /></strong></span></td>\n			<td>\n			<p><br />\n			<span style=\"color:#1f4067\"><strong>Rising Star</strong></span></p>\n\n			<p>Rising Stars are coaches who are beginning to shine with their growing experience and skills and have between 150 - 400 hours of coaching experience on Sterkla!</p>\n			</td>\n		</tr>\n		<tr>\n			<td><span style=\"color:#1f4067\"><strong><img alt=\"\" src=\"https://app.sterkla.com/upload_temp/1573471458_upload.png\" style=\"float:left; height:70px; width:70px\" /></strong></span></td>\n			<td>\n			<p>&nbsp;</p>\n\n			<p><span style=\"color:#1f4067\"><strong>Shooting Star</strong></span></p>\n\n			<p>Shooting Stars are coaches who are really standing out through their brilliance and amazing experience.&nbsp; They have between 400 - 1000 hours of coaching experience on Sterkla!</p>\n			</td>\n		</tr>\n		<tr>\n			<td><span style=\"color:#1f4067\"><strong><img alt=\"\" src=\"https://app.sterkla.com/upload_temp/1573471475_upload.png\" style=\"float:left; height:70px; width:70px\" /></strong></span></td>\n			<td>\n			<p>&nbsp;</p>\n\n			<p><span style=\"color:#1f4067\"><strong>Super Star</strong></span></p>\n\n			<p>Super Stars are our most experienced coaches and are awakening the world with their coaching superpowers, they have over 1000 hours of coaching experience on Sterkla!</p>\n			</td>\n		</tr>\n	</tbody>\n</table>\n\n<p>&nbsp;</p>\n\n<p>Once again, welcome to Sterkla and congratulations on taking the first step on your amazing journey of self-discovery.&nbsp; We are always here to help whenever you need us, simply contact us at <a href=\"mailto:members@sterkla.com\">members@sterkla.com</a> or for general support <a href=\"mailto:support@sterkla.com\">support@sterkla.com</a>.</p>\n\n<p>&nbsp;</p>\n'),(3,'privacy-policy','<h1>Privacy Policy</h1>\n\n<p>Thanks for signing up, we are so excited to have you join our Sterkla community.&nbsp; We are on a mission&nbsp;to make coaching accessible to&nbsp;every person on the planet, and so&nbsp;help to awaken the world.&nbsp; We believe that our job is to make it as easy as possible for you to connect with the coaches you need, in the areas in which you need support.</p>\n\n<p>&nbsp;</p>\n\n<hr />\n<p>&nbsp;</p>\n\n<p><span style=\"color:#1f4067\"><strong>Here are a few important points to get you started&hellip;</strong></span></p>\n\n<p>&nbsp;</p>\n\n<h2><span style=\"color:#1f4067\">Free Coaching</span></h2>\n\n<p>As a new member you automatically qualify for 90 minutes of free coaching.&nbsp; While some coaches have opted out of this offering, you can use your free minutes to book coaching sessions with multiple coaches.&nbsp; This gives you the opportunity to experience the platform and their coaching with no risk.</p>\n\n<p>&nbsp;</p>\n\n<h2><span style=\"color:#1f4067\">Video Calling</span></h2>\n\n<p>Once you have booked an appointment with a coach, a video call button will appear just before the session is due to begin.&nbsp; Coaching happens via live video calling, all from within the app or web app.</p>\n\n<p>&nbsp;</p>\n\n<h2><span style=\"color:#1f4067\">Cancelling a Coaching Appointment</span></h2>\n\n<p>Once a coach has accepted your appointment request, it is considered &ldquo;Confirmed&rdquo;.&nbsp; Should you wish you cancel a confirmed appointment, you must cancel it more than 12 hours prior to the start time.&nbsp; Cancellations within 12 hours, but more than 4 hours prior to the sessions will carry a 50% cancellation fee.&nbsp; Any appointments cancelled within 4 hours of the sessions will be charged in full.</p>\n\n<p>&nbsp;</p>\n\n<h2><span style=\"color:#1f4067\">Accessing the Platform</span></h2>\n\n<p>You can access the Sterkla platform via our mobile app,&nbsp;click here to download it from the&nbsp;<a href=\"http://apps.apple.com/us/app/id1472511908\">Apple App Store</a> or&nbsp;click here to download it from the&nbsp;<a href=\"http://play.google.com/store/apps/details?id=com.sterkla.app\">Google Playstore</a>.&nbsp; We also have a web app, <a href=\"https://app.sterkla.comw\">https://app.sterkla.com</a> &nbsp;where you can access most of the mobile app features, including video calling, as you may find it easier to conduct the coaching via your laptop rather than your mobile phone.</p>\n\n<p>&nbsp;</p>\n\n<h2><span style=\"color:#1f4067\">Quick Courses</span></h2>\n\n<p>In the app we have a library of Quick Courses.&nbsp; Quick Courses are online courses that focus on a very specific topic, with a very clear learning objective. You can try 30% of any Quick Course for free, which you can do from the mobile app or web app.&nbsp; You will, however, need to login to the web app to purchase a Quick Course.&nbsp; Once you have purchased it on the webapp it will automatically be available on your mobile app as well.</p>\n\n<p>&nbsp;</p>\n\n<h2><span style=\"color:#1f4067\">Making Purchases on the Platform</span></h2>\n\n<p>In order to&nbsp;complete purchases on the platform, you will need to register a free PayPal account and add your credit card details. In the mobile app Settings Menus under &ldquo;Billing&rdquo; you will see &ldquo;Setup PayPal Account&rdquo; where you can register your free PayPal account. If you already have a PayPal account, all you need do is Login to Paypal during the checkout process to complete a purchase.</p>\n\n<p>&nbsp;</p>\n\n<h2><span style=\"color:#1f4067\">Awareness Rewards (AR)</span></h2>\n\n<p>In the app you have your own unique invite code, you can use this to invite your friends to Sterkla.&nbsp; When one of your friends registers with your code and has their first paid coaching session or purchases their first Quick Course, you will receive AR50 which you can redeem for coaching or Quick Courses.&nbsp; AR10 = $1.</p>\n\n<p>&nbsp;</p>\n\n<h2><span style=\"color:#1f4067\">Member Badges</span></h2>\n\n<p>We have four different badges that you can achieve based on how much coaching you have had, so that coaches know how serious you are about you own growth.&nbsp;</p>\n\n<p>&nbsp;</p>\n\n<table border=\"0\" cellpadding=\"1\" cellspacing=\"1\" style=\"width:500px\">\n	<tbody>\n		<tr>\n			<td><span style=\"color:#1f4067\"><strong><img alt=\"\" src=\"https://app.sterkla.com/upload_temp/1573470942_upload.png\" style=\"float:left; height:71px; width:71px\" /></strong></span></td>\n			<td>\n			<p><span style=\"color:#1f4067\"><strong>Rookie</strong></span></p>\n\n			<p>Rookies have had less than 10 hours of coaching and are beginning their exciting journey of self-discovery, as they move towards becoming Explorers!</p>\n			</td>\n		</tr>\n		<tr>\n			<td><span style=\"color:#1f4067\"><strong><img alt=\"\" src=\"https://app.sterkla.com/upload_temp/1573470977_upload.png\" style=\"float:left; height:71px; width:71px\" /></strong></span></td>\n			<td>\n			<p><br />\n			<span style=\"color:#1f4067\"><strong>Explorer</strong></span></p>\n\n			<p>Explorers have had between 10 - 60 hours of coaching and are fast building self-awareness, as they move towards becoming Awakening Explorers!</p>\n			</td>\n		</tr>\n		<tr>\n			<td><span style=\"color:#1f4067\"><strong><img alt=\"\" src=\"https://app.sterkla.com/upload_temp/1573471003_upload.png\" style=\"float:left; height:69px; width:69px\" /></strong></span></td>\n			<td>\n			<p>&nbsp;</p>\n\n			<p><span style=\"color:#1f4067\"><strong>Awakening Explorer</strong></span></p>\n\n			<p>Awakening Explorers have had between 60 - 100 hours of coaching and are beginning to enter self-mastery, as they progress towards becoming Enlightened Masters!</p>\n			</td>\n		</tr>\n		<tr>\n			<td><span style=\"color:#1f4067\"><strong><img alt=\"\" src=\"https://app.sterkla.com/upload_temp/1573471023_upload.png\" style=\"float:left; height:70px; width:70px\" /></strong></span></td>\n			<td>\n			<p>&nbsp;</p>\n\n			<p><span style=\"color:#1f4067\"><strong>Enlightened Master</strong></span></p>\n\n			<p>Enlightened Masters have had more than 100 hours of coaching and are changing the world with their wisdom!</p>\n			</td>\n		</tr>\n	</tbody>\n</table>\n\n<p>&nbsp;</p>\n\n<h2><span style=\"color:#1f4067\">Coach Badges</span></h2>\n\n<p>We have four different badges that the coaches can achieve based on their&nbsp;experience on the Sterkla platform.&nbsp;</p>\n\n<p>&nbsp;</p>\n\n<table border=\"0\" cellpadding=\"1\" cellspacing=\"1\" style=\"width:500px\">\n	<tbody>\n		<tr>\n			<td><span style=\"color:#1f4067\"><strong><img alt=\"\" src=\"https://app.sterkla.com/upload_temp/1573471381_upload.png\" style=\"float:left; height:73px; width:73px\" /></strong></span></td>\n			<td>\n			<p><span style=\"color:#1f4067\"><strong>Bright Spark</strong></span></p>\n\n			<p>Bright Sparks are super smart coaches who are still building their experience on Sterkla and have less than 150 hours of Sterkla coaching experience!</p>\n			</td>\n		</tr>\n		<tr>\n			<td><span style=\"color:#1f4067\"><strong><img alt=\"\" src=\"https://app.sterkla.com/upload_temp/1573471439_upload.png\" style=\"float:left; height:71px; width:71px\" /></strong></span></td>\n			<td>\n			<p><br />\n			<span style=\"color:#1f4067\"><strong>Rising Star</strong></span></p>\n\n			<p>Rising Stars are coaches who are beginning to shine with their growing experience and skills and have between 150 - 400 hours of coaching experience on Sterkla!</p>\n			</td>\n		</tr>\n		<tr>\n			<td><span style=\"color:#1f4067\"><strong><img alt=\"\" src=\"https://app.sterkla.com/upload_temp/1573471458_upload.png\" style=\"float:left; height:70px; width:70px\" /></strong></span></td>\n			<td>\n			<p>&nbsp;</p>\n\n			<p><span style=\"color:#1f4067\"><strong>Shooting Star</strong></span></p>\n\n			<p>Shooting Stars are coaches who are really standing out through their brilliance and amazing experience.&nbsp; They have between 400 - 1000 hours of coaching experience on Sterkla!</p>\n			</td>\n		</tr>\n		<tr>\n			<td><span style=\"color:#1f4067\"><strong><img alt=\"\" src=\"https://app.sterkla.com/upload_temp/1573471475_upload.png\" style=\"float:left; height:70px; width:70px\" /></strong></span></td>\n			<td>\n			<p>&nbsp;</p>\n\n			<p><span style=\"color:#1f4067\"><strong>Super Star</strong></span></p>\n\n			<p>Super Stars are our most experienced coaches and are awakening the world with their coaching superpowers, they have over 1000 hours of coaching experience on Sterkla!</p>\n			</td>\n		</tr>\n	</tbody>\n</table>\n\n<p>&nbsp;</p>\n\n<p>Once again, welcome to Sterkla and congratulations on taking the first step on your amazing journey of self-discovery.&nbsp; We are always here to help whenever you need us, simply contact us at <a href=\"mailto:members@sterkla.com\">members@sterkla.com</a> or for general support <a href=\"mailto:support@sterkla.com\">support@sterkla.com</a>.</p>\n\n<p>&nbsp;</p>\n\n<p>&nbsp;</p>\n'),(4,'terms-condition','<p>Terms Condition</p>\n\n<p>Thanks for signing up, we are so excited to have you join our Sterkla community.&nbsp; We are on a mission&nbsp;to make coaching accessible to&nbsp;every person on the planet, and so&nbsp;help to awaken the world.&nbsp; We believe that our job is to make it as easy as possible for you to connect with the coaches you need, in the areas in which you need support.</p>\n\n<p>&nbsp;</p>\n\n<hr />\n<p>&nbsp;</p>\n\n<p><span style=\"color:#1f4067\"><strong>Here are a few important points to get you started&hellip;</strong></span></p>\n\n<p>&nbsp;</p>\n\n<h2><span style=\"color:#1f4067\">Free Coaching</span></h2>\n\n<p>As a new member you automatically qualify for 90 minutes of free coaching.&nbsp; While some coaches have opted out of this offering, you can use your free minutes to book coaching sessions with multiple coaches.&nbsp; This gives you the opportunity to experience the platform and their coaching with no risk.</p>\n\n<p>&nbsp;</p>\n\n<h2><span style=\"color:#1f4067\">Video Calling</span></h2>\n\n<p>Once you have booked an appointment with a coach, a video call button will appear just before the session is due to begin.&nbsp; Coaching happens via live video calling, all from within the app or web app.</p>\n\n<p>&nbsp;</p>\n\n<h2><span style=\"color:#1f4067\">Cancelling a Coaching Appointment</span></h2>\n\n<p>Once a coach has accepted your appointment request, it is considered &ldquo;Confirmed&rdquo;.&nbsp; Should you wish you cancel a confirmed appointment, you must cancel it more than 12 hours prior to the start time.&nbsp; Cancellations within 12 hours, but more than 4 hours prior to the sessions will carry a 50% cancellation fee.&nbsp; Any appointments cancelled within 4 hours of the sessions will be charged in full.</p>\n\n<p>&nbsp;</p>\n\n<h2><span style=\"color:#1f4067\">Accessing the Platform</span></h2>\n\n<p>You can access the Sterkla platform via our mobile app,&nbsp;click here to download it from the&nbsp;<a href=\"http://apps.apple.com/us/app/id1472511908\">Apple App Store</a> or&nbsp;click here to download it from the&nbsp;<a href=\"http://play.google.com/store/apps/details?id=com.sterkla.app\">Google Playstore</a>.&nbsp; We also have a web app, <a href=\"https://app.sterkla.comw\">https://app.sterkla.com</a> &nbsp;where you can access most of the mobile app features, including video calling, as you may find it easier to conduct the coaching via your laptop rather than your mobile phone.</p>\n\n<p>&nbsp;</p>\n\n<h2><span style=\"color:#1f4067\">Quick Courses</span></h2>\n\n<p>In the app we have a library of Quick Courses.&nbsp; Quick Courses are online courses that focus on a very specific topic, with a very clear learning objective. You can try 30% of any Quick Course for free, which you can do from the mobile app or web app.&nbsp; You will, however, need to login to the web app to purchase a Quick Course.&nbsp; Once you have purchased it on the webapp it will automatically be available on your mobile app as well.</p>\n\n<p>&nbsp;</p>\n\n<h2><span style=\"color:#1f4067\">Making Purchases on the Platform</span></h2>\n\n<p>In order to&nbsp;complete purchases on the platform, you will need to register a free PayPal account and add your credit card details. In the mobile app Settings Menus under &ldquo;Billing&rdquo; you will see &ldquo;Setup PayPal Account&rdquo; where you can register your free PayPal account. If you already have a PayPal account, all you need do is Login to Paypal during the checkout process to complete a purchase.</p>\n\n<p>&nbsp;</p>\n\n<h2><span style=\"color:#1f4067\">Awareness Rewards (AR)</span></h2>\n\n<p>In the app you have your own unique invite code, you can use this to invite your friends to Sterkla.&nbsp; When one of your friends registers with your code and has their first paid coaching session or purchases their first Quick Course, you will receive AR50 which you can redeem for coaching or Quick Courses.&nbsp; AR10 = $1.</p>\n\n<p>&nbsp;</p>\n\n<h2><span style=\"color:#1f4067\">Member Badges</span></h2>\n\n<p>We have four different badges that you can achieve based on how much coaching you have had, so that coaches know how serious you are about you own growth.&nbsp;</p>\n\n<p>&nbsp;</p>\n\n<table border=\"0\" cellpadding=\"1\" cellspacing=\"1\" style=\"width:500px\">\n	<tbody>\n		<tr>\n			<td><span style=\"color:#1f4067\"><strong><img alt=\"\" src=\"https://app.sterkla.com/upload_temp/1573470942_upload.png\" style=\"float:left; height:71px; width:71px\" /></strong></span></td>\n			<td>\n			<p><span style=\"color:#1f4067\"><strong>Rookie</strong></span></p>\n\n			<p>Rookies have had less than 10 hours of coaching and are beginning their exciting journey of self-discovery, as they move towards becoming Explorers!</p>\n			</td>\n		</tr>\n		<tr>\n			<td><span style=\"color:#1f4067\"><strong><img alt=\"\" src=\"https://app.sterkla.com/upload_temp/1573470977_upload.png\" style=\"float:left; height:71px; width:71px\" /></strong></span></td>\n			<td>\n			<p><br />\n			<span style=\"color:#1f4067\"><strong>Explorer</strong></span></p>\n\n			<p>Explorers have had between 10 - 60 hours of coaching and are fast building self-awareness, as they move towards becoming Awakening Explorers!</p>\n			</td>\n		</tr>\n		<tr>\n			<td><span style=\"color:#1f4067\"><strong><img alt=\"\" src=\"https://app.sterkla.com/upload_temp/1573471003_upload.png\" style=\"float:left; height:69px; width:69px\" /></strong></span></td>\n			<td>\n			<p>&nbsp;</p>\n\n			<p><span style=\"color:#1f4067\"><strong>Awakening Explorer</strong></span></p>\n\n			<p>Awakening Explorers have had between 60 - 100 hours of coaching and are beginning to enter self-mastery, as they progress towards becoming Enlightened Masters!</p>\n			</td>\n		</tr>\n		<tr>\n			<td><span style=\"color:#1f4067\"><strong><img alt=\"\" src=\"https://app.sterkla.com/upload_temp/1573471023_upload.png\" style=\"float:left; height:70px; width:70px\" /></strong></span></td>\n			<td>\n			<p>&nbsp;</p>\n\n			<p><span style=\"color:#1f4067\"><strong>Enlightened Master</strong></span></p>\n\n			<p>Enlightened Masters have had more than 100 hours of coaching and are changing the world with their wisdom!</p>\n			</td>\n		</tr>\n	</tbody>\n</table>\n\n<p>&nbsp;</p>\n\n<h2><span style=\"color:#1f4067\">Coach Badges</span></h2>\n\n<p>We have four different badges that the coaches can achieve based on their&nbsp;experience on the Sterkla platform.&nbsp;</p>\n\n<p>&nbsp;</p>\n\n<table border=\"0\" cellpadding=\"1\" cellspacing=\"1\" style=\"width:500px\">\n	<tbody>\n		<tr>\n			<td><span style=\"color:#1f4067\"><strong><img alt=\"\" src=\"https://app.sterkla.com/upload_temp/1573471381_upload.png\" style=\"float:left; height:73px; width:73px\" /></strong></span></td>\n			<td>\n			<p><span style=\"color:#1f4067\"><strong>Bright Spark</strong></span></p>\n\n			<p>Bright Sparks are super smart coaches who are still building their experience on Sterkla and have less than 150 hours of Sterkla coaching experience!</p>\n			</td>\n		</tr>\n		<tr>\n			<td><span style=\"color:#1f4067\"><strong><img alt=\"\" src=\"https://app.sterkla.com/upload_temp/1573471439_upload.png\" style=\"float:left; height:71px; width:71px\" /></strong></span></td>\n			<td>\n			<p><br />\n			<span style=\"color:#1f4067\"><strong>Rising Star</strong></span></p>\n\n			<p>Rising Stars are coaches who are beginning to shine with their growing experience and skills and have between 150 - 400 hours of coaching experience on Sterkla!</p>\n			</td>\n		</tr>\n		<tr>\n			<td><span style=\"color:#1f4067\"><strong><img alt=\"\" src=\"https://app.sterkla.com/upload_temp/1573471458_upload.png\" style=\"float:left; height:70px; width:70px\" /></strong></span></td>\n			<td>\n			<p>&nbsp;</p>\n\n			<p><span style=\"color:#1f4067\"><strong>Shooting Star</strong></span></p>\n\n			<p>Shooting Stars are coaches who are really standing out through their brilliance and amazing experience.&nbsp; They have between 400 - 1000 hours of coaching experience on Sterkla!</p>\n			</td>\n		</tr>\n		<tr>\n			<td><span style=\"color:#1f4067\"><strong><img alt=\"\" src=\"https://app.sterkla.com/upload_temp/1573471475_upload.png\" style=\"float:left; height:70px; width:70px\" /></strong></span></td>\n			<td>\n			<p>&nbsp;</p>\n\n			<p><span style=\"color:#1f4067\"><strong>Super Star</strong></span></p>\n\n			<p>Super Stars are our most experienced coaches and are awakening the world with their coaching superpowers, they have over 1000 hours of coaching experience on Sterkla!</p>\n			</td>\n		</tr>\n	</tbody>\n</table>\n\n<p>&nbsp;</p>\n\n<p>Once again, welcome to Sterkla and congratulations on taking the first step on your amazing journey of self-discovery.&nbsp; We are always here to help whenever you need us, simply contact us at <a href=\"mailto:members@sterkla.com\">members@sterkla.com</a> or for general support <a href=\"mailto:support@sterkla.com\">support@sterkla.com</a>.</p>\n\n<p>&nbsp;</p>\n'),(5,'features','<p>Transpi Features</p>\r\n\r\n<p>Thanks for signing up, we are so excited to have you join our Sterkla community.&nbsp; We are on a mission&nbsp;to make coaching accessible to&nbsp;every person on the planet, and so&nbsp;help to awaken the world.&nbsp; We believe that our job is to make it as easy as possible for you to connect with the coaches you need, in the areas in which you need support.</p>\r\n\r\n<p>&nbsp;</p>\r\n\r\n<hr />\r\n<p>&nbsp;</p>\r\n\r\n<p><span style=\"color:#1f4067\"><strong>Here are a few important points to get you started&hellip;</strong></span></p>\r\n\r\n<p>&nbsp;</p>\r\n\r\n<h2><span style=\"color:#1f4067\">Free Coaching</span></h2>\r\n\r\n<p>As a new member you automatically qualify for 90 minutes of free coaching.&nbsp; While some coaches have opted out of this offering, you can use your free minutes to book coaching sessions with multiple coaches.&nbsp; This gives you the opportunity to experience the platform and their coaching with no risk.</p>\r\n\r\n<p>&nbsp;</p>\r\n\r\n<h2><span style=\"color:#1f4067\">Video Calling</span></h2>\r\n\r\n<p>Once you have booked an appointment with a coach, a video call button will appear just before the session is due to begin.&nbsp; Coaching happens via live video calling, all from within the app or web app.</p>\r\n\r\n<p>&nbsp;</p>\r\n\r\n<h2><span style=\"color:#1f4067\">Cancelling a Coaching Appointment</span></h2>\r\n\r\n<p>Once a coach has accepted your appointment request, it is considered &ldquo;Confirmed&rdquo;.&nbsp; Should you wish you cancel a confirmed appointment, you must cancel it more than 12 hours prior to the start time.&nbsp; Cancellations within 12 hours, but more than 4 hours prior to the sessions will carry a 50% cancellation fee.&nbsp; Any appointments cancelled within 4 hours of the sessions will be charged in full.</p>\r\n\r\n<p>&nbsp;</p>\r\n\r\n<h2><span style=\"color:#1f4067\">Accessing the Platform</span></h2>\r\n\r\n<p>You can access the Sterkla platform via our mobile app,&nbsp;click here to download it from the&nbsp;<a href=\"http://apps.apple.com/us/app/id1472511908\">Apple App Store</a> or&nbsp;click here to download it from the&nbsp;<a href=\"http://play.google.com/store/apps/details?id=com.sterkla.app\">Google Playstore</a>.&nbsp; We also have a web app, <a href=\"https://app.sterkla.comw\">https://app.sterkla.com</a> &nbsp;where you can access most of the mobile app features, including video calling, as you may find it easier to conduct the coaching via your laptop rather than your mobile phone.</p>\r\n\r\n<p>&nbsp;</p>\r\n\r\n<h2><span style=\"color:#1f4067\">Quick Courses</span></h2>\r\n\r\n<p>In the app we have a library of Quick Courses.&nbsp; Quick Courses are online courses that focus on a very specific topic, with a very clear learning objective. You can try 30% of any Quick Course for free, which you can do from the mobile app or web app.&nbsp; You will, however, need to login to the web app to purchase a Quick Course.&nbsp; Once you have purchased it on the webapp it will automatically be available on your mobile app as well.</p>\r\n\r\n<p>&nbsp;</p>\r\n\r\n<h2><span style=\"color:#1f4067\">Making Purchases on the Platform</span></h2>\r\n\r\n<p>In order to&nbsp;complete purchases on the platform, you will need to register a free PayPal account and add your credit card details. In the mobile app Settings Menus under &ldquo;Billing&rdquo; you will see &ldquo;Setup PayPal Account&rdquo; where you can register your free PayPal account. If you already have a PayPal account, all you need do is Login to Paypal during the checkout process to complete a purchase.</p>\r\n\r\n<p>&nbsp;</p>\r\n\r\n<h2><span style=\"color:#1f4067\">Awareness Rewards (AR)</span></h2>\r\n\r\n<p>In the app you have your own unique invite code, you can use this to invite your friends to Sterkla.&nbsp; When one of your friends registers with your code and has their first paid coaching session or purchases their first Quick Course, you will receive AR50 which you can redeem for coaching or Quick Courses.&nbsp; AR10 = $1.</p>\r\n\r\n<p>&nbsp;</p>\r\n\r\n<h2><span style=\"color:#1f4067\">Member Badges</span></h2>\r\n\r\n<p>We have four different badges that you can achieve based on how much coaching you have had, so that coaches know how serious you are about you own growth.&nbsp;</p>\r\n\r\n<p>&nbsp;</p>\r\n\r\n<table border=\"0\" cellpadding=\"1\" cellspacing=\"1\" style=\"width:500px\">\r\n	<tbody>\r\n		<tr>\r\n			<td><span style=\"color:#1f4067\"><strong><img alt=\"\" src=\"https://app.sterkla.com/upload_temp/1573470942_upload.png\" style=\"float:left; height:71px; width:71px\" /></strong></span></td>\r\n			<td>\r\n			<p><span style=\"color:#1f4067\"><strong>Rookie</strong></span></p>\r\n\r\n			<p>Rookies have had less than 10 hours of coaching and are beginning their exciting journey of self-discovery, as they move towards becoming Explorers!</p>\r\n			</td>\r\n		</tr>\r\n		<tr>\r\n			<td><span style=\"color:#1f4067\"><strong><img alt=\"\" src=\"https://app.sterkla.com/upload_temp/1573470977_upload.png\" style=\"float:left; height:71px; width:71px\" /></strong></span></td>\r\n			<td>\r\n			<p><br />\r\n			<span style=\"color:#1f4067\"><strong>Explorer</strong></span></p>\r\n\r\n			<p>Explorers have had between 10 - 60 hours of coaching and are fast building self-awareness, as they move towards becoming Awakening Explorers!</p>\r\n			</td>\r\n		</tr>\r\n		<tr>\r\n			<td><span style=\"color:#1f4067\"><strong><img alt=\"\" src=\"https://app.sterkla.com/upload_temp/1573471003_upload.png\" style=\"float:left; height:69px; width:69px\" /></strong></span></td>\r\n			<td>\r\n			<p>&nbsp;</p>\r\n\r\n			<p><span style=\"color:#1f4067\"><strong>Awakening Explorer</strong></span></p>\r\n\r\n			<p>Awakening Explorers have had between 60 - 100 hours of coaching and are beginning to enter self-mastery, as they progress towards becoming Enlightened Masters!</p>\r\n			</td>\r\n		</tr>\r\n		<tr>\r\n			<td><span style=\"color:#1f4067\"><strong><img alt=\"\" src=\"https://app.sterkla.com/upload_temp/1573471023_upload.png\" style=\"float:left; height:70px; width:70px\" /></strong></span></td>\r\n			<td>\r\n			<p>&nbsp;</p>\r\n\r\n			<p><span style=\"color:#1f4067\"><strong>Enlightened Master</strong></span></p>\r\n\r\n			<p>Enlightened Masters have had more than 100 hours of coaching and are changing the world with their wisdom!</p>\r\n			</td>\r\n		</tr>\r\n	</tbody>\r\n</table>\r\n\r\n<p>&nbsp;</p>\r\n\r\n<h2><span style=\"color:#1f4067\">Coach Badges</span></h2>\r\n\r\n<p>We have four different badges that the coaches can achieve based on their&nbsp;experience on the Sterkla platform.&nbsp;</p>\r\n\r\n<p>&nbsp;</p>\r\n\r\n<table border=\"0\" cellpadding=\"1\" cellspacing=\"1\" style=\"width:500px\">\r\n	<tbody>\r\n		<tr>\r\n			<td><span style=\"color:#1f4067\"><strong><img alt=\"\" src=\"https://app.sterkla.com/upload_temp/1573471381_upload.png\" style=\"float:left; height:73px; width:73px\" /></strong></span></td>\r\n			<td>\r\n			<p><span style=\"color:#1f4067\"><strong>Bright Spark</strong></span></p>\r\n\r\n			<p>Bright Sparks are super smart coaches who are still building their experience on Sterkla and have less than 150 hours of Sterkla coaching experience!</p>\r\n			</td>\r\n		</tr>\r\n		<tr>\r\n			<td><span style=\"color:#1f4067\"><strong><img alt=\"\" src=\"https://app.sterkla.com/upload_temp/1573471439_upload.png\" style=\"float:left; height:71px; width:71px\" /></strong></span></td>\r\n			<td>\r\n			<p><br />\r\n			<span style=\"color:#1f4067\"><strong>Rising Star</strong></span></p>\r\n\r\n			<p>Rising Stars are coaches who are beginning to shine with their growing experience and skills and have between 150 - 400 hours of coaching experience on Sterkla!</p>\r\n			</td>\r\n		</tr>\r\n		<tr>\r\n			<td><span style=\"color:#1f4067\"><strong><img alt=\"\" src=\"https://app.sterkla.com/upload_temp/1573471458_upload.png\" style=\"float:left; height:70px; width:70px\" /></strong></span></td>\r\n			<td>\r\n			<p>&nbsp;</p>\r\n\r\n			<p><span style=\"color:#1f4067\"><strong>Shooting Star</strong></span></p>\r\n\r\n			<p>Shooting Stars are coaches who are really standing out through their brilliance and amazing experience.&nbsp; They have between 400 - 1000 hours of coaching experience on Sterkla!</p>\r\n			</td>\r\n		</tr>\r\n		<tr>\r\n			<td><span style=\"color:#1f4067\"><strong><img alt=\"\" src=\"https://app.sterkla.com/upload_temp/1573471475_upload.png\" style=\"float:left; height:70px; width:70px\" /></strong></span></td>\r\n			<td>\r\n			<p>&nbsp;</p>\r\n\r\n			<p><span style=\"color:#1f4067\"><strong>Super Star</strong></span></p>\r\n\r\n			<p>Super Stars are our most experienced coaches and are awakening the world with their coaching superpowers, they have over 1000 hours of coaching experience on Sterkla!</p>\r\n			</td>\r\n		</tr>\r\n	</tbody>\r\n</table>\r\n\r\n<p>&nbsp;</p>\r\n\r\n<p>Once again, welcome to Sterkla and congratulations on taking the first step on your amazing journey of self-discovery.&nbsp; We are always here to help whenever you need us, simply contact us at <a href=\"mailto:members@sterkla.com\">members@sterkla.com</a> or for general support <a href=\"mailto:support@sterkla.com\">support@sterkla.com</a>.</p>\r\n\r\n<p>&nbsp;</p>\r\n');
/*!40000 ALTER TABLE `templates` ENABLE KEYS */;
UNLOCK TABLES;

--
-- Table structure for table `universities`
--

DROP TABLE IF EXISTS `universities`;
/*!40101 SET @saved_cs_client     = @@character_set_client */;
/*!40101 SET character_set_client = utf8 */;
CREATE TABLE `universities` (
  `id` int(11) NOT NULL AUTO_INCREMENT,
  `universitie_name_en` varchar(150) CHARACTER SET utf8 NOT NULL,
  `universitie_name_ar` varchar(200) CHARACTER SET utf8 NOT NULL,
  `codename` varchar(100) NOT NULL,
  `latitude` varchar(100) NOT NULL,
  `longitude` varchar(100) NOT NULL,
  `markerName` int(11) NOT NULL,
  `create_date_time` datetime NOT NULL,
  PRIMARY KEY (`id`)
) ENGINE=InnoDB AUTO_INCREMENT=25 DEFAULT CHARSET=latin1;
/*!40101 SET character_set_client = @saved_cs_client */;

--
-- Dumping data for table `universities`
--

LOCK TABLES `universities` WRITE;
/*!40000 ALTER TABLE `universities` DISABLE KEYS */;
INSERT INTO `universities` VALUES (1,'Iraqi University / Adhamiya','الجامعة العراقية / اعظمية','IqA','33.366783','44.354283',0,'0000-00-00 00:00:00'),(2,'Iraqi University / seven Ibkar','الجامعة العراقية / سبع ابكار','Iq7','33.410832','44.359844',1,'0000-00-00 00:00:00'),(3,'University of Baghdad / Jadriyah Complex',' جامعة بغداد / مجمع الجادرية','Bjad','33.2772501','44.3870099',5,'0000-00-00 00:00:00'),(4,'University of Baghdad','جامعة بغداد / مجمع الكليات باب المعظم','Bbab','33.2712719','44.378263699999934',3,'0000-00-00 00:00:00'),(5,'University of Baghdad / city of medicine','جامعة بغداد / مدينة الطب','Bcity','33.3471746','44.3753673',4,'0000-00-00 00:00:00'),(6,'Faculty of Education for Pure Sciences (Ibn Al Haitham)','كلية التربية للعلوم الصرفة ( ابن الهيثم )','Ibn','33.3132003','44.42942479999999',6,'0000-00-00 00:00:00'),(7,'Technology University','الجامعة التكنولوجية','Techno','33.3069386','44.4400463',7,'0000-00-00 00:00:00'),(8,'Mustansiriya University / Palestine Street Complex','الجامعة المستنصرية / مجمع شارع فلسطين','MustP','33.355026','43.783337',0,'0000-00-00 00:00:00'),(9,'Mustansiriya University / Qadisiyah Complex','الجامعة المستنصرية / مجمع القادسية','MustQ','33.290012','44.351236',0,'0000-00-00 00:00:00'),(10,'Al - Nahrain University','جامعة النهرين / جادرية','Njad','33.2794065','44.3779926',2,'0000-00-00 00:00:00'),(11,'University College of Tigris','كلية دجلة الجامعة','Dijla','35.005853','45.585250',9,'0000-00-00 00:00:00'),(12,'Al - Isra University College / Andalus Square Complex','كلية الاسراء الجامعة / مجمع ساحة الأندلس','Israa','34.197834','45.005872',8,'0000-00-00 00:00:00'),(16,'College of Electrical and Electronic Technology','College of Electrical and Electronic Technology','','33.2579336','44.39587000000006',0,'0000-00-00 00:00:00'),(17,'????? ????','','','33.317379','44.323384',0,'0000-00-00 00:00:00'),(18,'Test Uni','Test Uni','','28.631516','77.345787',0,'0000-00-00 00:00:00'),(20,'XYZ university','XYZ university','','28.631516','77.366825',0,'0000-00-00 00:00:00'),(21,'asd','adsd','','33.370510','43.816983',0,'0000-00-00 00:00:00'),(22,'rrrrrrr','rrrrrrr','','33.361335','43.791233',0,'0000-00-00 00:00:00'),(23,'kdkkfj','kdkkfj','','33.351871','43.784710',0,'0000-00-00 00:00:00'),(24,'ssss','ssss','','33.363915','43.787457',0,'0000-00-00 00:00:00');
/*!40000 ALTER TABLE `universities` ENABLE KEYS */;
UNLOCK TABLES;

--
-- Table structure for table `userOnRide`
--

DROP TABLE IF EXISTS `userOnRide`;
/*!40101 SET @saved_cs_client     = @@character_set_client */;
/*!40101 SET character_set_client = utf8 */;
CREATE TABLE `userOnRide` (
  `id` int(11) NOT NULL AUTO_INCREMENT,
  `ride_id` int(11) NOT NULL,
  `piver_id` int(11) NOT NULL,
  `university_id` int(11) NOT NULL,
  `user_id` int(11) NOT NULL,
  `user_lat` varchar(50) NOT NULL,
  `user_long` varchar(50) NOT NULL,
  `address` varchar(300) NOT NULL,
  `start_time` datetime NOT NULL,
  `socketID` varchar(250) NOT NULL,
  `ride_status` enum('wait','active','end') NOT NULL,
  PRIMARY KEY (`id`)
) ENGINE=InnoDB AUTO_INCREMENT=14 DEFAULT CHARSET=latin1;
/*!40101 SET character_set_client = @saved_cs_client */;

--
-- Dumping data for table `userOnRide`
--

LOCK TABLES `userOnRide` WRITE;
/*!40000 ALTER TABLE `userOnRide` DISABLE KEYS */;
INSERT INTO `userOnRide` VALUES (1,1,3,18,18,'28.630124660623441','77.381156311130894','','2020-02-26 09:51:43','lrIvvb1aM6qmpjVsAAAU','active'),(2,1,3,18,15,'28.596730','77.371450','','0000-00-00 00:00:00','','wait'),(3,1,3,18,30,'28.586730','77.371450','','0000-00-00 00:00:00','','wait'),(4,1,3,18,24,'28.566179','77.336823','','0000-00-00 00:00:00','','wait'),(5,1,3,18,18,'28.586399','77.375923','','2020-02-26 09:51:43','lrIvvb1aM6qmpjVsAAAU','active'),(6,2,20,3,3,'28.630124660623441','77.381156311130894','','0000-00-00 00:00:00','','end'),(7,2,20,3,16,'33.33712417656057','44.32576172053814','','0000-00-00 00:00:00','','end'),(8,2,20,3,3,'33.33654547372654','44.32549014687538','','0000-00-00 00:00:00','','end'),(9,2,20,3,3,'28.586399','77.375923','','0000-00-00 00:00:00','','end'),(10,3,20,3,3,'28.630124660623441','77.381156311130894','','0000-00-00 00:00:00','0XNazTXcLYM7Ir83AAAy','wait'),(11,3,20,3,16,'33.33712417656057','44.32576172053814','','0000-00-00 00:00:00','','wait'),(12,3,20,3,3,'33.33654547372654','44.32549014687538','','0000-00-00 00:00:00','0XNazTXcLYM7Ir83AAAy','wait'),(13,3,20,3,3,'28.586399','77.375923','','0000-00-00 00:00:00','0XNazTXcLYM7Ir83AAAy','wait');
/*!40000 ALTER TABLE `userOnRide` ENABLE KEYS */;
UNLOCK TABLES;

--
-- Table structure for table `user_piver_mapping`
--

DROP TABLE IF EXISTS `user_piver_mapping`;
/*!40101 SET @saved_cs_client     = @@character_set_client */;
/*!40101 SET character_set_client = utf8 */;
CREATE TABLE `user_piver_mapping` (
  `id` int(11) NOT NULL AUTO_INCREMENT,
  `user_id` int(11) NOT NULL,
  `pId` int(11) NOT NULL,
  `piver_id` int(11) NOT NULL,
  `university_id` int(11) NOT NULL,
  `car_id` int(11) NOT NULL,
  `booking_id` int(11) NOT NULL,
  `create_date_time` datetime NOT NULL,
  PRIMARY KEY (`id`)
) ENGINE=InnoDB AUTO_INCREMENT=11 DEFAULT CHARSET=latin1;
/*!40101 SET character_set_client = @saved_cs_client */;

--
-- Dumping data for table `user_piver_mapping`
--

LOCK TABLES `user_piver_mapping` WRITE;
/*!40000 ALTER TABLE `user_piver_mapping` DISABLE KEYS */;
INSERT INTO `user_piver_mapping` VALUES (3,30,113,31,18,1,55,'2020-02-10 05:51:56'),(4,15,113,31,18,1,11,'2020-02-10 05:51:57'),(6,24,113,33,18,1,48,'2020-02-25 08:07:28'),(7,16,116,20,3,2,42,'2020-02-26 16:01:16'),(8,3,116,20,3,2,41,'2020-02-26 16:01:18'),(9,19,114,1,2,1,56,'2020-03-05 12:00:04'),(10,12,114,1,2,1,8,'2020-03-05 12:00:04');
/*!40000 ALTER TABLE `user_piver_mapping` ENABLE KEYS */;
UNLOCK TABLES;

--
-- Table structure for table `user_piver_package`
--

DROP TABLE IF EXISTS `user_piver_package`;
/*!40101 SET @saved_cs_client     = @@character_set_client */;
/*!40101 SET character_set_client = utf8 */;
CREATE TABLE `user_piver_package` (
  `id` int(11) NOT NULL AUTO_INCREMENT,
  `pId` int(11) NOT NULL,
  `user_id` int(11) NOT NULL,
  `piver_id` int(11) NOT NULL,
  `university_id` int(11) NOT NULL,
  `car_id` int(11) NOT NULL,
  `booking_id` int(11) NOT NULL,
  `match_status` int(11) NOT NULL,
  `create_date_time` datetime NOT NULL,
  PRIMARY KEY (`id`)
) ENGINE=InnoDB AUTO_INCREMENT=13 DEFAULT CHARSET=latin1;
/*!40101 SET character_set_client = @saved_cs_client */;

--
-- Dumping data for table `user_piver_package`
--

LOCK TABLES `user_piver_package` WRITE;
/*!40000 ALTER TABLE `user_piver_package` DISABLE KEYS */;
INSERT INTO `user_piver_package` VALUES (3,113,30,31,18,1,55,1,'2020-02-10 05:51:46'),(4,113,15,31,18,1,11,1,'2020-02-10 05:51:46'),(6,113,24,33,18,1,48,1,'2020-02-25 08:06:31'),(7,114,19,1,2,1,56,1,'2020-02-26 06:26:28'),(8,114,12,1,2,1,8,1,'2020-02-26 06:26:50'),(9,115,27,12,1,1,52,0,'2020-02-26 06:27:29'),(10,115,31,12,1,1,57,0,'2020-02-26 06:27:43'),(11,116,16,20,3,2,42,1,'2020-02-26 16:01:06'),(12,116,3,20,3,2,41,1,'2020-02-26 16:01:06');
/*!40000 ALTER TABLE `user_piver_package` ENABLE KEYS */;
UNLOCK TABLES;

--
-- Table structure for table `users`
--

DROP TABLE IF EXISTS `users`;
/*!40101 SET @saved_cs_client     = @@character_set_client */;
/*!40101 SET character_set_client = utf8 */;
CREATE TABLE `users` (
  `user_id` int(11) NOT NULL AUTO_INCREMENT,
  `full_name` varchar(200) NOT NULL,
  `gender` enum('male','female') NOT NULL,
  `dob` date NOT NULL,
  `email` varchar(200) NOT NULL,
  `password` varchar(50) NOT NULL,
  `mobile` varchar(20) NOT NULL,
  `alt_mobile` varchar(20) NOT NULL,
  `device_type` enum('android','ios') NOT NULL,
  `status` enum('active','deactive','block','unblock') NOT NULL,
  `creation_date` datetime NOT NULL,
  `device_id` varchar(250) NOT NULL,
  `access_key` varchar(250) NOT NULL,
  `profile_picture` varchar(200) NOT NULL,
  `ref_code` varchar(10) NOT NULL,
  `attendance_status` enum('yes','no') NOT NULL,
  PRIMARY KEY (`user_id`)
) ENGINE=MyISAM AUTO_INCREMENT=35 DEFAULT CHARSET=utf8;
/*!40101 SET character_set_client = @saved_cs_client */;

--
-- Dumping data for table `users`
--

LOCK TABLES `users` WRITE;
/*!40000 ALTER TABLE `users` DISABLE KEYS */;
INSERT INTO `users` VALUES (1,'akriti','female','2002-01-02','','d8578edf8458ce06fbc5bb76a58c5ca4','863094380922','','ios','active','2020-01-02 08:05:38','12345','d41d8cd98f00b204e9800998ecf8427e','1580973571_profile_picture.jpg','LP76AH8F','no'),(2,'Abhinav Singh','male','1988-01-14','','25d55ad283aa400af464c76d713c07ad','8130300085','','ios','active','2020-01-02 08:38:48','12345','d41d8cd98f00b204e9800998ecf8427e','','F5ICKP4T','yes'),(3,'Ahmed Semir','male','1999-01-29','','d8578edf8458ce06fbc5bb76a58c5ca4','07902262243','','ios','active','2020-01-08 11:22:22','12345','d41d8cd98f00b204e9800998ecf8427e','1579078381_profile_picture.jpg','TAHETZA7','yes'),(18,'Alani','male','1995-01-29','','d8578edf8458ce06fbc5bb76a58c5ca4','07815080666','','ios','active','2020-01-15 09:12:46','12345','d41d8cd98f00b204e9800998ecf8427e','','TRMFOPVO','yes'),(16,'Mohamed ameen','male','1998-03-05','mohamed8ameen@gmail.com','5ee789f5806fdedddaae1f5ffde91a9d','07722688961','','ios','active','2020-01-13 12:13:31','4402AA40B98A6817F4F8A06C741F72DE07D2978B77DA52C643218BB7785B38F9','e3e70f5bd0cfc360c12a4e290d5042f0','1578918319_profile_picture.jpg','T1VOLS18','yes'),(15,'Techugo','male','2020-01-01','dd@gmail.com','25d55ad283aa400af464c76d713c07ad','7777777711','','android','active','2020-01-10 09:39:28','C1B754F93C1CDAADD5C4D7A7F57543EB477CCD65AC20DC6FB0B2C42A09218184','','','32S5627K','yes'),(14,'Asdasdasdasdasd','female','2020-01-01','Asdasdasdasdasd@gmail.com','25d55ad283aa400af464c76d713c07ad','77777777','','ios','active','2020-01-10 08:27:15','4402AA40B98A6817F4F8A06C741F72DE07D2978B77DA52C643218BB7785B38F9','a5676dd727008ee3464e09b51e3565b8','','AUUU611N','yes'),(12,'Ewrwerwerwr','male','2020-01-08','sad@gmail.com','25d55ad283aa400af464c76d713c07ad','212122121212','12222','ios','active','2020-01-09 10:47:29','4402AA40B98A6817F4F8A06C741F72DE07D2978B77DA52C643218BB7785B38F9','3cdbe4b01a72be08524cf3c1fbeb1608','','OMZC5AFX','yes'),(13,'Sadasd Sfddfs','male','2020-01-01','df@g.com','25d55ad283aa400af464c76d713c07ad','1212121212','','ios','active','2020-01-10 04:39:56','4402AA40B98A6817F4F8A06C741F72DE07D2978B77DA52C643218BB7785B38F9','80d050e216fbe8e1fd7b71db9d45fe43','','RLDHSGDD','yes'),(17,'Rose','female','1991-06-21','rnsalih1@gmail.com','8c9ba0fa35d3dae5126122828930f942','07705310079','','ios','active','2020-01-13 12:47:50','4402AA40B98A6817F4F8A06C741F72DE07D2978B77DA52C643218BB7785B38F9','a763dad3433df4a6fffa201dcb7623ea','','N8JNFYW8','yes'),(19,'Raja','male','2015-01-20','raja@gmail.com','25f9e794323b453885f5181f1b624d0b','9910985450','','android','active','2020-01-22 05:45:30','eWi4k357U1g:APA91bHiy4vhy52-cEPCxyCycbPc0eUzVDJl3H2wTtCrsxmoI25xAUjtF0N29DUDYYjL5g8XMgn7WChy4-IDCwRwcnp3poExst1_4kMz2H2SCfrGobOLYWmsDs4OUsjTwJBD7rth_lWf','6abd8c196d9ddd59531a7ff372def730','','TNNNA8A1','yes'),(26,'Kashish','male','1999-02-05','','d8578edf8458ce06fbc5bb76a58c5ca4','8054183455','','ios','active','2020-02-05 04:44:44','12345','d41d8cd98f00b204e9800998ecf8427e','1580879801_profile_picture','QPX7ANID','yes'),(24,'Deeksha Singh','female','1983-08-03','','25d55ad283aa400af464c76d713c07ad','9711002063','','ios','active','2020-02-03 08:28:31','12345','d41d8cd98f00b204e9800998ecf8427e','','DBM2POLM','yes'),(20,'Deep','male','2015-01-30','','e10adc3949ba59abbe56e057f20f883e','9717975164','','ios','active','2020-01-29 09:55:09','12345','d41d8cd98f00b204e9800998ecf8427e','','L8WJECVW','yes'),(21,'Akriti','male','2015-01-30','','e10adc3949ba59abbe56e057f20f883e','7840033848','','ios','active','2020-01-29 10:17:43','12345','d41d8cd98f00b204e9800998ecf8427e','','DHU5S6BR','no'),(22,'Qamar','male','2000-02-20','qamar.abbas@techugo.com','25f9e794323b453885f5181f1b624d0b','9354555287','','ios','active','2020-01-31 06:44:37','4402AA40B98A6817F4F8A06C741F72DE07D2978B77DA52C643218BB7785B38F9','3e65afbcc24278e573518627c1c90ba2','','H77JGV33','yes'),(27,'Ruchi','female','2004-02-04','medesssseksha@gmail.com','25d55ad283aa400af464c76d713c07ad','5555555555','','android','active','2020-02-05 06:19:36','','09acc34d888a70899aea67f3b7fb0418','','PAQ22XWR','yes'),(23,'vishal','male','2014-12-08','vishal.kumar694@gmail.com','25d55ad283aa400af464c76d713c07ad','8789111455','','ios','active','2020-01-31 14:54:41','B14205A8595E4F1CFDC91F3BAFFD40E6174D7C9F527B7EBBB533E8E99D6DF78F','af9e7186d82f6b9eed6d2ee62a382ac8','','PXM7PKFD','no'),(25,'INDRANIL CHATTERJEE','male','1993-01-18','ndrnlchatterjee@gmail.com','d8578edf8458ce06fbc5bb76a58c5ca4','8130728411','','android','active','2020-02-04 04:14:40','','','1580879512_profile_picture.jpg','NQ7LM4RK','yes'),(28,'Ahmed Alani','male','1999-02-02','','d8578edf8458ce06fbc5bb76a58c5ca4','7815080666','7815080666','ios','active','2020-02-07 06:30:39','12345','d41d8cd98f00b204e9800998ecf8427e','','NM291PSN','yes'),(29,'Bah','female','1988-02-08','','d8578edf8458ce06fbc5bb76a58c5ca4','7906745179','7906745179','ios','active','2020-02-07 07:24:05','50DE57D3E479AFDDD55415742CE6CB9EE445F40AA6AB7D2A74F90B887D32E1FC','d41d8cd98f00b204e9800998ecf8427e','1581068319_profile_picture.jpg','S3KABA6M','yes'),(30,'Akriti','female','2002-02-07','','25d55ad283aa400af464c76d713c07ad','8630943809','','ios','active','2020-02-07 11:11:35','12345','d41d8cd98f00b204e9800998ecf8427e','','9X7TQJX4','yes'),(31,'Ashish Mishra','male','1997-02-12','ashishmishracms444@gmail.com','e10adc3949ba59abbe56e057f20f883e','8004386091','','android','active','2020-02-26 03:41:05','','','','R8EHFZCI','yes'),(32,'Priya Chaudhary','female','1996-03-08','','25d55ad283aa400af464c76d713c07ad','8239718216','','ios','deactive','2020-02-26 05:28:55','12345','d41d8cd98f00b204e9800998ecf8427e','1582696170_profile_picture.jpg','SLNVF844','yes'),(33,'Anshu','female','1997-05-29','','4428c6c474502e61151877825bb41961','8860098581','','ios','active','2020-02-26 06:44:17','12345','d41d8cd98f00b204e9800998ecf8427e','','BF4JV1UT','yes'),(34,'Nbvbnm','male','2004-03-11','mnbvcxzxcbn@sdfgh.com','25d55ad283aa400af464c76d713c07ad','1234567897654','2q3w456789765432','android','active','2020-03-19 15:15:08','','3dbc1b0561450a70b2f3879837f44dc8','','O7KIT2FK','yes');
/*!40000 ALTER TABLE `users` ENABLE KEYS */;
UNLOCK TABLES;
/*!40103 SET TIME_ZONE=@OLD_TIME_ZONE */;

/*!40101 SET SQL_MODE=@OLD_SQL_MODE */;
/*!40014 SET FOREIGN_KEY_CHECKS=@OLD_FOREIGN_KEY_CHECKS */;
/*!40014 SET UNIQUE_CHECKS=@OLD_UNIQUE_CHECKS */;
/*!40101 SET CHARACTER_SET_CLIENT=@OLD_CHARACTER_SET_CLIENT */;
/*!40101 SET CHARACTER_SET_RESULTS=@OLD_CHARACTER_SET_RESULTS */;
/*!40101 SET COLLATION_CONNECTION=@OLD_COLLATION_CONNECTION */;
/*!40111 SET SQL_NOTES=@OLD_SQL_NOTES */;

-- Dump completed on 2020-09-04 19:37:54
